CVE,Associated CPE,Priority Tier,Priority Rationale,CVSS V3 Base,EPSS Score,EPSS Percentile,CISA KEV,VulnCheck KEV,Max Exploit Maturity,NVD Published,First Exploit Published,Weaponized Exploit Published,CISA KEV Date Added,VulnCheck KEV Date Added,Ransomware Associated,Botnet Associated,APT Associated,Threat Actors,Description
CVE-2024-0012,cpe:2.3:o:paloaltonetworks:pan-os:11.2.4:h2:*:*:*:*:*:*,Unattributed KEV,Confirmed known-exploited; no specific actor/campaign attribution.,9.8,0.99698,0.99951,True,True,weaponized,2024-11-18T16:15:11.683Z,2024-11-19T00:00:00Z,2024-11-19T00:00:00Z,2024-11-18T00:00:00Z,2024-11-18T00:00:00Z,False,False,False,"China Attribution, Linuxsys, MgBot, Palo Alto Networks PAN-OS Management Interface Authentication Bypass Vulnerability, RA World, UNC5923","An authentication bypass in Palo Alto Networks PAN-OS software enables an unauthenticated attacker with network access to the management web interface to gain PAN-OS administrator privileges to perform administrative actions, tamper with the configuration, or exploit other authenticated privilege escalation vulnerabilities like  CVE-2024-9474 https://security.paloaltonetworks.com/CVE-2024-9474 .

The risk of this issue is greatly reduced if you secure access to the management web interface by restricting access to only trusted internal IP addresses according to our recommended  best practice deployment guidelines https://live.paloaltonetworks.com/t5/community-blogs/tips-amp-tricks-how-to-secure-the-management-access-of-your-palo/ba-p/464431 .

This issue is applicable only to PAN-OS 10.2, PAN-OS 11.0, PAN-OS 11.1, and PAN-OS 11.2 software.

Cloud NGFW and Prisma Access are not impacted by this vulnerability."
CVE-2026-0300,cpe:2.3:o:paloaltonetworks:pan-os:11.2.4:h2:*:*:*:*:*:*,Unattributed KEV,Confirmed known-exploited; no specific actor/campaign attribution.,9.8,0.32074,0.98165,True,True,weaponized,2026-05-06T19:16:35.73Z,,,2026-05-06T00:00:00Z,2026-05-05T00:00:00Z,False,False,False,"China Attribution, Palo Alto Networks PAN-OS Out-of-bounds Write Vulnerability","A buffer overflow vulnerability in the User-ID™ Authentication Portal (aka Captive Portal) service of Palo Alto Networks PAN-OS software allows an unauthenticated attacker to execute arbitrary code with root privileges on the PA-Series and VM-Series firewalls by sending specially crafted packets. 

The risk of this issue is greatly reduced if you secure access to the User-ID™ Authentication Portal per the  best practice guidelines https://knowledgebase.paloaltonetworks.com/KCSArticleDetail  by restricting access to only trusted internal IP addresses.

Prisma Access, Cloud NGFW and Panorama appliances are not impacted by this vulnerability."
CVE-2026-33824,cpe:2.3:o:microsoft:windows_server_2025:10.0.26100.4946:*:*:*:*:*:x64:*,Unattributed KEV,Confirmed known-exploited; no specific actor/campaign attribution.,9.8,0.5585,0.98956,False,True,weaponized,2026-04-14T18:17:34.767Z,2026-04-23T00:00:00Z,,,2026-07-30T00:00:00Z,False,False,False,China Attribution,Double free in Windows IKE Extension allows an unauthorized attacker to execute code over a network.
CVE-2025-59287,cpe:2.3:o:microsoft:windows_server_2025:10.0.26100.4946:*:*:*:*:*:x64:*,Unattributed KEV,Confirmed known-exploited; no specific actor/campaign attribution.,9.8,0.99938,0.99971,True,True,weaponized,2025-10-14T17:16:11.67Z,2025-10-17T00:00:00Z,2025-10-21T00:00:00Z,2025-10-24T00:00:00Z,2025-10-24T00:00:00Z,False,False,False,"China Attribution, Iran Attribution, Microsoft Windows Server Update Service (WSUS) Deserialization of Untrusted Data Vulnerability, SectorB, Veiled Panda",Deserialization of untrusted data in Windows Server Update Service allows an unauthorized attacker to execute code over a network.
CVE-2026-41089,cpe:2.3:o:microsoft:windows_server_2025:10.0.26100.4946:*:*:*:*:*:x64:*,Unattributed KEV,Confirmed known-exploited; no specific actor/campaign attribution.,9.8,0.79622,0.99571,False,True,weaponized,2026-05-12T18:17:20.72Z,2026-06-01T00:00:00Z,,,2026-05-29T00:00:00Z,False,False,False,None,Stack-based buffer overflow in Windows Netlogon allows an unauthorized attacker to execute code over a network.
CVE-2026-0257,cpe:2.3:o:paloaltonetworks:pan-os:11.2.4:h2:*:*:*:*:*:*,Unattributed KEV,Confirmed known-exploited; no specific actor/campaign attribution.,9.1,0.93905,0.99837,True,True,weaponized,2026-05-13T19:17:01.04Z,2026-05-29T00:00:00Z,2026-06-01T00:00:00Z,2026-05-29T00:00:00Z,2026-05-29T00:00:00Z,False,False,False,"Palo Alto Networks PAN-OS Authentication Bypass Vulnerability, Qilin","Authentication bypass vulnerabilities in the GlobalProtect portal and gateway of Palo Alto Networks PAN-OS® software allows the attacker to bypass security restrictions and establish an unauthorized VPN connection.

Panorama and Cloud NGFW are not impacted by these issues."
CVE-2025-0108,cpe:2.3:o:paloaltonetworks:pan-os:11.2.4:h2:*:*:*:*:*:*,Unattributed KEV,Confirmed known-exploited; no specific actor/campaign attribution.,9.1,0.98455,0.99916,True,True,weaponized,2025-02-12T21:15:16.29Z,2025-02-12T00:00:00Z,2025-02-18T00:00:00Z,2025-02-18T00:00:00Z,2025-02-13T00:00:00Z,False,False,False,"Mora_001, Palo Alto Networks PAN-OS Authentication Bypass Vulnerability","An authentication bypass in the Palo Alto Networks PAN-OS software enables an unauthenticated attacker with network access to the management web interface to bypass the authentication otherwise required by the PAN-OS management web interface and invoke certain PHP scripts. While invoking these PHP scripts does not enable remote code execution, it can negatively impact integrity and confidentiality of PAN-OS.

You can greatly reduce the risk of this issue by restricting access to the management web interface to only trusted internal IP addresses according to our recommended  best practices deployment guidelines https://live.paloaltonetworks.com/t5/community-blogs/tips-amp-tricks-how-to-secure-the-management-access-of-your-palo/ba-p/464431 .

This issue does not affect Cloud NGFW or Prisma Access software."
CVE-2026-21510,cpe:2.3:o:microsoft:windows_server_2025:10.0.26100.4946:*:*:*:*:*:x64:*,Unattributed KEV,Confirmed known-exploited; no specific actor/campaign attribution.,8.8,0.25835,0.97798,True,True,weaponized,2026-02-10T18:16:33.17Z,2026-04-23T00:00:00Z,,2026-02-10T00:00:00Z,2026-02-10T00:00:00Z,False,False,False,"Fancy Bear, Microsoft Office Microsoft Office Security Feature Bypass Vulnerability, Microsoft Windows Shell Protection Mechanism Failure Vulnerability, Windows Shell Security Feature Bypass Vulnerability",Protection mechanism failure in Windows Shell allows an unauthorized attacker to bypass a security feature over a network.
CVE-2026-21513,cpe:2.3:o:microsoft:windows_server_2025:10.0.26100.4946:*:*:*:*:*:x64:*,Unattributed KEV,Confirmed known-exploited; no specific actor/campaign attribution.,8.8,0.15384,0.96493,True,True,weaponized,2026-02-10T18:16:33.643Z,2026-02-20T00:00:00Z,2026-03-18T00:00:00Z,2026-02-10T00:00:00Z,2026-02-10T00:00:00Z,False,False,False,"Fancy Bear, MSHTML Framework Security Feature Bypass Vulnerability, Microsoft MSHTML Framework Protection Mechanism Failure Vulnerability, Microsoft Office Microsoft Office Security Feature Bypass Vulnerability, Mythic Leopard, SectorC",Protection mechanism failure in MSHTML Framework allows an unauthorized attacker to bypass a security feature over a network.
CVE-2026-20931,cpe:2.3:o:microsoft:windows_server_2025:10.0.26100.4946:*:*:*:*:*:x64:*,Unattributed KEV,Confirmed known-exploited; no specific actor/campaign attribution.,8.0,0.00786,0.531,False,True,weaponized,2026-01-13T18:16:20.003Z,2026-01-19T00:00:00Z,,,2026-02-24T00:00:00Z,False,False,False,None,External control of file name or path in Windows Telephony Service allows an authorized attacker to elevate privileges over an adjacent network.
CVE-2025-60710,cpe:2.3:o:microsoft:windows_server_2025:10.0.26100.4946:*:*:*:*:*:x64:*,Unattributed KEV,Confirmed known-exploited; no specific actor/campaign attribution.,7.8,0.04598,0.90863,True,True,weaponized,2025-11-11T18:15:39.073Z,2025-11-11T00:00:00Z,,2026-04-13T00:00:00Z,2026-04-13T00:00:00Z,False,False,False,Microsoft Windows Link Following Vulnerability,Improper link resolution before file access ('link following') in Host Process for Windows Tasks allows an authorized attacker to elevate privileges locally.
CVE-2026-21519,cpe:2.3:o:microsoft:windows_server_2025:10.0.26100.4946:*:*:*:*:*:x64:*,Unattributed KEV,Confirmed known-exploited; no specific actor/campaign attribution.,7.8,0.0242,0.82774,True,True,weaponized,2026-02-10T18:16:34.417Z,,,2026-02-10T00:00:00Z,2026-02-10T00:00:00Z,False,False,False,"Desktop Window Manager Elevation of Privilege Vulnerability, Microsoft Windows Desktop Window Manager Elevation of Privilege Vulnerability, Microsoft Windows Type Confusion Vulnerability",Access of resource using incompatible type ('type confusion') in Desktop Window Manager allows an authorized attacker to elevate privileges locally.
CVE-2025-59230,cpe:2.3:o:microsoft:windows_server_2025:10.0.26100.4946:*:*:*:*:*:x64:*,Unattributed KEV,Confirmed known-exploited; no specific actor/campaign attribution.,7.8,0.02584,0.8392,True,True,weaponized,2025-10-14T17:16:04.173Z,,,2025-10-14T00:00:00Z,2025-10-14T00:00:00Z,False,False,False,"Microsoft Windows Improper Access Control Vulnerability, Microsoft Windows Improper access control, Windows Remote Access Connection Manager Elevation of Privilege Vulnerability",Improper access control in Windows Remote Access Connection Manager allows an authorized attacker to elevate privileges locally.
CVE-2025-24990,cpe:2.3:o:microsoft:windows_server_2025:10.0.26100.4946:*:*:*:*:*:x64:*,Unattributed KEV,Confirmed known-exploited; no specific actor/campaign attribution.,7.8,0.06003,0.92697,True,True,weaponized,2025-10-14T17:15:39.193Z,2025-10-16T00:00:00Z,2025-11-10T00:00:00Z,2025-10-14T00:00:00Z,2025-10-14T00:00:00Z,False,False,False,"Microsoft Windows Untrusted Pointer Dereference Vulnerability, Windows Agere Modem Driver Elevation of Privilege Vulnerability","Microsoft is aware of vulnerabilities in the third party Agere Modem driver that ships natively with supported Windows operating systems.  This is an announcement of the upcoming removal of ltmdm64.sys driver.  The driver has been removed in the October cumulative update.
Fax modem hardware dependent on this specific driver will no longer work on Windows.
Microsoft recommends removing any existing dependencies on this hardware."
CVE-2026-21533,cpe:2.3:o:microsoft:windows_server_2025:10.0.26100.4946:*:*:*:*:*:x64:*,Unattributed KEV,Confirmed known-exploited; no specific actor/campaign attribution.,7.8,0.03846,0.89226,True,True,weaponized,2026-02-10T18:16:35.79Z,,,2026-02-10T00:00:00Z,2026-02-10T00:00:00Z,False,False,False,"Microsoft Windows Improper Privilege Management Vulnerability, Microsoft Windows Windows Remote Desktop Services Elevation of Privilege Vulnerability, Windows Remote Desktop Services Elevation of Privilege Vulnerability",Improper privilege management in Windows Remote Desktop allows an authorized attacker to elevate privileges locally.
CVE-2026-25187,cpe:2.3:o:microsoft:windows_server_2025:10.0.26100.4946:*:*:*:*:*:x64:*,Unattributed KEV,Confirmed known-exploited; no specific actor/campaign attribution.,7.8,0.03178,0.86952,False,True,weaponized,2026-03-10T18:18:35.413Z,,,,2026-04-13T00:00:00Z,False,False,False,None,Improper link resolution before file access ('link following') in Winlogon allows an authorized attacker to elevate privileges locally.
CVE-2026-56155,cpe:2.3:o:microsoft:windows_server_2025:10.0.26100.4946:*:*:*:*:*:x64:*,Unattributed KEV,Confirmed known-exploited; no specific actor/campaign attribution.,7.8,0.02333,0.82107,True,True,weaponized,2026-07-14T17:17:09.763Z,,,2026-07-14T00:00:00Z,2026-07-14T00:00:00Z,False,False,False,"Active Directory Federation Services Elevation of Privilege Vulnerability, Microsoft Active Directory Federation Services Insufficient Granularity of Access Control Vulnerability , Microsoft Windows ADFS Elevation of Privilege Vulnerability",Insufficient granularity of access control in Active Directory Federation Services (AD FS) allows an authorized attacker to elevate privileges locally.
CVE-2026-45586,cpe:2.3:o:microsoft:windows_server_2025:10.0.26100.4946:*:*:*:*:*:x64:*,Unattributed KEV,Confirmed known-exploited; no specific actor/campaign attribution.,7.8,0.0363,0.88555,False,True,weaponized,2026-06-09T17:17:26.57Z,2026-06-09T00:00:00Z,,,2026-07-10T00:00:00Z,False,False,False,None,Improper link resolution before file access ('link following') in Windows Collaborative Translation Framework allows an authorized attacker to elevate privileges locally.
CVE-2025-62221,cpe:2.3:o:microsoft:windows_server_2025:10.0.26100.4946:*:*:*:*:*:x64:*,Unattributed KEV,Confirmed known-exploited; no specific actor/campaign attribution.,7.8,0.02416,0.82747,True,True,weaponized,2025-12-09T18:15:56.517Z,,,2025-12-09T00:00:00Z,2025-12-09T00:00:00Z,False,False,False,"Microsoft Windows UAF in Windows Cloud Filter, Microsoft Windows Use After Free Vulnerability, Windows Cloud Files Mini Filter Driver Elevation of Privilege Vulnerability",Use after free in Windows Cloud Files Mini Filter Driver allows an authorized attacker to elevate privileges locally.
CVE-2024-8752,cpe:2.3:a:smart-hmi:webiq:2.15.9:*:*:*:*:*:*:*,Unattributed KEV,Confirmed known-exploited; no specific actor/campaign attribution.,7.5,0.11759,0.95709,False,True,weaponized,2024-09-16T16:15:14.04Z,2024-09-12T00:00:00Z,2024-11-01T00:00:00Z,,2024-10-07T00:00:00Z,False,False,False,None,The Windows version of WebIQ 2.15.9 is affected by a directory traversal vulnerability that allows remote attackers to read any file on the system.
CVE-2024-9474,cpe:2.3:o:paloaltonetworks:pan-os:11.2.4:h2:*:*:*:*:*:*,Unattributed KEV,Confirmed known-exploited; no specific actor/campaign attribution.,7.2,0.94766,0.99853,True,True,weaponized,2024-11-18T16:15:29.78Z,2024-10-02T00:00:00Z,2024-11-19T00:00:00Z,2024-11-18T00:00:00Z,2024-11-18T00:00:00Z,False,False,False,"China Attribution, Linuxsys, Palo Alto Networks PAN-OS Management Interface OS Command Injection Vulnerability, UNC5923","A privilege escalation vulnerability in Palo Alto Networks PAN-OS software allows a PAN-OS administrator with access to the management web interface to perform actions on the firewall with root privileges.

Cloud NGFW and Prisma Access are not impacted by this vulnerability."
CVE-2025-62215,cpe:2.3:o:microsoft:windows_server_2025:10.0.26100.4946:*:*:*:*:*:x64:*,Unattributed KEV,Confirmed known-exploited; no specific actor/campaign attribution.,7.0,0.05985,0.92679,True,True,weaponized,2025-11-11T18:15:48.92Z,2025-11-14T00:00:00Z,,2025-11-12T00:00:00Z,2025-11-11T00:00:00Z,False,False,False,"Microsoft Windows Race Condition Vulnerability, Microsoft Windows Race condition leading to double free in kernel, Windows Kernel Elevation of Privilege Vulnerability",Concurrent execution using shared resource with improper synchronization ('race condition') in Windows Kernel allows an authorized attacker to elevate privileges locally.
CVE-2026-68820,cpe:2.3:o:microsoft:windows_server_2025:10.0.26100.4946:*:*:*:*:*:x64:*,Unattributed KEV,Confirmed known-exploited; no specific actor/campaign attribution.,7.0,0.00332,0.26055,True,True,weaponized,2026-08-11T17:19:06.357Z,,,2026-08-11T00:00:00Z,2026-08-11T00:00:00Z,False,False,False,"Labyrinth Chollima, Microsoft Windows Ancillary Function Driver for WinSock Use-After-Free Vulnerability, Microsoft Windows Windows Ancillary Function Driver for WinSock Elevation of Privilege Vulnerability New, Windows Ancillary Function Driver for WinSock Elevation of Privilege Vulnerability",Use after free in Windows Ancillary Function Driver for WinSock allows an authorized attacker to elevate privileges locally.
CVE-2025-0111,cpe:2.3:o:paloaltonetworks:pan-os:11.2.4:h2:*:*:*:*:*:*,Unattributed KEV,Confirmed known-exploited; no specific actor/campaign attribution.,6.5,0.0196,0.78619,True,True,weaponized,2025-02-12T21:15:16.793Z,,,2025-02-20T00:00:00Z,2025-02-18T00:00:00Z,False,False,False,Palo Alto Networks PAN-OS File Read Vulnerability,"An authenticated file read vulnerability in the Palo Alto Networks PAN-OS software enables an authenticated attacker with network access to the management web interface to read files on the PAN-OS filesystem that are readable by the “nobody” user.

You can greatly reduce the risk of this issue by restricting access to the management web interface to only trusted internal IP addresses according to our recommended  best practices deployment guidelines https://live.paloaltonetworks.com/t5/community-blogs/tips-amp-tricks-how-to-secure-the-management-access-of-your-palo/ba-p/464431 .



This issue does not affect Cloud NGFW or Prisma Access software."
CVE-2026-21525,cpe:2.3:o:microsoft:windows_server_2025:10.0.26100.4946:*:*:*:*:*:x64:*,Unattributed KEV,Confirmed known-exploited; no specific actor/campaign attribution.,6.2,0.04956,0.91442,True,True,weaponized,2026-02-10T18:16:34.93Z,,,2026-02-10T00:00:00Z,2026-02-10T00:00:00Z,False,False,False,"Microsoft Windows NULL Pointer Dereference Vulnerability, Windows Remote Access Connection Manager Denial of Service Vulnerability",Null pointer dereference in Windows Remote Access Connection Manager allows an unauthorized attacker to deny service locally.
CVE-2026-20805,cpe:2.3:o:microsoft:windows_server_2025:10.0.26100.4946:*:*:*:*:*:x64:*,Unattributed KEV,Confirmed known-exploited; no specific actor/campaign attribution.,5.5,0.05116,0.91661,True,True,weaponized,2026-01-13T18:16:07.023Z,2026-01-19T00:00:00Z,,2026-01-13T00:00:00Z,2026-01-13T00:00:00Z,False,False,False,"Desktop Window Manager Information Disclosure Vulnerability, Microsoft Windows Desktop Window Manager Information Disclosure Vulnerability, Microsoft Windows Information Disclosure Vulnerability",Exposure of sensitive information to an unauthorized actor in Desktop Windows Manager allows an authorized attacker to disclose information locally.
CVE-2025-47827,cpe:2.3:o:microsoft:windows_server_2025:10.0.26100.4946:*:*:*:*:*:x64:*,Unattributed KEV,Confirmed known-exploited; no specific actor/campaign attribution.,4.6,0.04017,0.89689,True,True,weaponized,2025-06-05T14:15:32.263Z,2025-06-05T14:15:32.263Z,,2025-10-14T00:00:00Z,2025-10-14T00:00:00Z,False,False,False,IGEL OS Use of a Key Past its Expiration Date Vulnerability,"In IGEL OS before 11, Secure Boot can be bypassed because the igel-flash-driver module improperly verifies a cryptographic signature. Ultimately, a crafted root filesystem can be mounted from an unverified SquashFS image."
CVE-2026-32202,cpe:2.3:o:microsoft:windows_server_2025:10.0.26100.4946:*:*:*:*:*:x64:*,Unattributed KEV,Confirmed known-exploited; no specific actor/campaign attribution.,4.3,0.63686,0.99147,True,True,weaponized,2026-04-14T18:17:27.36Z,2026-04-23T00:00:00Z,,2026-04-28T00:00:00Z,2026-04-14T00:00:00Z,False,False,False,"Fancy Bear, Microsoft Windows Protection Mechanism Failure Vulnerability, Windows Shell Spoofing Vulnerability",Protection mechanism failure in Windows Shell allows an unauthorized attacker to perform spoofing over a network.
CVE-2026-47291,cpe:2.3:o:microsoft:windows_server_2025:10.0.26100.4946:*:*:*:*:*:x64:*,Weaponized,Weaponized exploit code available.,9.8,0.2275,0.9753,False,False,weaponized,2026-06-09T17:17:34.627Z,2026-06-17T00:00:00Z,2026-07-30T00:00:00Z,,,False,False,False,None,Integer overflow or wraparound in Windows HTTP.sys allows an unauthorized attacker to execute code over a network.
CVE-2025-55680,cpe:2.3:o:microsoft:windows_server_2025:10.0.26100.4946:*:*:*:*:*:x64:*,Weaponized,Weaponized exploit code available.,7.8,0.0043,0.3582,False,False,weaponized,2025-10-14T17:15:48.503Z,2025-10-20T00:00:00Z,2025-11-26T00:00:00Z,,,False,False,False,None,Time-of-check time-of-use (toctou) race condition in Windows Cloud Files Mini Filter Driver allows an authorized attacker to elevate privileges locally.
CVE-2026-26128,cpe:2.3:o:microsoft:windows_server_2025:10.0.26100.4946:*:*:*:*:*:x64:*,Weaponized,Weaponized exploit code available.,7.8,0.00621,0.46877,False,False,weaponized,2026-03-10T18:18:41.903Z,2026-04-30T00:00:00Z,2026-08-03T00:00:00Z,,,False,False,False,None,Improper authentication in Windows SMB Server allows an authorized attacker to elevate privileges locally.
CVE-2026-24291,cpe:2.3:o:microsoft:windows_server_2025:10.0.26100.4946:*:*:*:*:*:x64:*,Weaponized,Weaponized exploit code available.,7.8,0.03239,0.87223,False,False,weaponized,2026-03-10T18:18:19.733Z,2026-03-13T00:00:00Z,2026-04-08T00:00:00Z,,,False,False,False,None,Incorrect permission assignment for critical resource in Windows Accessibility Infrastructure (ATBroker.exe) allows an authorized attacker to elevate privileges locally.
CVE-2026-50343,cpe:2.3:o:microsoft:windows_server_2025:10.0.26100.4946:*:*:*:*:*:x64:*,Weaponized,Weaponized exploit code available.,7.8,0.035,0.88166,False,False,weaponized,2026-07-14T18:17:33.973Z,2026-06-03T00:00:00Z,2026-07-29T00:00:00Z,,,False,False,False,None,Improper privilege management in Microsoft Install Service allows an authorized attacker to elevate privileges locally.
CVE-2026-58635,cpe:2.3:o:microsoft:windows_server_2025:10.0.26100.4946:*:*:*:*:*:x64:*,Weaponized,Weaponized exploit code available.,7.8,0.00387,0.31829,False,False,weaponized,2026-07-14T17:17:13.833Z,2026-07-15T00:00:00Z,2026-07-23T00:00:00Z,,,False,False,False,None,Improper neutralization of special elements used in a command ('command injection') in Windows Narrator Braille allows an authorized attacker to elevate privileges locally.
CVE-2026-49176,cpe:2.3:o:microsoft:windows_server_2025:10.0.26100.4946:*:*:*:*:*:x64:*,Weaponized,Weaponized exploit code available.,7.8,0.00471,0.38717,False,False,weaponized,2026-07-14T17:16:52.78Z,2026-07-16T00:00:00Z,2026-08-05T00:00:00Z,,,False,False,False,None,Improper privilege management in Windows WalletService allows an authorized attacker to elevate privileges locally.
CVE-2026-42980,cpe:2.3:o:microsoft:windows_server_2025:10.0.26100.4946:*:*:*:*:*:x64:*,Weaponized,Weaponized exploit code available.,7.8,0.06949,0.93551,False,False,weaponized,2026-06-09T17:17:13.883Z,2026-07-07T00:00:00Z,2026-07-16T00:00:00Z,,,False,False,False,None,Integer underflow (wrap or wraparound) in Windows NT OS Kernel allows an authorized attacker to elevate privileges locally.
CVE-2026-49160,cpe:2.3:o:microsoft:windows_server_2025:10.0.26100.4946:*:*:*:*:*:x64:*,Weaponized,Weaponized exploit code available.,7.5,0.53829,0.9891,False,False,weaponized,2026-06-09T17:17:46.963Z,2026-06-22T00:00:00Z,2026-06-22T00:00:00Z,,,False,False,False,None,Uncontrolled resource consumption in HTTP/2 allows an unauthorized attacker to deny service over a network.
CVE-2026-21508,cpe:2.3:o:microsoft:windows_server_2025:10.0.26100.4946:*:*:*:*:*:x64:*,Weaponized,Weaponized exploit code available.,7.0,0.00431,0.35864,False,False,weaponized,2026-02-10T18:16:33.003Z,2026-02-10T00:00:00Z,2026-03-06T00:00:00Z,,,False,False,False,None,Improper authentication in Windows Storage allows an authorized attacker to elevate privileges locally.
CVE-2026-41096,cpe:2.3:o:microsoft:windows_server_2025:10.0.26100.4946:*:*:*:*:*:x64:*,Proof-of-Concept,Public proof-of-concept exists; not observed as weaponized or exploited.,9.8,0.01932,0.783,False,False,poc,2026-05-12T18:17:21.167Z,2026-05-24T00:00:00Z,,,,False,False,False,None,Heap-based buffer overflow in Microsoft Windows DNS allows an unauthorized attacker to execute code over a network.
CVE-2026-54121,cpe:2.3:o:microsoft:windows_server_2025:10.0.26100.4946:*:*:*:*:*:x64:*,Proof-of-Concept,Public proof-of-concept exists; not observed as weaponized or exploited.,8.8,0.01052,0.61484,False,False,poc,2026-07-14T18:18:08.057Z,2026-07-23T00:00:00Z,,,,False,False,False,None,Improper authorization in Active Directory Certificate Services (AD CS) allows an authorized attacker to elevate privileges over a network.
CVE-2026-25177,cpe:2.3:o:microsoft:windows_server_2025:10.0.26100.4946:*:*:*:*:*:x64:*,Proof-of-Concept,Public proof-of-concept exists; not observed as weaponized or exploited.,8.8,0.01241,0.66627,False,False,poc,2026-03-10T18:18:33.123Z,2026-08-05T00:00:00Z,,,,False,False,False,None,Improper restriction of names for files and other resources in Active Directory Domain Services allows an authorized attacker to elevate privileges over a network.
CVE-2025-54918,cpe:2.3:o:microsoft:windows_server_2025:10.0.26100.4946:*:*:*:*:*:x64:*,Proof-of-Concept,Public proof-of-concept exists; not observed as weaponized or exploited.,8.8,0.19354,0.97115,False,False,poc,2025-09-09T17:16:04.503Z,2026-01-12T00:00:00Z,,,,False,False,False,None,Improper authentication in Windows NTLM allows an authorized attacker to elevate privileges over a network.
CVE-2026-54992,cpe:2.3:o:microsoft:windows_server_2025:10.0.26100.4946:*:*:*:*:*:x64:*,Proof-of-Concept,Public proof-of-concept exists; not observed as weaponized or exploited.,8.4,0.00471,0.38682,False,False,poc,2026-07-14T17:17:06.83Z,2026-07-16T00:00:00Z,,,,False,False,False,None,Heap-based buffer overflow in Windows Message Queuing Queue Manager allows an unauthorized attacker to execute code locally.
CVE-2026-0265,cpe:2.3:o:paloaltonetworks:pan-os:11.2.4:h2:*:*:*:*:*:*,Proof-of-Concept,Public proof-of-concept exists; not observed as weaponized or exploited.,8.1,0.00379,0.31052,False,False,poc,2026-05-13T18:16:14.693Z,2026-05-20T00:00:00Z,,,,False,False,False,None,"An authentication bypass vulnerability in Palo Alto Networks PAN-OS® software enables an unauthenticated attacker with network access to bypass authentication controls when Cloud Authentication Service (CAS) is enabled.



The risk is higher if CAS is enabled on the management interface and lower when any other login interfaces are used.

The risk of this issue is greatly reduced if you secure access to the management web interface by restricting access to only trusted internal IP addresses according to our recommended  best practice deployment guidelines https://live.paloaltonetworks.com/t5/community-blogs/tips-amp-tricks-how-to-secure-the-management-access-of-your-palo/ba-p/464431 .

This issue is applicable to PAN-OS software on PA-Series and VM-Series firewalls and on Panorama (virtual and M-Series).

Cloud NGFW and Prisma Access® are not impacted by this vulnerability."
CVE-2026-27912,cpe:2.3:o:microsoft:windows_server_2025:10.0.26100.4946:*:*:*:*:*:x64:*,Proof-of-Concept,Public proof-of-concept exists; not observed as weaponized or exploited.,8.0,0.00242,0.15591,False,False,poc,2026-04-14T18:16:58.6Z,2026-08-05T00:00:00Z,,,,False,False,False,None,Improper authorization in Windows Kerberos allows an authorized attacker to elevate privileges over an adjacent network.
CVE-2026-50502,cpe:2.3:o:microsoft:windows_server_2025:10.0.26100.4946:*:*:*:*:*:x64:*,Proof-of-Concept,Public proof-of-concept exists; not observed as weaponized or exploited.,8.0,0.006,0.45844,False,False,poc,2026-07-14T18:17:57.277Z,2026-07-20T00:00:00Z,,,,False,False,False,None,Insufficient granularity of access control in Windows Event Logging Service allows an authorized attacker to execute code over a network.
CVE-2026-58613,cpe:2.3:o:microsoft:windows_server_2025:10.0.26100.4946:*:*:*:*:*:x64:*,Proof-of-Concept,Public proof-of-concept exists; not observed as weaponized or exploited.,7.8,0.00447,0.37186,False,False,poc,2026-07-14T18:18:44.007Z,2026-07-14T00:00:00Z,,,,False,False,False,None,Use after free in Windows Cloud Files Mini Filter Driver allows an authorized attacker to elevate privileges locally.
CVE-2025-59201,cpe:2.3:o:microsoft:windows_server_2025:10.0.26100.4946:*:*:*:*:*:x64:*,Proof-of-Concept,Public proof-of-concept exists; not observed as weaponized or exploited.,7.8,0.00415,0.34542,False,False,poc,2025-10-14T17:15:59.7Z,2026-02-23T00:00:00Z,,,,False,False,False,None,Improper access control in Network Connection Status Indicator (NCSI) allows an authorized attacker to elevate privileges locally.
CVE-2026-62737,cpe:2.3:o:microsoft:windows_server_2025:10.0.26100.4946:*:*:*:*:*:x64:*,Proof-of-Concept,Public proof-of-concept exists; not observed as weaponized or exploited.,7.8,0.00333,0.26195,False,False,poc,2026-08-11T17:18:25.347Z,2026-08-09T00:00:00Z,,,,False,False,False,None,Untrusted pointer dereference in Windows Kernel allows an authorized attacker to elevate privileges locally.
CVE-2025-64673,cpe:2.3:o:microsoft:windows_server_2025:10.0.26100.4946:*:*:*:*:*:x64:*,Proof-of-Concept,Public proof-of-concept exists; not observed as weaponized or exploited.,7.8,0.00327,0.25501,False,False,poc,2025-12-09T18:16:06.75Z,2026-07-27T00:00:00Z,,,,False,False,False,None,Improper access control in Storvsp.sys Driver allows an authorized attacker to elevate privileges locally.
CVE-2026-20817,cpe:2.3:o:microsoft:windows_server_2025:10.0.26100.4946:*:*:*:*:*:x64:*,Proof-of-Concept,Public proof-of-concept exists; not observed as weaponized or exploited.,7.8,0.05426,0.92025,False,False,poc,2026-01-13T18:16:08.647Z,2026-03-10T00:00:00Z,,,,False,False,False,None,Improper handling of insufficient permissions or privileges in Windows Error Reporting allows an authorized attacker to elevate privileges locally.
CVE-2025-59199,cpe:2.3:o:microsoft:windows_server_2025:10.0.26100.4946:*:*:*:*:*:x64:*,Proof-of-Concept,Public proof-of-concept exists; not observed as weaponized or exploited.,7.8,0.03956,0.89541,False,False,poc,2025-10-14T17:15:59.357Z,2026-05-28T00:00:00Z,,,,False,False,False,None,Improper access control in Software Protection Platform (SPP) allows an authorized attacker to elevate privileges locally.
CVE-2026-50469,cpe:2.3:o:microsoft:windows_server_2025:10.0.26100.4946:*:*:*:*:*:x64:*,Proof-of-Concept,Public proof-of-concept exists; not observed as weaponized or exploited.,7.8,0.00271,0.19331,False,False,poc,2026-07-14T18:17:52.357Z,2026-07-28T00:00:00Z,,,,False,False,False,None,Improper link resolution before file access ('link following') in Windows Projected File System allows an authorized attacker to elevate privileges locally.
CVE-2026-50458,cpe:2.3:o:microsoft:windows_server_2025:10.0.26100.4946:*:*:*:*:*:x64:*,Proof-of-Concept,Public proof-of-concept exists; not observed as weaponized or exploited.,7.8,0.00188,0.08691,False,False,poc,2026-07-14T18:17:50.91Z,2026-07-22T00:00:00Z,,,,False,False,False,None,Use after free in Microsoft Brokering File System allows an authorized attacker to elevate privileges locally.
CVE-2026-21250,cpe:2.3:o:microsoft:windows_server_2025:10.0.26100.4946:*:*:*:*:*:x64:*,Proof-of-Concept,Public proof-of-concept exists; not observed as weaponized or exploited.,7.8,0.0104,0.61114,False,False,poc,2026-02-10T18:16:26.67Z,2026-05-04T00:00:00Z,,,,False,False,False,None,Untrusted pointer dereference in Windows HTTP.sys allows an authorized attacker to elevate privileges locally.
CVE-2026-26179,cpe:2.3:o:microsoft:windows_server_2025:10.0.26100.4946:*:*:*:*:*:x64:*,Proof-of-Concept,Public proof-of-concept exists; not observed as weaponized or exploited.,7.8,0.0044,0.3657,False,False,poc,2026-04-14T18:16:54.013Z,2026-06-05T00:00:00Z,,,,False,False,False,None,Double free in Windows Kernel allows an authorized attacker to elevate privileges locally.
CVE-2026-50493,cpe:2.3:o:microsoft:windows_server_2025:10.0.26100.4946:*:*:*:*:*:x64:*,Proof-of-Concept,Public proof-of-concept exists; not observed as weaponized or exploited.,7.8,0.00311,0.23711,False,False,poc,2026-07-14T18:17:55.8Z,2026-07-22T00:00:00Z,,,,False,False,False,None,Use after free in Windows Graphics Kernel allows an authorized attacker to elevate privileges locally.
CVE-2025-54100,cpe:2.3:o:microsoft:windows_server_2025:10.0.26100.4946:*:*:*:*:*:x64:*,Proof-of-Concept,Public proof-of-concept exists; not observed as weaponized or exploited.,7.8,0.01544,0.72846,False,False,poc,2025-12-09T18:15:53.797Z,2025-12-29T00:00:00Z,,,,False,False,False,None,Improper neutralization of special elements used in a command ('command injection') in Windows PowerShell allows an unauthorized attacker to execute code locally.
CVE-2026-58532,cpe:2.3:o:microsoft:windows_server_2025:10.0.26100.4946:*:*:*:*:*:x64:*,Proof-of-Concept,Public proof-of-concept exists; not observed as weaponized or exploited.,7.8,0.00311,0.23756,False,False,poc,2026-07-14T18:18:40.027Z,2026-07-20T00:00:00Z,,,,False,False,False,None,Integer overflow or wraparound in Windows Kernel allows an authorized attacker to elevate privileges locally.
CVE-2025-59517,cpe:2.3:o:microsoft:windows_server_2025:10.0.26100.4946:*:*:*:*:*:x64:*,Proof-of-Concept,Public proof-of-concept exists; not observed as weaponized or exploited.,7.8,0.02329,0.82078,False,False,poc,2025-12-09T18:15:54.81Z,2026-07-27T00:00:00Z,,,,False,False,False,None,Improper access control in Windows Storage VSP Driver allows an authorized attacker to elevate privileges locally.
CVE-2025-62470,cpe:2.3:o:microsoft:windows_server_2025:10.0.26100.4946:*:*:*:*:*:x64:*,Proof-of-Concept,Public proof-of-concept exists; not observed as weaponized or exploited.,7.8,0.00496,0.40312,False,False,poc,2025-12-09T18:15:59.227Z,2025-12-18T00:00:00Z,,,,False,False,False,None,Heap-based buffer overflow in Windows Common Log File System Driver allows an authorized attacker to elevate privileges locally.
CVE-2025-59254,cpe:2.3:o:microsoft:windows_server_2025:10.0.26100.4946:*:*:*:*:*:x64:*,Proof-of-Concept,Public proof-of-concept exists; not observed as weaponized or exploited.,7.8,0.01049,0.61392,False,False,poc,2025-10-14T17:16:07.703Z,2026-04-06T00:00:00Z,,,,False,False,False,None,Heap-based buffer overflow in Windows DWM Core Library allows an authorized attacker to elevate privileges locally.
CVE-2026-40369,cpe:2.3:o:microsoft:windows_server_2025:10.0.26100.4946:*:*:*:*:*:x64:*,Proof-of-Concept,Public proof-of-concept exists; not observed as weaponized or exploited.,7.8,0.04725,0.91071,False,False,poc,2026-05-12T18:17:16.023Z,2026-05-13T00:00:00Z,,,,False,False,False,None,Heap-based buffer overflow in Windows Kernel allows an authorized attacker to elevate privileges locally.
CVE-2026-20941,cpe:2.3:o:microsoft:windows_server_2025:10.0.26100.4946:*:*:*:*:*:x64:*,Proof-of-Concept,Public proof-of-concept exists; not observed as weaponized or exploited.,7.8,0.00481,0.39356,False,False,poc,2026-01-13T18:16:21.53Z,2026-02-27T00:00:00Z,,,,False,False,False,None,Improper link resolution before file access ('link following') in Host Process for Windows Tasks allows an authorized attacker to elevate privileges locally.
CVE-2025-62454,cpe:2.3:o:microsoft:windows_server_2025:10.0.26100.4946:*:*:*:*:*:x64:*,Proof-of-Concept,Public proof-of-concept exists; not observed as weaponized or exploited.,7.8,0.0226,0.81497,False,False,poc,2025-12-09T18:15:56.793Z,2025-12-18T00:00:00Z,,,,False,False,False,None,Heap-based buffer overflow in Windows Cloud Files Mini Filter Driver allows an authorized attacker to elevate privileges locally.
CVE-2026-20820,cpe:2.3:o:microsoft:windows_server_2025:10.0.26100.4946:*:*:*:*:*:x64:*,Proof-of-Concept,Public proof-of-concept exists; not observed as weaponized or exploited.,7.8,0.02566,0.83801,False,False,poc,2026-01-13T18:16:09.143Z,2026-03-05T00:00:00Z,,,,False,False,False,None,Heap-based buffer overflow in Windows Common Log File System Driver allows an authorized attacker to elevate privileges locally.
CVE-2025-60704,cpe:2.3:o:microsoft:windows_server_2025:10.0.26100.4946:*:*:*:*:*:x64:*,Proof-of-Concept,Public proof-of-concept exists; not observed as weaponized or exploited.,7.5,0.00528,0.42236,False,False,poc,2025-11-11T18:15:38.06Z,2025-11-11T00:00:00Z,,,,False,False,False,None,Missing cryptographic step in Windows Kerberos allows an unauthorized attacker to elevate privileges over a network.
CVE-2025-58726,cpe:2.3:o:microsoft:windows_server_2025:10.0.26100.4946:*:*:*:*:*:x64:*,Proof-of-Concept,Public proof-of-concept exists; not observed as weaponized or exploited.,7.5,0.00978,0.59214,False,False,poc,2025-10-14T17:15:54.157Z,2025-10-29T00:00:00Z,,,,False,False,False,None,Improper access control in Windows SMB Server allows an authorized attacker to elevate privileges over a network.
CVE-2026-21248,cpe:2.3:o:microsoft:windows_server_2025:10.0.26100.4946:*:*:*:*:*:x64:*,Proof-of-Concept,Public proof-of-concept exists; not observed as weaponized or exploited.,7.3,0.01243,0.66682,False,False,poc,2026-02-10T18:16:26.34Z,2026-04-30T00:00:00Z,,,,False,False,False,None,Heap-based buffer overflow in Windows Hyper-V allows an authorized attacker to execute code locally.
CVE-2026-21244,cpe:2.3:o:microsoft:windows_server_2025:10.0.26100.4946:*:*:*:*:*:x64:*,Proof-of-Concept,Public proof-of-concept exists; not observed as weaponized or exploited.,7.3,0.01243,0.66682,False,False,poc,2026-02-10T18:16:25.65Z,2026-04-30T00:00:00Z,,,,False,False,False,None,Heap-based buffer overflow in Windows Hyper-V allows an authorized attacker to execute code locally.
CVE-2025-60719,cpe:2.3:o:microsoft:windows_server_2025:10.0.26100.4946:*:*:*:*:*:x64:*,Proof-of-Concept,Public proof-of-concept exists; not observed as weaponized or exploited.,7.0,0.01782,0.7638,False,False,poc,2025-11-11T18:15:40.233Z,2025-12-02T00:00:00Z,,,,False,False,False,None,Untrusted pointer dereference in Windows Ancillary Function Driver for WinSock allows an authorized attacker to elevate privileges locally.
CVE-2026-21241,cpe:2.3:o:microsoft:windows_server_2025:10.0.26100.4946:*:*:*:*:*:x64:*,Proof-of-Concept,Public proof-of-concept exists; not observed as weaponized or exploited.,7.0,0.02491,0.83278,False,False,poc,2026-02-10T18:16:25.15Z,2026-06-15T00:00:00Z,,,,False,False,False,None,Use after free in Windows Ancillary Function Driver for WinSock allows an authorized attacker to elevate privileges locally.
CVE-2025-55681,cpe:2.3:o:microsoft:windows_server_2025:10.0.26100.4946:*:*:*:*:*:x64:*,Proof-of-Concept,Public proof-of-concept exists; not observed as weaponized or exploited.,7.0,0.05232,0.91814,False,False,poc,2025-10-14T17:15:48.75Z,2025-12-17T00:00:00Z,,,,False,False,False,None,Out-of-bounds read in Windows DWM allows an authorized attacker to elevate privileges locally.
CVE-2026-32223,cpe:2.3:o:microsoft:windows_server_2025:10.0.26100.4946:*:*:*:*:*:x64:*,Proof-of-Concept,Public proof-of-concept exists; not observed as weaponized or exploited.,6.8,0.00522,0.41867,False,False,poc,2026-04-14T18:17:30.49Z,2026-04-15T00:00:00Z,,,,False,False,False,None,Heap-based buffer overflow in Windows USB Print Driver allows an unauthorized attacker to elevate privileges with a physical attack.
CVE-2026-45585,cpe:2.3:o:microsoft:windows_server_2025:10.0.26100.4946:*:*:*:*:*:x64:*,Proof-of-Concept,Public proof-of-concept exists; not observed as weaponized or exploited.,6.8,0.01355,0.69255,False,False,poc,2026-05-20T00:16:44.38Z,2026-05-20T00:16:44.38Z,,,,False,False,False,None,"Microsoft is aware of a security feature bypass vulnerability in Windows publicly referred to as &quot;YellowKey&quot;. The proof of concept for this vulnerability has been made public violating coordinated vulnerability best practices.
We are issuing this CVE to provide mitigation guidance that can be implemented to protect against this vulnerability until the security update is made available.
Mitigation FAQs
Should I leverage the temporary mitigation?
Microsoft recommends that you consider implementing these mitigations if you are concerned your devices and data are at risk of being compromised or stolen. For example, if your organization’s employees take their work devices home or on business travel.
What impact to service availability/management could be caused by implementing the mitigations?
Implementing these mitigations will not impact service availability or management operations.
Do customers need to revert the changes made to mitigate the vulnerability once the security update to protect against this vulnerability is available?
No. The security update will maintain the mitigation's behavior once the security update is installed.
I am using TPM+PIN, am I at risk of this vulnerability being exploited
No, if you are using TPM+PIN the vulnerability is not exploitable."
CVE-2026-49177,cpe:2.3:o:microsoft:windows_server_2025:10.0.26100.4946:*:*:*:*:*:x64:*,Proof-of-Concept,Public proof-of-concept exists; not observed as weaponized or exploited.,5.5,0.00327,0.25555,False,False,poc,2026-07-14T18:17:23.407Z,2026-08-12T00:00:00Z,,,,False,False,False,None,Out-of-bounds read in Windows TCP/IP allows an authorized attacker to disclose information locally.
CVE-2025-59253,cpe:2.3:o:microsoft:windows_server_2025:10.0.26100.4946:*:*:*:*:*:x64:*,Proof-of-Concept,Public proof-of-concept exists; not observed as weaponized or exploited.,5.5,0.00314,0.24152,False,False,poc,2025-10-14T17:16:07.503Z,2025-11-11T00:00:00Z,,,,False,False,False,None,Improper access control in Microsoft Windows Search Component allows an authorized attacker to deny service locally.
CVE-2026-50475,cpe:2.3:o:microsoft:windows_server_2025:10.0.26100.4946:*:*:*:*:*:x64:*,Proof-of-Concept,Public proof-of-concept exists; not observed as weaponized or exploited.,5.5,0.00536,0.42654,False,False,poc,2026-07-14T18:17:53.19Z,2026-07-14T00:00:00Z,,,,False,False,False,None,Buffer over-read in Windows Kernel allows an authorized attacker to disclose information locally.
CVE-2026-25185,cpe:2.3:o:microsoft:windows_server_2025:10.0.26100.4946:*:*:*:*:*:x64:*,Proof-of-Concept,Public proof-of-concept exists; not observed as weaponized or exploited.,5.3,0.01011,0.60249,False,False,poc,2026-03-10T18:18:34.753Z,2026-03-12T00:00:00Z,,,,False,False,False,None,Exposure of sensitive information to an unauthorized actor in Windows Shell Link Processing allows an unauthorized attacker to perform spoofing over a network.
CVE-2026-33829,cpe:2.3:o:microsoft:windows_server_2025:10.0.26100.4946:*:*:*:*:*:x64:*,Proof-of-Concept,Public proof-of-concept exists; not observed as weaponized or exploited.,4.3,0.03447,0.87988,False,False,poc,2026-04-14T18:17:35.857Z,2026-05-15T00:00:00Z,,,,False,False,False,None,Exposure of sensitive information to an unauthorized actor in Windows Snipping Tool allows an unauthorized attacker to perform spoofing over a network.
CVE-2025-59284,cpe:2.3:o:microsoft:windows_server_2025:10.0.26100.4946:*:*:*:*:*:x64:*,Proof-of-Concept,Public proof-of-concept exists; not observed as weaponized or exploited.,3.3,0.00965,0.58753,False,False,poc,2025-10-14T17:16:11.29Z,2026-03-13T00:00:00Z,,,,False,False,False,None,Exposure of sensitive information to an unauthorized actor in Windows NTLM allows an unauthorized attacker to perform spoofing locally.
CVE-2026-50416,cpe:2.3:o:microsoft:windows_server_2025:10.0.26100.4946:*:*:*:*:*:x64:*,Proof-of-Concept,Public proof-of-concept exists; not observed as weaponized or exploited.,3.3,0.00475,0.39005,False,False,poc,2026-07-14T18:17:44.69Z,2026-07-17T00:00:00Z,,,,False,False,False,None,Exposure of sensitive information to an unauthorized actor in Windows Win32K allows an authorized attacker to disclose information locally.
CVE-2026-0284,cpe:2.3:o:paloaltonetworks:pan-os:11.2.4:h2:*:*:*:*:*:*,All Other Vulnerabilities,No confirmed exploitation or public exploit code identified.,9.9,0.0028,0.20499,False,False,unproven,,,,,,False,False,False,None,"An XML injection vulnerability in the Large Scale VPN (LSVPN) functionality of Palo Alto Networks PAN-OS® software enables an unauthenticated attacker with network access to inject malicious XML content, potentially leading to information disclosure or corruption of internal LSVPN satellite data.

Panorama, Cloud NGFW, and Prisma® Access are not impacted by this vulnerability."
CVE-2025-49708,cpe:2.3:o:microsoft:windows_server_2025:10.0.26100.4946:*:*:*:*:*:x64:*,All Other Vulnerabilities,No confirmed exploitation or public exploit code identified.,9.9,0.01157,0.64386,False,False,unproven,,,,,,False,False,False,None,Use after free in Microsoft Graphics Component allows an authorized attacker to elevate privileges over a network.
CVE-2026-57092,cpe:2.3:o:microsoft:windows_server_2025:10.0.26100.4946:*:*:*:*:*:x64:*,All Other Vulnerabilities,No confirmed exploitation or public exploit code identified.,9.9,0.01184,0.65163,False,False,unproven,,,,,,False,False,False,None,Use after free in Windows VMSwitch allows an authorized attacker to elevate privileges over a network.
CVE-2026-0264,cpe:2.3:o:paloaltonetworks:pan-os:11.2.4:h2:*:*:*:*:*:*,All Other Vulnerabilities,No confirmed exploitation or public exploit code identified.,9.8,0.00474,0.38925,False,False,unproven,,,,,,False,False,False,None,"A buffer overflow vulnerability in the DNS proxy and DNS Server features of Palo Alto Networks PAN-OS® Software allows an unauthenticated attacker with network access to cause a denial of service (DoS) condition (all PAN-OS platforms except Cloud NGFW and Prisma Access) or potentially execute arbitrary code by sending specially crafted network traffic (PA-Series hardware only).




Panorama, Cloud NGFW, and Prisma® Access are not impacted by this vulnerability."
CVE-2026-0263,cpe:2.3:o:paloaltonetworks:pan-os:11.2.4:h2:*:*:*:*:*:*,All Other Vulnerabilities,No confirmed exploitation or public exploit code identified.,9.8,0.00373,0.30389,False,False,unproven,,,,,,False,False,False,None,"A buffer overflow vulnerability in the IKEv2 processing of Palo Alto Networks PAN-OS® software allows an unauthenticated network-based attacker to execute arbitrary code with elevated privileges on the firewall, or cause a denial of service (DoS) condition.


Panorama, Cloud NGFW, and Prisma® Access are not impacted by these vulnerabilities."
CVE-2026-65791,cpe:2.3:o:microsoft:windows_server_2025:10.0.26100.4946:*:*:*:*:*:x64:*,All Other Vulnerabilities,No confirmed exploitation or public exploit code identified.,9.8,0.00588,0.45309,False,False,unproven,,,,,,False,False,False,None,Heap-based buffer overflow in Windows iSCSI Target Service allows an unauthorized attacker to execute code over a network.
CVE-2026-56190,cpe:2.3:o:microsoft:windows_server_2025:10.0.26100.4946:*:*:*:*:*:x64:*,All Other Vulnerabilities,No confirmed exploitation or public exploit code identified.,9.8,0.01088,0.62517,False,False,unproven,,,,,,False,False,False,None,Use of uninitialized resource in Windows RDP allows an unauthorized attacker to execute code over a network.
CVE-2026-44815,cpe:2.3:o:microsoft:windows_server_2025:10.0.26100.4946:*:*:*:*:*:x64:*,All Other Vulnerabilities,No confirmed exploitation or public exploit code identified.,9.8,0.011,0.62901,False,False,unproven,,,,,,False,False,False,None,Stack-based buffer overflow in Windows DHCP Client allows an unauthorized attacker to execute code over a network.
CVE-2026-50447,cpe:2.3:o:microsoft:windows_server_2025:10.0.26100.4946:*:*:*:*:*:x64:*,All Other Vulnerabilities,No confirmed exploitation or public exploit code identified.,9.8,0.00908,0.56958,False,False,unproven,,,,,,False,False,False,None,Heap-based buffer overflow in Windows Message Queuing allows an unauthorized attacker to execute code over a network.
CVE-2026-62878,cpe:2.3:o:microsoft:windows_server_2025:10.0.26100.4946:*:*:*:*:*:x64:*,All Other Vulnerabilities,No confirmed exploitation or public exploit code identified.,9.8,0.00907,0.56903,False,False,unproven,,,,,,False,False,False,None,Stack-based buffer overflow in Windows DNS allows an unauthorized attacker to execute code over a network.
CVE-2026-50518,cpe:2.3:o:microsoft:windows_server_2025:10.0.26100.4946:*:*:*:*:*:x64:*,All Other Vulnerabilities,No confirmed exploitation or public exploit code identified.,9.8,0.11058,0.95536,False,False,unproven,,,,,,False,False,False,None,Heap-based buffer overflow in Windows DHCP Server allows an unauthorized attacker to execute code over a network.
CVE-2025-60724,cpe:2.3:o:microsoft:windows_server_2025:10.0.26100.4946:*:*:*:*:*:x64:*,All Other Vulnerabilities,No confirmed exploitation or public exploit code identified.,9.8,0.05923,0.92611,False,False,unproven,,,,,,False,False,False,None,Heap-based buffer overflow in Microsoft Graphics Component allows an unauthorized attacker to execute code over a network.
CVE-2026-49172,cpe:2.3:o:microsoft:windows_server_2025:10.0.26100.4946:*:*:*:*:*:x64:*,All Other Vulnerabilities,No confirmed exploitation or public exploit code identified.,9.8,0.00673,0.49128,False,False,unproven,,,,,,False,False,False,None,Heap-based buffer overflow in Windows FTP Service allows an unauthorized attacker to execute code over a network.
CVE-2026-42990,cpe:2.3:o:microsoft:windows_server_2025:10.0.26100.4946:*:*:*:*:*:x64:*,All Other Vulnerabilities,No confirmed exploitation or public exploit code identified.,9.8,0.00673,0.49085,False,False,unproven,,,,,,False,False,False,None,Heap-based buffer overflow in SQL Server ODBC driver allows an unauthorized attacker to execute code over a network.
CVE-2026-54990,cpe:2.3:o:microsoft:windows_server_2025:10.0.26100.4946:*:*:*:*:*:x64:*,All Other Vulnerabilities,No confirmed exploitation or public exploit code identified.,9.8,0.00545,0.43126,False,False,unproven,,,,,,False,False,False,None,Heap-based buffer overflow in Remote Desktop Client allows an unauthorized attacker to execute code over a network.
CVE-2026-62893,cpe:2.3:o:microsoft:windows_server_2025:10.0.26100.4946:*:*:*:*:*:x64:*,All Other Vulnerabilities,No confirmed exploitation or public exploit code identified.,9.8,0.01784,0.76413,False,False,unproven,,,,,,False,False,False,None,Use after free in Windows Deployment Services allows an unauthorized attacker to execute code over a network.
CVE-2026-45657,cpe:2.3:o:microsoft:windows_server_2025:10.0.26100.4946:*:*:*:*:*:x64:*,All Other Vulnerabilities,No confirmed exploitation or public exploit code identified.,9.8,0.15478,0.96508,False,False,unproven,,,,,,False,False,False,None,Use after free in Windows Kernel allows an unauthorized attacker to execute code over a network.
CVE-2026-62815,cpe:2.3:o:microsoft:windows_server_2025:10.0.26100.4946:*:*:*:*:*:x64:*,All Other Vulnerabilities,No confirmed exploitation or public exploit code identified.,9.8,0.00916,0.57214,False,False,unproven,,,,,,False,False,False,None,Use after free in Microsoft QUIC allows an unauthorized attacker to execute code over a network.
CVE-2026-56159,cpe:2.3:o:microsoft:windows_server_2025:10.0.26100.4946:*:*:*:*:*:x64:*,All Other Vulnerabilities,No confirmed exploitation or public exploit code identified.,9.8,0.00996,0.59763,False,False,unproven,,,,,,False,False,False,None,Heap-based buffer overflow in Windows DHCP Server allows an unauthorized attacker to execute code over a network.
CVE-2026-56188,cpe:2.3:o:microsoft:windows_server_2025:10.0.26100.4946:*:*:*:*:*:x64:*,All Other Vulnerabilities,No confirmed exploitation or public exploit code identified.,9.8,0.00916,0.572,False,False,unproven,,,,,,False,False,False,None,Concurrent execution using shared resource with improper synchronization ('race condition') in Windows Server Network driver allows an unauthorized attacker to execute code over a network.
CVE-2026-50380,cpe:2.3:o:microsoft:windows_server_2025:10.0.26100.4946:*:*:*:*:*:x64:*,All Other Vulnerabilities,No confirmed exploitation or public exploit code identified.,9.6,0.00625,0.4704,False,False,unproven,,,,,,False,False,False,None,Heap-based buffer overflow in Windows GDI+ allows an unauthorized attacker to execute code over a network.
CVE-2026-42904,cpe:2.3:o:microsoft:windows_server_2025:10.0.26100.4946:*:*:*:*:*:x64:*,All Other Vulnerabilities,No confirmed exploitation or public exploit code identified.,9.6,0.00438,0.36462,False,False,unproven,,,,,,False,False,False,None,Heap-based buffer overflow in Windows TCP/IP allows an unauthorized attacker to elevate privileges over an adjacent network.
CVE-2026-49798,cpe:2.3:o:microsoft:windows_server_2025:10.0.26100.4946:*:*:*:*:*:x64:*,All Other Vulnerabilities,No confirmed exploitation or public exploit code identified.,9.3,0.02287,0.8173,False,False,unproven,,,,,,False,False,False,None,Use after free in Windows Kernel allows an unauthorized attacker to elevate privileges locally.
CVE-2026-0258,cpe:2.3:o:paloaltonetworks:pan-os:11.2.4:h2:*:*:*:*:*:*,All Other Vulnerabilities,No confirmed exploitation or public exploit code identified.,9.1,0.00328,0.25616,False,False,unproven,,,,,,False,False,False,None,"A server-side request forgery (SSRF) vulnerability in the IKEv2 implementation of Palo Alto Networks PAN-OS® software allows an unauthenticated attacker to cause the firewall to send network requests to unintended destinations or cause a denial of service (DoS) condition.



Panorama, Cloud NGFW and Prisma® Access are not impacted by these vulnerabilities."
CVE-2026-45602,cpe:2.3:o:microsoft:windows_server_2025:10.0.26100.4946:*:*:*:*:*:x64:*,All Other Vulnerabilities,No confirmed exploitation or public exploit code identified.,9.1,0.00366,0.29645,False,False,unproven,,,,,,False,False,False,None,No cwe for this issue in Windows DHCP Server allows an unauthorized attacker to perform tampering over a network.
CVE-2026-0259,cpe:2.3:o:paloaltonetworks:pan-os:11.2.4:h2:*:*:*:*:*:*,All Other Vulnerabilities,No confirmed exploitation or public exploit code identified.,8.8,0.00336,0.26462,False,False,unproven,,,,,,False,False,False,None,"An arbitrary File Read and Delete Vulnerability in Palo Alto Networks WildFire® WF-500 and WF-500-B appliances enables users to read sensitive information and delete arbitrary files. This vulnerability affects WF-500 and WF-500-B appliances running in the default non-FIPS configuration mode.



The WildFire Appliance (WF-500, WF-500-B) software update is now available to customers that use the WildFire Appliance (WF-500, WF-500-B) for on-premise sandboxing.



Please note that customers using the WildFire Public cloud service are NOT impacted by this vulnerability."
CVE-2026-24283,cpe:2.3:o:microsoft:windows_server_2025:10.0.26100.4946:*:*:*:*:*:x64:*,All Other Vulnerabilities,No confirmed exploitation or public exploit code identified.,8.8,0.00383,0.3145,False,False,unproven,,,,,,False,False,False,None,Heap-based buffer overflow in Windows File Server allows an authorized attacker to elevate privileges locally.
CVE-2026-50444,cpe:2.3:o:microsoft:windows_server_2025:10.0.26100.4946:*:*:*:*:*:x64:*,All Other Vulnerabilities,No confirmed exploitation or public exploit code identified.,8.8,0.00604,0.46019,False,False,unproven,,,,,,False,False,False,None,Missing authentication for critical function in Windows Server Update Service allows an authorized attacker to elevate privileges over a network.
CVE-2026-49178,cpe:2.3:o:microsoft:windows_server_2025:10.0.26100.4946:*:*:*:*:*:x64:*,All Other Vulnerabilities,No confirmed exploitation or public exploit code identified.,8.8,0.00618,0.46694,False,False,unproven,,,,,,False,False,False,None,Heap-based buffer overflow in Active Directory Domain Services allows an authorized attacker to execute code over a network.
CVE-2026-54107,cpe:2.3:o:microsoft:windows_server_2025:10.0.26100.4946:*:*:*:*:*:x64:*,All Other Vulnerabilities,No confirmed exploitation or public exploit code identified.,8.8,0.00154,0.05037,False,False,unproven,,,,,,False,False,False,None,Concurrent execution using shared resource with improper synchronization ('race condition') in Windows Win32K allows an authorized attacker to elevate privileges locally.
CVE-2026-62816,cpe:2.3:o:microsoft:windows_server_2025:10.0.26100.4946:*:*:*:*:*:x64:*,All Other Vulnerabilities,No confirmed exploitation or public exploit code identified.,8.8,0.00393,0.32425,False,False,unproven,,,,,,False,False,False,None,Heap-based buffer overflow in Reliable Multicast Transport Driver (RMCAST) allows an unauthorized attacker to execute code over an adjacent network.
CVE-2025-58718,cpe:2.3:o:microsoft:windows_server_2025:10.0.26100.4946:*:*:*:*:*:x64:*,All Other Vulnerabilities,No confirmed exploitation or public exploit code identified.,8.8,0.00574,0.44659,False,False,unproven,,,,,,False,False,False,None,Use after free in Remote Desktop Client allows an unauthorized attacker to execute code over a network.
CVE-2025-55234,cpe:2.3:o:microsoft:windows_server_2025:10.0.26100.4946:*:*:*:*:*:x64:*,All Other Vulnerabilities,No confirmed exploitation or public exploit code identified.,8.8,0.20092,0.97221,False,False,unproven,,,,,,False,False,False,None,"SMB Server might be susceptible to relay attacks depending on the configuration. An attacker who successfully exploited these vulnerabilities could perform relay attacks and make the users subject to elevation of privilege attacks.
The SMB Server already supports mechanisms for hardening against relay attacks:

SMB Server signing
SMB Server Extended Protection for Authentication (EPA)

Microsoft is releasing this CVE to provide customers with audit capabilities to help them to assess their environment and to identify any potential device or software incompatibility issues before deploying SMB Server hardening measures that protect against relay attacks.
If you have not already enabled SMB Server hardening measures, we advise customers to take the following actions to be protected from these relay attacks:

Assess your environment by utilizing the audit capabilities that we are exposing in the September 2025 security updates.  See Support for Audit Events to deploy SMB Server Hardening—SMB Server Signing &amp; SMB Server EPA.
Adopt appropriate SMB Server hardening measures."
CVE-2026-58626,cpe:2.3:o:microsoft:windows_server_2025:10.0.26100.4946:*:*:*:*:*:x64:*,All Other Vulnerabilities,No confirmed exploitation or public exploit code identified.,8.8,0.00852,0.55175,False,False,unproven,,,,,,False,False,False,None,Use after free in Windows Remote Desktop Services allows an authorized attacker to execute code over a network.
CVE-2026-32157,cpe:2.3:o:microsoft:windows_server_2025:10.0.26100.4946:*:*:*:*:*:x64:*,All Other Vulnerabilities,No confirmed exploitation or public exploit code identified.,8.8,0.00778,0.5283,False,False,unproven,,,,,,False,False,False,None,Use after free in Remote Desktop Client allows an unauthorized attacker to execute code over a network.
CVE-2026-62817,cpe:2.3:o:microsoft:windows_server_2025:10.0.26100.4946:*:*:*:*:*:x64:*,All Other Vulnerabilities,No confirmed exploitation or public exploit code identified.,8.8,0.0057,0.44424,False,False,unproven,,,,,,False,False,False,None,Out-of-bounds write in Windows DNS allows an unauthorized attacker to execute code over an adjacent network.
CVE-2026-47289,cpe:2.3:o:microsoft:windows_server_2025:10.0.26100.4946:*:*:*:*:*:x64:*,All Other Vulnerabilities,No confirmed exploitation or public exploit code identified.,8.8,0.00954,0.58402,False,False,unproven,,,,,,False,False,False,None,Heap-based buffer overflow in Remote Desktop Client allows an unauthorized attacker to execute code over a network.
CVE-2026-50666,cpe:2.3:o:microsoft:windows_server_2025:10.0.26100.4946:*:*:*:*:*:x64:*,All Other Vulnerabilities,No confirmed exploitation or public exploit code identified.,8.8,0.00618,0.46694,False,False,unproven,,,,,,False,False,False,None,Use after free in Windows Remote Access Connection Manager allows an authorized attacker to elevate privileges over a network.
CVE-2026-21255,cpe:2.3:o:microsoft:windows_server_2025:10.0.26100.4946:*:*:*:*:*:x64:*,All Other Vulnerabilities,No confirmed exploitation or public exploit code identified.,8.8,0.00356,0.28682,False,False,unproven,,,,,,False,False,False,None,Improper access control in Windows Hyper-V allows an authorized attacker to bypass a security feature locally.
CVE-2026-57087,cpe:2.3:o:microsoft:windows_server_2025:10.0.26100.4946:*:*:*:*:*:x64:*,All Other Vulnerabilities,No confirmed exploitation or public exploit code identified.,8.8,0.00802,0.53606,False,False,unproven,,,,,,False,False,False,None,Heap-based buffer overflow in Microsoft Windows Media Foundation allows an unauthorized attacker to execute code over a network.
CVE-2025-58715,cpe:2.3:o:microsoft:windows_server_2025:10.0.26100.4946:*:*:*:*:*:x64:*,All Other Vulnerabilities,No confirmed exploitation or public exploit code identified.,8.8,0.00369,0.29919,False,False,unproven,,,,,,False,False,False,None,Integer overflow or wraparound in Microsoft Windows Speech allows an authorized attacker to elevate privileges locally.
CVE-2026-62784,cpe:2.3:o:microsoft:windows_server_2025:10.0.26100.4946:*:*:*:*:*:x64:*,All Other Vulnerabilities,No confirmed exploitation or public exploit code identified.,8.8,0.00915,0.57157,False,False,unproven,,,,,,False,False,False,None,Heap-based buffer overflow in Microsoft Local Security Authority Server (lsasrv) allows an authorized attacker to execute code over a network.
CVE-2026-62822,cpe:2.3:o:microsoft:windows_server_2025:10.0.26100.4946:*:*:*:*:*:x64:*,All Other Vulnerabilities,No confirmed exploitation or public exploit code identified.,8.8,0.0062,0.46789,False,False,unproven,,,,,,False,False,False,None,Integer overflow or wraparound in Windows GDI+ allows an unauthorized attacker to execute code over a network.
CVE-2026-62818,cpe:2.3:o:microsoft:windows_server_2025:10.0.26100.4946:*:*:*:*:*:x64:*,All Other Vulnerabilities,No confirmed exploitation or public exploit code identified.,8.8,0.00953,0.58379,False,False,unproven,,,,,,False,False,False,None,Use after free in Active Directory Certificate Services (AD CS) allows an authorized attacker to execute code over a network.
CVE-2026-25188,cpe:2.3:o:microsoft:windows_server_2025:10.0.26100.4946:*:*:*:*:*:x64:*,All Other Vulnerabilities,No confirmed exploitation or public exploit code identified.,8.8,0.00552,0.43507,False,False,unproven,,,,,,False,False,False,None,Heap-based buffer overflow in Windows Telephony Service allows an unauthorized attacker to elevate privileges over an adjacent network.
CVE-2026-50370,cpe:2.3:o:microsoft:windows_server_2025:10.0.26100.4946:*:*:*:*:*:x64:*,All Other Vulnerabilities,No confirmed exploitation or public exploit code identified.,8.8,0.00494,0.40212,False,False,unproven,,,,,,False,False,False,None,Heap-based buffer overflow in Windows DHCP Server allows an unauthorized attacker to execute code over an adjacent network.
CVE-2026-56647,cpe:2.3:o:microsoft:windows_server_2025:10.0.26100.4946:*:*:*:*:*:x64:*,All Other Vulnerabilities,No confirmed exploitation or public exploit code identified.,8.8,0.00852,0.55175,False,False,unproven,,,,,,False,False,False,None,Integer overflow or wraparound in Windows Remote Access Service Infrastructure allows an authorized attacker to elevate privileges over a network.
CVE-2026-54982,cpe:2.3:o:microsoft:windows_server_2025:10.0.26100.4946:*:*:*:*:*:x64:*,All Other Vulnerabilities,No confirmed exploitation or public exploit code identified.,8.8,0.0038,0.31119,False,False,unproven,,,,,,False,False,False,None,Integer underflow (wrap or wraparound) in Reliable Multicast Transport Driver (RMCAST) allows an unauthorized attacker to execute code over an adjacent network.
CVE-2026-50385,cpe:2.3:o:microsoft:windows_server_2025:10.0.26100.4946:*:*:*:*:*:x64:*,All Other Vulnerabilities,No confirmed exploitation or public exploit code identified.,8.8,0.00184,0.08264,False,False,unproven,,,,,,False,False,False,None,Concurrent execution using shared resource with improper synchronization ('race condition') in Windows Runtime allows an authorized attacker to elevate privileges locally.
CVE-2026-49795,cpe:2.3:o:microsoft:windows_server_2025:10.0.26100.4946:*:*:*:*:*:x64:*,All Other Vulnerabilities,No confirmed exploitation or public exploit code identified.,8.8,0.01897,0.77881,False,False,unproven,,,,,,False,False,False,None,Use after free in Windows Kernel allows an authorized attacker to elevate privileges locally.
CVE-2025-59295,cpe:2.3:o:microsoft:windows_server_2025:10.0.26100.4946:*:*:*:*:*:x64:*,All Other Vulnerabilities,No confirmed exploitation or public exploit code identified.,8.8,0.01847,0.77258,False,False,unproven,,,,,,False,False,False,None,Heap-based buffer overflow in Internet Explorer allows an unauthorized attacker to execute code over a network.
CVE-2026-58534,cpe:2.3:o:microsoft:windows_server_2025:10.0.26100.4946:*:*:*:*:*:x64:*,All Other Vulnerabilities,No confirmed exploitation or public exploit code identified.,8.8,0.00317,0.24437,False,False,unproven,,,,,,False,False,False,None,Heap-based buffer overflow in Microsoft Input Method Editor (IME) allows an authorized attacker to elevate privileges locally.
CVE-2026-58608,cpe:2.3:o:microsoft:windows_server_2025:10.0.26100.4946:*:*:*:*:*:x64:*,All Other Vulnerabilities,No confirmed exploitation or public exploit code identified.,8.8,0.00425,0.35402,False,False,unproven,,,,,,False,False,False,None,Concurrent execution using shared resource with improper synchronization ('race condition') in Windows Print Spooler Components allows an authorized attacker to execute code over a network.
CVE-2026-50489,cpe:2.3:o:microsoft:windows_server_2025:10.0.26100.4946:*:*:*:*:*:x64:*,All Other Vulnerabilities,No confirmed exploitation or public exploit code identified.,8.8,0.00361,0.2914,False,False,unproven,,,,,,False,False,False,None,Heap-based buffer overflow in Windows Win32K allows an authorized attacker to elevate privileges locally.
CVE-2026-50474,cpe:2.3:o:microsoft:windows_server_2025:10.0.26100.4946:*:*:*:*:*:x64:*,All Other Vulnerabilities,No confirmed exploitation or public exploit code identified.,8.8,0.00612,0.46403,False,False,unproven,,,,,,False,False,False,None,Use after free in Remote Desktop Client allows an unauthorized attacker to execute code over a network.
CVE-2026-34329,cpe:2.3:o:microsoft:windows_server_2025:10.0.26100.4946:*:*:*:*:*:x64:*,All Other Vulnerabilities,No confirmed exploitation or public exploit code identified.,8.8,0.00461,0.38057,False,False,unproven,,,,,,False,False,False,None,Heap-based buffer overflow in Windows Message Queuing allows an unauthorized attacker to execute code over an adjacent network.
CVE-2026-57090,cpe:2.3:o:microsoft:windows_server_2025:10.0.26100.4946:*:*:*:*:*:x64:*,All Other Vulnerabilities,No confirmed exploitation or public exploit code identified.,8.8,0.00812,0.53953,False,False,unproven,,,,,,False,False,False,None,Heap-based buffer overflow in Microsoft Windows Media Foundation allows an unauthorized attacker to execute code over a network.
CVE-2026-57094,cpe:2.3:o:microsoft:windows_server_2025:10.0.26100.4946:*:*:*:*:*:x64:*,All Other Vulnerabilities,No confirmed exploitation or public exploit code identified.,8.8,0.00829,0.54503,False,False,unproven,,,,,,False,False,False,None,Heap-based buffer overflow in Microsoft Windows Media Foundation allows an unauthorized attacker to execute code over a network.
CVE-2026-26178,cpe:2.3:o:microsoft:windows_server_2025:10.0.26100.4946:*:*:*:*:*:x64:*,All Other Vulnerabilities,No confirmed exploitation or public exploit code identified.,8.8,0.00416,0.34635,False,False,unproven,,,,,,False,False,False,None,Integer size truncation in Windows Advanced Rasterization Platform (WARP) allows an unauthorized attacker to elevate privileges locally.
CVE-2026-20868,cpe:2.3:o:microsoft:windows_server_2025:10.0.26100.4946:*:*:*:*:*:x64:*,All Other Vulnerabilities,No confirmed exploitation or public exploit code identified.,8.8,0.0139,0.70002,False,False,unproven,,,,,,False,False,False,None,Heap-based buffer overflow in Windows Routing and Remote Access Service (RRAS) allows an unauthorized attacker to execute code over a network.
CVE-2025-64678,cpe:2.3:o:microsoft:windows_server_2025:10.0.26100.4946:*:*:*:*:*:x64:*,All Other Vulnerabilities,No confirmed exploitation or public exploit code identified.,8.8,0.01047,0.61353,False,False,unproven,,,,,,False,False,False,None,Heap-based buffer overflow in Windows Routing and Remote Access Service (RRAS) allows an unauthorized attacker to execute code over a network.
CVE-2026-48564,cpe:2.3:o:microsoft:windows_server_2025:10.0.26100.4946:*:*:*:*:*:x64:*,All Other Vulnerabilities,No confirmed exploitation or public exploit code identified.,8.8,0.00763,0.52369,False,False,unproven,,,,,,False,False,False,None,Heap-based buffer overflow in Windows DHCP Server allows an authorized attacker to execute code over a network.
CVE-2026-49179,cpe:2.3:o:microsoft:windows_server_2025:10.0.26100.4946:*:*:*:*:*:x64:*,All Other Vulnerabilities,No confirmed exploitation or public exploit code identified.,8.8,0.00814,0.5399,False,False,unproven,,,,,,False,False,False,None,Improper neutralization of special elements used in a command ('command injection') in Windows Active Directory allows an unauthorized attacker to execute code over a network.
CVE-2025-54110,cpe:2.3:o:microsoft:windows_server_2025:10.0.26100.4946:*:*:*:*:*:x64:*,All Other Vulnerabilities,No confirmed exploitation or public exploit code identified.,8.8,0.04059,0.89784,False,False,unproven,,,,,,False,False,False,None,Integer overflow or wraparound in Windows Kernel allows an authorized attacker to elevate privileges locally.
CVE-2026-40403,cpe:2.3:o:microsoft:windows_server_2025:10.0.26100.4946:*:*:*:*:*:x64:*,All Other Vulnerabilities,No confirmed exploitation or public exploit code identified.,8.8,0.00427,0.3559,False,False,unproven,,,,,,False,False,False,None,Heap-based buffer overflow in Windows Win32K - GRFX allows an authorized attacker to execute code locally.
CVE-2026-62790,cpe:2.3:o:microsoft:windows_server_2025:10.0.26100.4946:*:*:*:*:*:x64:*,All Other Vulnerabilities,No confirmed exploitation or public exploit code identified.,8.8,0.00664,0.48738,False,False,unproven,,,,,,False,False,False,None,Heap-based buffer overflow in Windows SMB Server allows an authorized attacker to execute code over a network.
CVE-2026-62823,cpe:2.3:o:microsoft:windows_server_2025:10.0.26100.4946:*:*:*:*:*:x64:*,All Other Vulnerabilities,No confirmed exploitation or public exploit code identified.,8.8,0.00543,0.43026,False,False,unproven,,,,,,False,False,False,None,Heap-based buffer overflow in Windows DHCP Server allows an unauthorized attacker to execute code over an adjacent network.
CVE-2026-50413,cpe:2.3:o:microsoft:windows_server_2025:10.0.26100.4946:*:*:*:*:*:x64:*,All Other Vulnerabilities,No confirmed exploitation or public exploit code identified.,8.8,0.00245,0.15898,False,False,unproven,,,,,,False,False,False,None,Use after free in Windows Runtime allows an authorized attacker to elevate privileges locally.
CVE-2025-62456,cpe:2.3:o:microsoft:windows_server_2025:10.0.26100.4946:*:*:*:*:*:x64:*,All Other Vulnerabilities,No confirmed exploitation or public exploit code identified.,8.8,0.01081,0.62306,False,False,unproven,,,,,,False,False,False,None,Heap-based buffer overflow in Windows Resilient File System (ReFS) allows an authorized attacker to execute code over a network.
CVE-2026-47653,cpe:2.3:o:microsoft:windows_server_2025:10.0.26100.4946:*:*:*:*:*:x64:*,All Other Vulnerabilities,No confirmed exploitation or public exploit code identified.,8.8,0.00602,0.45931,False,False,unproven,,,,,,False,False,False,None,Use after free in Remote Desktop Client allows an unauthorized attacker to execute code over a network.
CVE-2026-45648,cpe:2.3:o:microsoft:windows_server_2025:10.0.26100.4946:*:*:*:*:*:x64:*,All Other Vulnerabilities,No confirmed exploitation or public exploit code identified.,8.8,0.01124,0.63518,False,False,unproven,,,,,,False,False,False,None,Stack-based buffer overflow in Active Directory Domain Services allows an authorized attacker to execute code over a network.
CVE-2026-32225,cpe:2.3:o:microsoft:windows_server_2025:10.0.26100.4946:*:*:*:*:*:x64:*,All Other Vulnerabilities,No confirmed exploitation or public exploit code identified.,8.8,0.00908,0.56954,False,False,unproven,,,,,,False,False,False,None,Protection mechanism failure in Windows Shell allows an unauthorized attacker to bypass a security feature over a network.
CVE-2026-62795,cpe:2.3:o:microsoft:windows_server_2025:10.0.26100.4946:*:*:*:*:*:x64:*,All Other Vulnerabilities,No confirmed exploitation or public exploit code identified.,8.8,0.00595,0.4561,False,False,unproven,,,,,,False,False,False,None,Use after free in Windows LDAP - Lightweight Directory Access Protocol allows an unauthorized attacker to execute code over a network.
CVE-2026-56194,cpe:2.3:o:microsoft:windows_server_2025:10.0.26100.4946:*:*:*:*:*:x64:*,All Other Vulnerabilities,No confirmed exploitation or public exploit code identified.,8.8,0.00852,0.55175,False,False,unproven,,,,,,False,False,False,None,Heap-based buffer overflow in Windows Network File System allows an authorized attacker to elevate privileges over a network.
CVE-2026-50687,cpe:2.3:o:microsoft:windows_server_2025:10.0.26100.4946:*:*:*:*:*:x64:*,All Other Vulnerabilities,No confirmed exploitation or public exploit code identified.,8.8,0.00317,0.24438,False,False,unproven,,,,,,False,False,False,None,Use after free in Windows Kernel allows an authorized attacker to elevate privileges locally.
CVE-2026-50692,cpe:2.3:o:microsoft:windows_server_2025:10.0.26100.4946:*:*:*:*:*:x64:*,All Other Vulnerabilities,No confirmed exploitation or public exploit code identified.,8.8,0.00317,0.24438,False,False,unproven,,,,,,False,False,False,None,Heap-based buffer overflow in Desktop Window Manager allows an authorized attacker to elevate privileges locally.
CVE-2025-54113,cpe:2.3:o:microsoft:windows_server_2025:10.0.26100.4946:*:*:*:*:*:x64:*,All Other Vulnerabilities,No confirmed exploitation or public exploit code identified.,8.8,0.00904,0.56803,False,False,unproven,,,,,,False,False,False,None,Heap-based buffer overflow in Windows Routing and Remote Access Service (RRAS) allows an unauthorized attacker to execute code over a network.
CVE-2026-50382,cpe:2.3:o:microsoft:windows_server_2025:10.0.26100.4946:*:*:*:*:*:x64:*,All Other Vulnerabilities,No confirmed exploitation or public exploit code identified.,8.8,0.00269,0.19114,False,False,unproven,,,,,,False,False,False,None,Untrusted pointer dereference in Windows DirectX allows an authorized attacker to execute code locally.
CVE-2026-58594,cpe:2.3:o:microsoft:windows_server_2025:10.0.26100.4946:*:*:*:*:*:x64:*,All Other Vulnerabilities,No confirmed exploitation or public exploit code identified.,8.8,0.00767,0.52505,False,False,unproven,,,,,,False,False,False,None,Integer overflow or wraparound in Windows RDP allows an unauthorized attacker to execute code over a network.
CVE-2026-26167,cpe:2.3:o:microsoft:windows_server_2025:10.0.26100.4946:*:*:*:*:*:x64:*,All Other Vulnerabilities,No confirmed exploitation or public exploit code identified.,8.8,0.00177,0.07509,False,False,unproven,,,,,,False,False,False,None,Concurrent execution using shared resource with improper synchronization ('race condition') in Windows Push Notifications allows an authorized attacker to elevate privileges locally.
CVE-2026-50477,cpe:2.3:o:microsoft:windows_server_2025:10.0.26100.4946:*:*:*:*:*:x64:*,All Other Vulnerabilities,No confirmed exploitation or public exploit code identified.,8.8,0.00317,0.24484,False,False,unproven,,,,,,False,False,False,None,Heap-based buffer overflow in Windows Kernel allows an authorized attacker to elevate privileges locally.
CVE-2026-62800,cpe:2.3:o:microsoft:windows_server_2025:10.0.26100.4946:*:*:*:*:*:x64:*,All Other Vulnerabilities,No confirmed exploitation or public exploit code identified.,8.8,0.00915,0.57157,False,False,unproven,,,,,,False,False,False,None,Heap-based buffer overflow in Windows SMB Server allows an authorized attacker to execute code over a network.
CVE-2025-58716,cpe:2.3:o:microsoft:windows_server_2025:10.0.26100.4946:*:*:*:*:*:x64:*,All Other Vulnerabilities,No confirmed exploitation or public exploit code identified.,8.8,0.00369,0.2992,False,False,unproven,,,,,,False,False,False,None,Improper input validation in Microsoft Windows Speech allows an authorized attacker to elevate privileges locally.
CVE-2026-42985,cpe:2.3:o:microsoft:windows_server_2025:10.0.26100.4946:*:*:*:*:*:x64:*,All Other Vulnerabilities,No confirmed exploitation or public exploit code identified.,8.8,0.0126,0.67095,False,False,unproven,,,,,,False,False,False,None,Use after free in Remote Desktop Client allows an unauthorized attacker to execute code over a network.
CVE-2026-50398,cpe:2.3:o:microsoft:windows_server_2025:10.0.26100.4946:*:*:*:*:*:x64:*,All Other Vulnerabilities,No confirmed exploitation or public exploit code identified.,8.8,0.00393,0.32423,False,False,unproven,,,,,,False,False,False,None,Concurrent execution using shared resource with improper synchronization ('race condition') in Windows Media allows an authorized attacker to elevate privileges over a network.
CVE-2026-54999,cpe:2.3:o:microsoft:windows_server_2025:10.0.26100.4946:*:*:*:*:*:x64:*,All Other Vulnerabilities,No confirmed exploitation or public exploit code identified.,8.8,0.00291,0.21625,False,False,unproven,,,,,,False,False,False,None,Concurrent execution using shared resource with improper synchronization ('race condition') in Windows TCP/IP allows an unauthorized attacker to execute code over an adjacent network.
CVE-2026-50670,cpe:2.3:o:microsoft:windows_server_2025:10.0.26100.4946:*:*:*:*:*:x64:*,All Other Vulnerabilities,No confirmed exploitation or public exploit code identified.,8.8,0.0024,0.15275,False,False,unproven,,,,,,False,False,False,None,Out-of-bounds read in Windows Kernel allows an authorized attacker to elevate privileges locally.
CVE-2026-50360,cpe:2.3:o:microsoft:windows_server_2025:10.0.26100.4946:*:*:*:*:*:x64:*,All Other Vulnerabilities,No confirmed exploitation or public exploit code identified.,8.8,0.00526,0.42133,False,False,unproven,,,,,,False,False,False,None,Incorrect implementation of authentication algorithm in Windows SMB Server allows an authorized attacker to elevate privileges over a network.
CVE-2025-62549,cpe:2.3:o:microsoft:windows_server_2025:10.0.26100.4946:*:*:*:*:*:x64:*,All Other Vulnerabilities,No confirmed exploitation or public exploit code identified.,8.8,0.01288,0.67761,False,False,unproven,,,,,,False,False,False,None,Untrusted pointer dereference in Windows Routing and Remote Access Service (RRAS) allows an unauthorized attacker to execute code over a network.
CVE-2026-50369,cpe:2.3:o:microsoft:windows_server_2025:10.0.26100.4946:*:*:*:*:*:x64:*,All Other Vulnerabilities,No confirmed exploitation or public exploit code identified.,8.8,0.00682,0.49468,False,False,unproven,,,,,,False,False,False,None,Use after free in Windows Remote Desktop Services allows an authorized attacker to elevate privileges over a network.
CVE-2026-23669,cpe:2.3:o:microsoft:windows_server_2025:10.0.26100.4946:*:*:*:*:*:x64:*,All Other Vulnerabilities,No confirmed exploitation or public exploit code identified.,8.8,0.00912,0.57074,False,False,unproven,,,,,,False,False,False,None,Use after free in RPC Runtime allows an authorized attacker to execute code over a network.
CVE-2025-54106,cpe:2.3:o:microsoft:windows_server_2025:10.0.26100.4946:*:*:*:*:*:x64:*,All Other Vulnerabilities,No confirmed exploitation or public exploit code identified.,8.8,0.01394,0.70066,False,False,unproven,,,,,,False,False,False,None,Integer overflow or wraparound in Windows Routing and Remote Access Service (RRAS) allows an unauthorized attacker to execute code over a network.
CVE-2026-62785,cpe:2.3:o:microsoft:windows_server_2025:10.0.26100.4946:*:*:*:*:*:x64:*,All Other Vulnerabilities,No confirmed exploitation or public exploit code identified.,8.8,0.0082,0.54211,False,False,unproven,,,,,,False,False,False,None,Heap-based buffer overflow in Windows LDAP - Lightweight Directory Access Protocol allows an unauthorized attacker to execute code over a network.
CVE-2026-27928,cpe:2.3:o:microsoft:windows_server_2025:10.0.26100.4946:*:*:*:*:*:x64:*,All Other Vulnerabilities,No confirmed exploitation or public exploit code identified.,8.7,0.00408,0.33978,False,False,unproven,,,,,,False,False,False,None,Improper input validation in Windows Hello allows an unauthorized attacker to bypass a security feature over a network.
CVE-2026-50340,cpe:2.3:o:microsoft:windows_server_2025:10.0.26100.4946:*:*:*:*:*:x64:*,All Other Vulnerabilities,No confirmed exploitation or public exploit code identified.,8.5,0.00502,0.40644,False,False,unproven,,,,,,False,False,False,None,Use after free in Windows Runtime allows an authorized attacker to elevate privileges over a network.
CVE-2026-54122,cpe:2.3:o:microsoft:windows_server_2025:10.0.26100.4946:*:*:*:*:*:x64:*,All Other Vulnerabilities,No confirmed exploitation or public exploit code identified.,8.4,0.00283,0.20817,False,False,unproven,,,,,,False,False,False,None,Heap-based buffer overflow in Windows GDI+ allows an unauthorized attacker to execute code locally.
CVE-2026-49184,cpe:2.3:o:microsoft:windows_server_2025:10.0.26100.4946:*:*:*:*:*:x64:*,All Other Vulnerabilities,No confirmed exploitation or public exploit code identified.,8.4,0.00265,0.18472,False,False,unproven,,,,,,False,False,False,None,Heap-based buffer overflow in Windows NTFS allows an unauthorized attacker to execute code locally.
CVE-2026-44810,cpe:2.3:o:microsoft:windows_server_2025:10.0.26100.4946:*:*:*:*:*:x64:*,All Other Vulnerabilities,No confirmed exploitation or public exploit code identified.,8.4,0.00261,0.17937,False,False,unproven,,,,,,False,False,False,None,Improper authentication in Windows Cryptographic Services allows an unauthorized attacker to elevate privileges locally.
CVE-2026-45641,cpe:2.3:o:microsoft:windows_server_2025:10.0.26100.4946:*:*:*:*:*:x64:*,All Other Vulnerabilities,No confirmed exploitation or public exploit code identified.,8.4,0.00307,0.23308,False,False,unproven,,,,,,False,False,False,None,Access of resource using incompatible type ('type confusion') in Windows Hyper-V allows an unauthorized attacker to execute code locally.
CVE-2026-32091,cpe:2.3:o:microsoft:windows_server_2025:10.0.26100.4946:*:*:*:*:*:x64:*,All Other Vulnerabilities,No confirmed exploitation or public exploit code identified.,8.4,0.00157,0.05402,False,False,unproven,,,,,,False,False,False,None,Concurrent execution using shared resource with improper synchronization ('race condition') in Microsoft Brokering File System allows an unauthorized attacker to elevate privileges locally.
CVE-2026-54128,cpe:2.3:o:microsoft:windows_server_2025:10.0.26100.4946:*:*:*:*:*:x64:*,All Other Vulnerabilities,No confirmed exploitation or public exploit code identified.,8.4,0.00301,0.22611,False,False,unproven,,,,,,False,False,False,None,Use after free in Windows DHCP Client allows an unauthorized attacker to execute code locally.
CVE-2026-45607,cpe:2.3:o:microsoft:windows_server_2025:10.0.26100.4946:*:*:*:*:*:x64:*,All Other Vulnerabilities,No confirmed exploitation or public exploit code identified.,8.4,0.00357,0.28722,False,False,unproven,,,,,,False,False,False,None,Out-of-bounds read in Windows Hyper-V allows an unauthorized attacker to execute code locally.
CVE-2026-32162,cpe:2.3:o:microsoft:windows_server_2025:10.0.26100.4946:*:*:*:*:*:x64:*,All Other Vulnerabilities,No confirmed exploitation or public exploit code identified.,8.4,0.02034,0.79434,False,False,unproven,,,,,,False,False,False,None,Acceptance of extraneous untrusted data with trusted data in Windows COM allows an unauthorized attacker to elevate privileges locally.
CVE-2026-32221,cpe:2.3:o:microsoft:windows_server_2025:10.0.26100.4946:*:*:*:*:*:x64:*,All Other Vulnerabilities,No confirmed exploitation or public exploit code identified.,8.4,0.00292,0.21645,False,False,unproven,,,,,,False,False,False,None,Heap-based buffer overflow in Microsoft Graphics Component allows an unauthorized attacker to execute code locally.
CVE-2026-56179,cpe:2.3:o:microsoft:windows_server_2025:10.0.26100.4946:*:*:*:*:*:x64:*,All Other Vulnerabilities,No confirmed exploitation or public exploit code identified.,8.3,0.00234,0.14523,False,False,unproven,,,,,,False,False,False,None,Origin validation error in Windows Network Address Translation (NAT) allows an unauthorized attacker to perform spoofing over an adjacent network.
CVE-2026-56181,cpe:2.3:o:microsoft:windows_server_2025:10.0.26100.4946:*:*:*:*:*:x64:*,All Other Vulnerabilities,No confirmed exploitation or public exploit code identified.,8.3,0.00237,0.14941,False,False,unproven,,,,,,False,False,False,None,Origin validation error in Windows Network Address Translation (NAT) allows an unauthorized attacker to perform spoofing over an adjacent network.
CVE-2026-50429,cpe:2.3:o:microsoft:windows_server_2025:10.0.26100.4946:*:*:*:*:*:x64:*,All Other Vulnerabilities,No confirmed exploitation or public exploit code identified.,8.2,0.00768,0.52528,False,False,unproven,,,,,,False,False,False,None,Out-of-bounds read in Windows Kernel allows an unauthorized attacker to disclose information over a network.
CVE-2026-47652,cpe:2.3:o:microsoft:windows_server_2025:10.0.26100.4946:*:*:*:*:*:x64:*,All Other Vulnerabilities,No confirmed exploitation or public exploit code identified.,8.2,0.00341,0.27082,False,False,unproven,,,,,,False,False,False,None,Heap-based buffer overflow in Windows Hyper-V allows an authorized attacker to execute code locally.
CVE-2026-50680,cpe:2.3:o:microsoft:windows_server_2025:10.0.26100.4946:*:*:*:*:*:x64:*,All Other Vulnerabilities,No confirmed exploitation or public exploit code identified.,8.2,0.00341,0.27099,False,False,unproven,,,,,,False,False,False,None,Heap-based buffer overflow in Windows Hyper-V allows an authorized attacker to elevate privileges locally.
CVE-2026-42900,cpe:2.3:o:microsoft:windows_server_2025:10.0.26100.4946:*:*:*:*:*:x64:*,All Other Vulnerabilities,No confirmed exploitation or public exploit code identified.,8.1,0.00389,0.32075,False,False,unproven,,,,,,False,False,False,None,Concurrent execution using shared resource with improper synchronization ('race condition') in Windows App Store allows an unauthorized attacker to elevate privileges over a network.
CVE-2026-62792,cpe:2.3:o:microsoft:windows_server_2025:10.0.26100.4946:*:*:*:*:*:x64:*,All Other Vulnerabilities,No confirmed exploitation or public exploit code identified.,8.1,0.00708,0.50443,False,False,unproven,,,,,,False,False,False,None,Stack-based buffer overflow in Windows TCP/IP allows an unauthorized attacker to execute code over a network.
CVE-2026-54995,cpe:2.3:o:microsoft:windows_server_2025:10.0.26100.4946:*:*:*:*:*:x64:*,All Other Vulnerabilities,No confirmed exploitation or public exploit code identified.,8.1,0.0059,0.45427,False,False,unproven,,,,,,False,False,False,None,Use after free in Reliable Multicast Transport Driver (RMCAST) allows an unauthorized attacker to execute code over a network.
CVE-2026-71331,cpe:2.3:o:microsoft:windows_server_2025:10.0.26100.4946:*:*:*:*:*:x64:*,All Other Vulnerabilities,No confirmed exploitation or public exploit code identified.,8.1,0.00454,0.3766,False,False,unproven,,,,,,False,False,False,None,Integer overflow or wraparound in Microsoft Azure Attestation service and Device Health Attestation Service allows an unauthorized attacker to execute code over a network.
CVE-2026-62889,cpe:2.3:o:microsoft:windows_server_2025:10.0.26100.4946:*:*:*:*:*:x64:*,All Other Vulnerabilities,No confirmed exploitation or public exploit code identified.,8.1,0.0056,0.43927,False,False,unproven,,,,,,False,False,False,None,Double free in Windows Secure Socket Tunneling Protocol (SSTP) allows an unauthorized attacker to execute code over a network.
CVE-2026-56186,cpe:2.3:o:microsoft:windows_server_2025:10.0.26100.4946:*:*:*:*:*:x64:*,All Other Vulnerabilities,No confirmed exploitation or public exploit code identified.,8.1,0.01059,0.61689,False,False,unproven,,,,,,False,False,False,None,Out-of-bounds read in Windows Schannel allows an authorized attacker to disclose information over a network.
CVE-2026-62778,cpe:2.3:o:microsoft:windows_server_2025:10.0.26100.4946:*:*:*:*:*:x64:*,All Other Vulnerabilities,No confirmed exploitation or public exploit code identified.,8.1,0.00517,0.41599,False,False,unproven,,,,,,False,False,False,None,Use after free in Windows DNS allows an unauthorized attacker to elevate privileges over a network.
CVE-2026-49164,cpe:2.3:o:microsoft:windows_server_2025:10.0.26100.4946:*:*:*:*:*:x64:*,All Other Vulnerabilities,No confirmed exploitation or public exploit code identified.,8.1,0.00649,0.48113,False,False,unproven,,,,,,False,False,False,None,Heap-based buffer overflow in Active Directory Domain Services allows an unauthorized attacker to execute code over a network.
CVE-2026-50460,cpe:2.3:o:microsoft:windows_server_2025:10.0.26100.4946:*:*:*:*:*:x64:*,All Other Vulnerabilities,No confirmed exploitation or public exploit code identified.,8.1,0.00506,0.40873,False,False,unproven,,,,,,False,False,False,None,Concurrent execution using shared resource with improper synchronization ('race condition') in Windows Runtime allows an unauthorized attacker to elevate privileges over a network.
CVE-2026-50694,cpe:2.3:o:microsoft:windows_server_2025:10.0.26100.4946:*:*:*:*:*:x64:*,All Other Vulnerabilities,No confirmed exploitation or public exploit code identified.,8.1,0.00662,0.48695,False,False,unproven,,,,,,False,False,False,None,Use after free in Windows Secure Socket Tunneling Protocol (SSTP) allows an unauthorized attacker to execute code over a network.
CVE-2026-33827,cpe:2.3:o:microsoft:windows_server_2025:10.0.26100.4946:*:*:*:*:*:x64:*,All Other Vulnerabilities,No confirmed exploitation or public exploit code identified.,8.1,0.00837,0.54735,False,False,unproven,,,,,,False,False,False,None,Concurrent execution using shared resource with improper synchronization ('race condition') in Windows TCP/IP allows an unauthorized attacker to execute code over a network.
CVE-2026-62820,cpe:2.3:o:microsoft:windows_server_2025:10.0.26100.4946:*:*:*:*:*:x64:*,All Other Vulnerabilities,No confirmed exploitation or public exploit code identified.,8.1,0.00453,0.37566,False,False,unproven,,,,,,False,False,False,None,Concurrent execution using shared resource with improper synchronization ('race condition') in Windows DNS allows an unauthorized attacker to execute code over a network.
CVE-2026-40415,cpe:2.3:o:microsoft:windows_server_2025:10.0.26100.4946:*:*:*:*:*:x64:*,All Other Vulnerabilities,No confirmed exploitation or public exploit code identified.,8.1,0.00789,0.53208,False,False,unproven,,,,,,False,False,False,None,Use after free in Windows TCP/IP allows an unauthorized attacker to execute code over a network.
CVE-2026-65789,cpe:2.3:o:microsoft:windows_server_2025:10.0.26100.4946:*:*:*:*:*:x64:*,All Other Vulnerabilities,No confirmed exploitation or public exploit code identified.,8.1,0.00454,0.3766,False,False,unproven,,,,,,False,False,False,None,Use after free in Windows DNS allows an unauthorized attacker to execute code over a network.
CVE-2026-20856,cpe:2.3:o:microsoft:windows_server_2025:10.0.26100.4946:*:*:*:*:*:x64:*,All Other Vulnerabilities,No confirmed exploitation or public exploit code identified.,8.1,0.01117,0.63332,False,False,unproven,,,,,,False,False,False,None,Improper input validation in Windows Server Update Service allows an unauthorized attacker to execute code over a network.
CVE-2026-65679,cpe:2.3:o:microsoft:windows_server_2025:10.0.26100.4946:*:*:*:*:*:x64:*,All Other Vulnerabilities,No confirmed exploitation or public exploit code identified.,8.1,0.00545,0.43177,False,False,unproven,,,,,,False,False,False,None,Heap-based buffer overflow in Windows iSCSI Target Service allows an unauthorized attacker to execute code over a network.
CVE-2026-50686,cpe:2.3:o:microsoft:windows_server_2025:10.0.26100.4946:*:*:*:*:*:x64:*,All Other Vulnerabilities,No confirmed exploitation or public exploit code identified.,8.1,0.00659,0.48566,False,False,unproven,,,,,,False,False,False,None,Access of resource using incompatible type ('type confusion') in Windows OLE allows an unauthorized attacker to execute code over a network.
CVE-2026-62819,cpe:2.3:o:microsoft:windows_server_2025:10.0.26100.4946:*:*:*:*:*:x64:*,All Other Vulnerabilities,No confirmed exploitation or public exploit code identified.,8.1,0.00579,0.44875,False,False,unproven,,,,,,False,False,False,None,Remote Code Execution in Windows Routing and Remote Access Service (RRAS) allows attacker to gain an unauthorized access to victim's machine
CVE-2026-62781,cpe:2.3:o:microsoft:windows_server_2025:10.0.26100.4946:*:*:*:*:*:x64:*,All Other Vulnerabilities,No confirmed exploitation or public exploit code identified.,8.1,0.00508,0.41031,False,False,unproven,,,,,,False,False,False,None,Heap-based buffer overflow in RPC Runtime allows an unauthorized attacker to execute code over a network.
CVE-2026-42974,cpe:2.3:o:microsoft:windows_server_2025:10.0.26100.4946:*:*:*:*:*:x64:*,All Other Vulnerabilities,No confirmed exploitation or public exploit code identified.,8.1,0.0064,0.4768,False,False,unproven,,,,,,False,False,False,None,Integer overflow or wraparound in Windows Performance Monitor allows an unauthorized attacker to execute code over a network.
CVE-2026-42981,cpe:2.3:o:microsoft:windows_server_2025:10.0.26100.4946:*:*:*:*:*:x64:*,All Other Vulnerabilities,No confirmed exploitation or public exploit code identified.,8.1,0.0064,0.47679,False,False,unproven,,,,,,False,False,False,None,Integer underflow (wrap or wraparound) in Windows Performance Monitor allows an unauthorized attacker to execute code over a network.
CVE-2026-45599,cpe:2.3:o:microsoft:windows_server_2025:10.0.26100.4946:*:*:*:*:*:x64:*,All Other Vulnerabilities,No confirmed exploitation or public exploit code identified.,8.1,0.0052,0.4178,False,False,unproven,,,,,,False,False,False,None,Use after free in Universal Plug and Play (upnp.dll) allows an unauthorized attacker to execute code over a network.
CVE-2026-50439,cpe:2.3:o:microsoft:windows_server_2025:10.0.26100.4946:*:*:*:*:*:x64:*,All Other Vulnerabilities,No confirmed exploitation or public exploit code identified.,8.1,0.00535,0.42644,False,False,unproven,,,,,,False,False,False,None,Use after free in Microsoft Message Queuing Queue Manager allows an unauthorized attacker to execute code over a network.
CVE-2026-66802,cpe:2.3:o:microsoft:windows_server_2025:10.0.26100.4946:*:*:*:*:*:x64:*,All Other Vulnerabilities,No confirmed exploitation or public exploit code identified.,8.1,0.0036,0.29081,False,False,unproven,,,,,,False,False,False,None,Concurrent execution using shared resource with improper synchronization ('race condition') in Microsoft Azure Attestation service and Device Health Attestation Service allows an unauthorized attacker to execute code over a network.
CVE-2026-42987,cpe:2.3:o:microsoft:windows_server_2025:10.0.26100.4946:*:*:*:*:*:x64:*,All Other Vulnerabilities,No confirmed exploitation or public exploit code identified.,8.1,0.00589,0.45338,False,False,unproven,,,,,,False,False,False,None,Use after free in Windows Deployment Services allows an unauthorized attacker to execute code over a network.
CVE-2026-45635,cpe:2.3:o:microsoft:windows_server_2025:10.0.26100.4946:*:*:*:*:*:x64:*,All Other Vulnerabilities,No confirmed exploitation or public exploit code identified.,8.1,0.0052,0.4178,False,False,unproven,,,,,,False,False,False,None,Access of resource using incompatible type ('type confusion') in Universal Plug and Play (upnp.dll) allows an unauthorized attacker to execute code over a network.
CVE-2026-65796,cpe:2.3:o:microsoft:windows_server_2025:10.0.26100.4946:*:*:*:*:*:x64:*,All Other Vulnerabilities,No confirmed exploitation or public exploit code identified.,8.1,0.00508,0.4103,False,False,unproven,,,,,,False,False,False,None,Heap-based buffer overflow in Windows iSCSI Target Service allows an unauthorized attacker to execute code over a network.
CVE-2026-50487,cpe:2.3:o:microsoft:windows_server_2025:10.0.26100.4946:*:*:*:*:*:x64:*,All Other Vulnerabilities,No confirmed exploitation or public exploit code identified.,8.1,0.00738,0.5151,False,False,unproven,,,,,,False,False,False,None,Use after free in Microsoft Windows DNS allows an unauthorized attacker to elevate privileges over a network.
CVE-2026-40400,cpe:2.3:o:microsoft:windows_server_2025:10.0.26100.4946:*:*:*:*:*:x64:*,All Other Vulnerabilities,No confirmed exploitation or public exploit code identified.,8.0,0.00701,0.50181,False,False,unproven,,,,,,False,False,False,None,Relative path traversal in Windows PowerShell allows an authorized attacker to execute code over a network.
CVE-2026-33826,cpe:2.3:o:microsoft:windows_server_2025:10.0.26100.4946:*:*:*:*:*:x64:*,All Other Vulnerabilities,No confirmed exploitation or public exploit code identified.,8.0,0.00535,0.42622,False,False,unproven,,,,,,False,False,False,None,Improper input validation in Windows Active Directory allows an authorized attacker to execute code over an adjacent network.
CVE-2026-34332,cpe:2.3:o:microsoft:windows_server_2025:10.0.26100.4946:*:*:*:*:*:x64:*,All Other Vulnerabilities,No confirmed exploitation or public exploit code identified.,8.0,0.00511,0.41183,False,False,unproven,,,,,,False,False,False,None,Use after free in Windows Kernel-Mode Drivers allows an authorized attacker to execute code over a network.
CVE-2026-42975,cpe:2.3:o:microsoft:windows_server_2025:10.0.26100.4946:*:*:*:*:*:x64:*,All Other Vulnerabilities,No confirmed exploitation or public exploit code identified.,8.0,0.00339,0.2676,False,False,unproven,,,,,,False,False,False,None,Heap-based buffer overflow in Windows Bluetooth Port Driver allows an unauthorized attacker to execute code over an adjacent network.
CVE-2026-25173,cpe:2.3:o:microsoft:windows_server_2025:10.0.26100.4946:*:*:*:*:*:x64:*,All Other Vulnerabilities,No confirmed exploitation or public exploit code identified.,8.0,0.00886,0.56254,False,False,unproven,,,,,,False,False,False,None,Integer overflow or wraparound in Windows Routing and Remote Access Service (RRAS) allows an authorized attacker to execute code over a network.
CVE-2026-49169,cpe:2.3:o:microsoft:windows_server_2025:10.0.26100.4946:*:*:*:*:*:x64:*,All Other Vulnerabilities,No confirmed exploitation or public exploit code identified.,8.0,0.00509,0.41083,False,False,unproven,,,,,,False,False,False,None,Use after free in DNS Server allows an authorized attacker to execute code over a network.
CVE-2025-62452,cpe:2.3:o:microsoft:windows_server_2025:10.0.26100.4946:*:*:*:*:*:x64:*,All Other Vulnerabilities,No confirmed exploitation or public exploit code identified.,8.0,0.00791,0.53242,False,False,unproven,,,,,,False,False,False,None,Heap-based buffer overflow in Windows Routing and Remote Access Service (RRAS) allows an authorized attacker to execute code over a network.
CVE-2026-50365,cpe:2.3:o:microsoft:windows_server_2025:10.0.26100.4946:*:*:*:*:*:x64:*,All Other Vulnerabilities,No confirmed exploitation or public exploit code identified.,8.0,0.00459,0.37969,False,False,unproven,,,,,,False,False,False,None,Improper authentication in Windows RPC API allows an unauthorized attacker to elevate privileges over an adjacent network.
CVE-2026-25172,cpe:2.3:o:microsoft:windows_server_2025:10.0.26100.4946:*:*:*:*:*:x64:*,All Other Vulnerabilities,No confirmed exploitation or public exploit code identified.,8.0,0.00904,0.56814,False,False,unproven,,,,,,False,False,False,None,Integer overflow or wraparound in Windows Routing and Remote Access Service (RRAS) allows an authorized attacker to execute code over a network.
CVE-2025-60715,cpe:2.3:o:microsoft:windows_server_2025:10.0.26100.4946:*:*:*:*:*:x64:*,All Other Vulnerabilities,No confirmed exploitation or public exploit code identified.,8.0,0.00791,0.53242,False,False,unproven,,,,,,False,False,False,None,Heap-based buffer overflow in Windows Routing and Remote Access Service (RRAS) allows an authorized attacker to execute code over a network.
CVE-2026-50683,cpe:2.3:o:microsoft:windows_server_2025:10.0.26100.4946:*:*:*:*:*:x64:*,All Other Vulnerabilities,No confirmed exploitation or public exploit code identified.,8.0,0.00488,0.39843,False,False,unproven,,,,,,False,False,False,None,Heap-based buffer overflow in Windows DHCP Server allows an authorized attacker to elevate privileges over an adjacent network.
CVE-2026-48570,cpe:2.3:o:microsoft:windows_server_2025:10.0.26100.4946:*:*:*:*:*:x64:*,All Other Vulnerabilities,No confirmed exploitation or public exploit code identified.,7.9,0.00303,0.22942,False,False,unproven,,,,,,False,False,False,None,Protection mechanism failure in Windows Secure Boot allows an authorized attacker to bypass a security feature locally.
CVE-2026-48573,cpe:2.3:o:microsoft:windows_server_2025:10.0.26100.4946:*:*:*:*:*:x64:*,All Other Vulnerabilities,No confirmed exploitation or public exploit code identified.,7.9,0.01029,0.60777,False,False,unproven,,,,,,False,False,False,None,No cwe for this issue in Windows Secure Boot allows an authorized attacker to bypass a security feature locally.
CVE-2026-45588,cpe:2.3:o:microsoft:windows_server_2025:10.0.26100.4946:*:*:*:*:*:x64:*,All Other Vulnerabilities,No confirmed exploitation or public exploit code identified.,7.9,0.00303,0.22943,False,False,unproven,,,,,,False,False,False,None,Protection mechanism failure in Windows Secure Boot allows an authorized attacker to bypass a security feature locally.
CVE-2026-48578,cpe:2.3:o:microsoft:windows_server_2025:10.0.26100.4946:*:*:*:*:*:x64:*,All Other Vulnerabilities,No confirmed exploitation or public exploit code identified.,7.9,0.00268,0.1896,False,False,unproven,,,,,,False,False,False,None,Improper access control in Windows Secure Boot allows an authorized attacker to elevate privileges locally.
CVE-2026-48576,cpe:2.3:o:microsoft:windows_server_2025:10.0.26100.4946:*:*:*:*:*:x64:*,All Other Vulnerabilities,No confirmed exploitation or public exploit code identified.,7.9,0.01028,0.60766,False,False,unproven,,,,,,False,False,False,None,No cwe for this issue in Windows Secure Boot allows an authorized attacker to bypass a security feature locally.
CVE-2026-48568,cpe:2.3:o:microsoft:windows_server_2025:10.0.26100.4946:*:*:*:*:*:x64:*,All Other Vulnerabilities,No confirmed exploitation or public exploit code identified.,7.9,0.00303,0.22942,False,False,unproven,,,,,,False,False,False,None,Protection mechanism failure in Windows Secure Boot allows an authorized attacker to bypass a security feature locally.
CVE-2026-47656,cpe:2.3:o:microsoft:windows_server_2025:10.0.26100.4946:*:*:*:*:*:x64:*,All Other Vulnerabilities,No confirmed exploitation or public exploit code identified.,7.9,0.00303,0.22943,False,False,unproven,,,,,,False,False,False,None,Protection mechanism failure in Windows Boot Manager allows an authorized attacker to bypass a security feature locally.
CVE-2026-45654,cpe:2.3:o:microsoft:windows_server_2025:10.0.26100.4946:*:*:*:*:*:x64:*,All Other Vulnerabilities,No confirmed exploitation or public exploit code identified.,7.9,0.00309,0.23467,False,False,unproven,,,,,,False,False,False,None,Improper access control in Windows Secure Boot allows an authorized attacker to bypass a security feature locally.
CVE-2026-48575,cpe:2.3:o:microsoft:windows_server_2025:10.0.26100.4946:*:*:*:*:*:x64:*,All Other Vulnerabilities,No confirmed exploitation or public exploit code identified.,7.9,0.00303,0.22942,False,False,unproven,,,,,,False,False,False,None,Protection mechanism failure in Windows Secure Boot allows an authorized attacker to bypass a security feature locally.
CVE-2026-26181,cpe:2.3:o:microsoft:windows_server_2025:10.0.26100.4946:*:*:*:*:*:x64:*,All Other Vulnerabilities,No confirmed exploitation or public exploit code identified.,7.8,0.00228,0.13777,False,False,unproven,,,,,,False,False,False,None,Use after free in Microsoft Brokering File System allows an authorized attacker to elevate privileges locally.
CVE-2026-42979,cpe:2.3:o:microsoft:windows_server_2025:10.0.26100.4946:*:*:*:*:*:x64:*,All Other Vulnerabilities,No confirmed exploitation or public exploit code identified.,7.8,0.00185,0.08401,False,False,unproven,,,,,,False,False,False,None,Concurrent execution using shared resource with improper synchronization ('race condition') in Windows Push Notifications allows an authorized attacker to elevate privileges locally.
CVE-2026-20918,cpe:2.3:o:microsoft:windows_server_2025:10.0.26100.4946:*:*:*:*:*:x64:*,All Other Vulnerabilities,No confirmed exploitation or public exploit code identified.,7.8,0.00309,0.23466,False,False,unproven,,,,,,False,False,False,None,Concurrent execution using shared resource with improper synchronization ('race condition') in Windows Management Services allows an authorized attacker to elevate privileges locally.
CVE-2026-32078,cpe:2.3:o:microsoft:windows_server_2025:10.0.26100.4946:*:*:*:*:*:x64:*,All Other Vulnerabilities,No confirmed exploitation or public exploit code identified.,7.8,0.00258,0.17608,False,False,unproven,,,,,,False,False,False,None,Use after free in Windows Projected File System allows an authorized attacker to elevate privileges locally.
CVE-2026-32159,cpe:2.3:o:microsoft:windows_server_2025:10.0.26100.4946:*:*:*:*:*:x64:*,All Other Vulnerabilities,No confirmed exploitation or public exploit code identified.,7.8,0.00201,0.10281,False,False,unproven,,,,,,False,False,False,None,Concurrent execution using shared resource with improper synchronization ('race condition') in Windows Push Notifications allows an authorized attacker to elevate privileges locally.
CVE-2026-50327,cpe:2.3:o:microsoft:windows_server_2025:10.0.26100.4946:*:*:*:*:*:x64:*,All Other Vulnerabilities,No confirmed exploitation or public exploit code identified.,7.8,0.00347,0.27727,False,False,unproven,,,,,,False,False,False,None,Heap-based buffer overflow in Windows Media allows an authorized attacker to execute code locally.
CVE-2025-53800,cpe:2.3:o:microsoft:windows_server_2025:10.0.26100.4946:*:*:*:*:*:x64:*,All Other Vulnerabilities,No confirmed exploitation or public exploit code identified.,7.8,0.00489,0.39911,False,False,unproven,,,,,,False,False,False,None,No cwe for this issue in Microsoft Graphics Component allows an authorized attacker to elevate privileges locally.
CVE-2025-59514,cpe:2.3:o:microsoft:windows_server_2025:10.0.26100.4946:*:*:*:*:*:x64:*,All Other Vulnerabilities,No confirmed exploitation or public exploit code identified.,7.8,0.00359,0.28953,False,False,unproven,,,,,,False,False,False,None,Improper privilege management in Microsoft Streaming Service allows an authorized attacker to elevate privileges locally.
CVE-2026-26180,cpe:2.3:o:microsoft:windows_server_2025:10.0.26100.4946:*:*:*:*:*:x64:*,All Other Vulnerabilities,No confirmed exploitation or public exploit code identified.,7.8,0.00298,0.22317,False,False,unproven,,,,,,False,False,False,None,Heap-based buffer overflow in Windows Kernel allows an authorized attacker to elevate privileges locally.
CVE-2026-50329,cpe:2.3:o:microsoft:windows_server_2025:10.0.26100.4946:*:*:*:*:*:x64:*,All Other Vulnerabilities,No confirmed exploitation or public exploit code identified.,7.8,0.0195,0.7851,False,False,unproven,,,,,,False,False,False,None,Use after free in Windows Kernel allows an authorized attacker to elevate privileges locally.
CVE-2026-61934,cpe:2.3:o:microsoft:windows_server_2025:10.0.26100.4946:*:*:*:*:*:x64:*,All Other Vulnerabilities,No confirmed exploitation or public exploit code identified.,7.8,0.00311,0.23757,False,False,unproven,,,,,,False,False,False,None,Use after free in Windows Bind Filter Driver allows an authorized attacker to elevate privileges locally.
CVE-2026-62712,cpe:2.3:o:microsoft:windows_server_2025:10.0.26100.4946:*:*:*:*:*:x64:*,All Other Vulnerabilities,No confirmed exploitation or public exploit code identified.,7.8,0.0038,0.31126,False,False,unproven,,,,,,False,False,False,None,Heap-based buffer overflow in Windows Win32K allows an authorized attacker to elevate privileges locally.
CVE-2026-20843,cpe:2.3:o:microsoft:windows_server_2025:10.0.26100.4946:*:*:*:*:*:x64:*,All Other Vulnerabilities,No confirmed exploitation or public exploit code identified.,7.8,0.03451,0.88,False,False,unproven,,,,,,False,False,False,None,Improper access control in Windows Routing and Remote Access Service (RRAS) allows an authorized attacker to elevate privileges locally.
CVE-2026-65790,cpe:2.3:o:microsoft:windows_server_2025:10.0.26100.4946:*:*:*:*:*:x64:*,All Other Vulnerabilities,No confirmed exploitation or public exploit code identified.,7.8,0.0024,0.15319,False,False,unproven,,,,,,False,False,False,None,Heap-based buffer overflow in Windows Message Queuing allows an authorized attacker to elevate privileges locally.
CVE-2025-55677,cpe:2.3:o:microsoft:windows_server_2025:10.0.26100.4946:*:*:*:*:*:x64:*,All Other Vulnerabilities,No confirmed exploitation or public exploit code identified.,7.8,0.00396,0.32775,False,False,unproven,,,,,,False,False,False,None,Untrusted pointer dereference in Windows Device Association Broker service allows an authorized attacker to elevate privileges locally.
CVE-2026-56644,cpe:2.3:o:microsoft:windows_server_2025:10.0.26100.4946:*:*:*:*:*:x64:*,All Other Vulnerabilities,No confirmed exploitation or public exploit code identified.,7.8,0.00311,0.23717,False,False,unproven,,,,,,False,False,False,None,Use after free in Windows Kernel allows an authorized attacker to elevate privileges locally.
CVE-2026-62876,cpe:2.3:o:microsoft:windows_server_2025:10.0.26100.4946:*:*:*:*:*:x64:*,All Other Vulnerabilities,No confirmed exploitation or public exploit code identified.,7.8,0.0024,0.15318,False,False,unproven,,,,,,False,False,False,None,Out-of-bounds read in Windows Win32K allows an authorized attacker to elevate privileges locally.
CVE-2026-26161,cpe:2.3:o:microsoft:windows_server_2025:10.0.26100.4946:*:*:*:*:*:x64:*,All Other Vulnerabilities,No confirmed exploitation or public exploit code identified.,7.8,0.00298,0.22317,False,False,unproven,,,,,,False,False,False,None,Untrusted pointer dereference in Windows Sensor Data Service allows an authorized attacker to elevate privileges locally.
CVE-2026-35418,cpe:2.3:o:microsoft:windows_server_2025:10.0.26100.4946:*:*:*:*:*:x64:*,All Other Vulnerabilities,No confirmed exploitation or public exploit code identified.,7.8,0.00202,0.104,False,False,unproven,,,,,,False,False,False,None,Use after free in Windows Cloud Files Mini Filter Driver allows an authorized attacker to elevate privileges locally.
CVE-2026-50361,cpe:2.3:o:microsoft:windows_server_2025:10.0.26100.4946:*:*:*:*:*:x64:*,All Other Vulnerabilities,No confirmed exploitation or public exploit code identified.,7.8,0.00184,0.08264,False,False,unproven,,,,,,False,False,False,None,Double free in Microsoft Brokering File System allows an authorized attacker to elevate privileges locally.
CVE-2026-42837,cpe:2.3:o:microsoft:windows_server_2025:10.0.26100.4946:*:*:*:*:*:x64:*,All Other Vulnerabilities,No confirmed exploitation or public exploit code identified.,7.8,0.00326,0.25388,False,False,unproven,,,,,,False,False,False,None,Out-of-bounds read in Windows Projected File System Filter Driver allows an authorized attacker to elevate privileges locally.
CVE-2026-65775,cpe:2.3:o:microsoft:windows_server_2025:10.0.26100.4946:*:*:*:*:*:x64:*,All Other Vulnerabilities,No confirmed exploitation or public exploit code identified.,7.8,0.02446,0.82966,False,False,unproven,,,,,,False,False,False,None,Use after free in Windows Win32K allows an authorized attacker to elevate privileges locally.
CVE-2025-62457,cpe:2.3:o:microsoft:windows_server_2025:10.0.26100.4946:*:*:*:*:*:x64:*,All Other Vulnerabilities,No confirmed exploitation or public exploit code identified.,7.8,0.00393,0.32409,False,False,unproven,,,,,,False,False,False,None,Out-of-bounds read in Windows Cloud Files Mini Filter Driver allows an authorized attacker to elevate privileges locally.
CVE-2026-41092,cpe:2.3:o:microsoft:windows_server_2025:10.0.26100.4946:*:*:*:*:*:x64:*,All Other Vulnerabilities,No confirmed exploitation or public exploit code identified.,7.8,0.00291,0.21599,False,False,unproven,,,,,,False,False,False,None,Improper access control in Microsoft Kinect allows an authorized attacker to elevate privileges locally.
CVE-2026-50353,cpe:2.3:o:microsoft:windows_server_2025:10.0.26100.4946:*:*:*:*:*:x64:*,All Other Vulnerabilities,No confirmed exploitation or public exploit code identified.,7.8,0.00311,0.2371,False,False,unproven,,,,,,False,False,False,None,Use after free in Windows DirectX allows an authorized attacker to elevate privileges locally.
CVE-2026-50308,cpe:2.3:o:microsoft:windows_server_2025:10.0.26100.4946:*:*:*:*:*:x64:*,All Other Vulnerabilities,No confirmed exploitation or public exploit code identified.,7.8,0.0036,0.29065,False,False,unproven,,,,,,False,False,False,None,Integer underflow (wrap or wraparound) in Windows NTFS allows an unauthorized attacker to execute code locally.
CVE-2026-25176,cpe:2.3:o:microsoft:windows_server_2025:10.0.26100.4946:*:*:*:*:*:x64:*,All Other Vulnerabilities,No confirmed exploitation or public exploit code identified.,7.8,0.0037,0.30124,False,False,unproven,,,,,,False,False,False,None,Improper access control in Windows Ancillary Function Driver for WinSock allows an authorized attacker to elevate privileges locally.
CVE-2026-42991,cpe:2.3:o:microsoft:windows_server_2025:10.0.26100.4946:*:*:*:*:*:x64:*,All Other Vulnerabilities,No confirmed exploitation or public exploit code identified.,7.8,0.00173,0.06983,False,False,unproven,,,,,,False,False,False,None,Concurrent execution using shared resource with improper synchronization ('race condition') in Windows Push Notifications allows an authorized attacker to elevate privileges locally.
CVE-2026-50479,cpe:2.3:o:microsoft:windows_server_2025:10.0.26100.4946:*:*:*:*:*:x64:*,All Other Vulnerabilities,No confirmed exploitation or public exploit code identified.,7.8,0.00311,0.23714,False,False,unproven,,,,,,False,False,False,None,Untrusted pointer dereference in Windows USB Hub Driver allows an authorized attacker to elevate privileges locally.
CVE-2026-54124,cpe:2.3:o:microsoft:windows_server_2025:10.0.26100.4946:*:*:*:*:*:x64:*,All Other Vulnerabilities,No confirmed exploitation or public exploit code identified.,7.8,0.00435,0.36202,False,False,unproven,,,,,,False,False,False,None,Integer overflow or wraparound in Windows Terminal allows an unauthorized attacker to execute code locally.
CVE-2026-62885,cpe:2.3:o:microsoft:windows_server_2025:10.0.26100.4946:*:*:*:*:*:x64:*,All Other Vulnerabilities,No confirmed exploitation or public exploit code identified.,7.8,0.0024,0.15318,False,False,unproven,,,,,,False,False,False,None,Heap-based buffer overflow in Windows Win32K allows an authorized attacker to elevate privileges locally.
CVE-2026-65787,cpe:2.3:o:microsoft:windows_server_2025:10.0.26100.4946:*:*:*:*:*:x64:*,All Other Vulnerabilities,No confirmed exploitation or public exploit code identified.,7.8,0.00311,0.23758,False,False,unproven,,,,,,False,False,False,None,Heap-based buffer overflow in Desktop Window Manager allows an authorized attacker to elevate privileges locally.
CVE-2025-62572,cpe:2.3:o:microsoft:windows_server_2025:10.0.26100.4946:*:*:*:*:*:x64:*,All Other Vulnerabilities,No confirmed exploitation or public exploit code identified.,7.8,0.00392,0.32363,False,False,unproven,,,,,,False,False,False,None,Out-of-bounds read in Application Information Services allows an authorized attacker to elevate privileges locally.
CVE-2026-26132,cpe:2.3:o:microsoft:windows_server_2025:10.0.26100.4946:*:*:*:*:*:x64:*,All Other Vulnerabilities,No confirmed exploitation or public exploit code identified.,7.8,0.0202,0.79285,False,False,unproven,,,,,,False,False,False,None,Use after free in Windows Kernel allows an authorized attacker to elevate privileges locally.
CVE-2026-62721,cpe:2.3:o:microsoft:windows_server_2025:10.0.26100.4946:*:*:*:*:*:x64:*,All Other Vulnerabilities,No confirmed exploitation or public exploit code identified.,7.8,0.00322,0.25019,False,False,unproven,,,,,,False,False,False,None,Insufficient granularity of access control in User-Mode Power Service (UMPS) allows an authorized attacker to elevate privileges locally.
CVE-2025-60709,cpe:2.3:o:microsoft:windows_server_2025:10.0.26100.4946:*:*:*:*:*:x64:*,All Other Vulnerabilities,No confirmed exploitation or public exploit code identified.,7.8,0.00502,0.40669,False,False,unproven,,,,,,False,False,False,None,Out-of-bounds read in Windows Common Log File System Driver allows an authorized attacker to elevate privileges locally.
CVE-2026-42896,cpe:2.3:o:microsoft:windows_server_2025:10.0.26100.4946:*:*:*:*:*:x64:*,All Other Vulnerabilities,No confirmed exploitation or public exploit code identified.,7.8,0.00284,0.20832,False,False,unproven,,,,,,False,False,False,None,Integer overflow or wraparound in Windows DWM Core Library allows an authorized attacker to elevate privileges locally.
CVE-2026-45656,cpe:2.3:o:microsoft:windows_server_2025:10.0.26100.4946:*:*:*:*:*:x64:*,All Other Vulnerabilities,No confirmed exploitation or public exploit code identified.,7.8,0.00307,0.23321,False,False,unproven,,,,,,False,False,False,None,Protection mechanism failure in Windows UEFI allows an authorized attacker to bypass a security feature locally.
CVE-2026-56176,cpe:2.3:o:microsoft:windows_server_2025:10.0.26100.4946:*:*:*:*:*:x64:*,All Other Vulnerabilities,No confirmed exploitation or public exploit code identified.,7.8,0.0024,0.15275,False,False,unproven,,,,,,False,False,False,None,Out-of-bounds read in Windows Win32K - GRFX allows an authorized attacker to elevate privileges locally.
CVE-2026-32163,cpe:2.3:o:microsoft:windows_server_2025:10.0.26100.4946:*:*:*:*:*:x64:*,All Other Vulnerabilities,No confirmed exploitation or public exploit code identified.,7.8,0.00164,0.06067,False,False,unproven,,,,,,False,False,False,None,Concurrent execution using shared resource with improper synchronization ('race condition') in Windows User Interface Core allows an authorized attacker to elevate privileges locally.
CVE-2026-44802,cpe:2.3:o:microsoft:windows_server_2025:10.0.26100.4946:*:*:*:*:*:x64:*,All Other Vulnerabilities,No confirmed exploitation or public exploit code identified.,7.8,0.00267,0.18869,False,False,unproven,,,,,,False,False,False,None,Use after free in Windows DWM Core Library allows an authorized attacker to elevate privileges locally.
CVE-2026-50362,cpe:2.3:o:microsoft:windows_server_2025:10.0.26100.4946:*:*:*:*:*:x64:*,All Other Vulnerabilities,No confirmed exploitation or public exploit code identified.,7.8,0.00335,0.26431,False,False,unproven,,,,,,False,False,False,None,Heap-based buffer overflow in Windows Resilient File System (ReFS) allows an unauthorized attacker to execute code locally.
CVE-2026-61926,cpe:2.3:o:microsoft:windows_server_2025:10.0.26100.4946:*:*:*:*:*:x64:*,All Other Vulnerabilities,No confirmed exploitation or public exploit code identified.,7.8,0.00311,0.23756,False,False,unproven,,,,,,False,False,False,None,Heap-based buffer overflow in Windows USB Driver allows an authorized attacker to elevate privileges locally.
CVE-2026-23672,cpe:2.3:o:microsoft:windows_server_2025:10.0.26100.4946:*:*:*:*:*:x64:*,All Other Vulnerabilities,No confirmed exploitation or public exploit code identified.,7.8,0.00353,0.28401,False,False,unproven,,,,,,False,False,False,None,Windows Universal Disk Format File System Driver (UDFS) Elevation of Privilege Vulnerability
CVE-2026-44803,cpe:2.3:o:microsoft:windows_server_2025:10.0.26100.4946:*:*:*:*:*:x64:*,All Other Vulnerabilities,No confirmed exploitation or public exploit code identified.,7.8,0.00522,0.41906,False,False,unproven,,,,,,False,False,False,None,Integer overflow or wraparound in Windows Win32K - GRFX allows an unauthorized attacker to execute code locally.
CVE-2025-59187,cpe:2.3:o:microsoft:windows_server_2025:10.0.26100.4946:*:*:*:*:*:x64:*,All Other Vulnerabilities,No confirmed exploitation or public exploit code identified.,7.8,0.00285,0.20944,False,False,unproven,,,,,,False,False,False,None,Improper input validation in Windows Kernel allows an authorized attacker to elevate privileges locally.
CVE-2025-59275,cpe:2.3:o:microsoft:windows_server_2025:10.0.26100.4946:*:*:*:*:*:x64:*,All Other Vulnerabilities,No confirmed exploitation or public exploit code identified.,7.8,0.00255,0.17225,False,False,unproven,,,,,,False,False,False,None,Improper validation of specified type of input in Windows Authentication Methods allows an authorized attacker to elevate privileges locally.
CVE-2025-59511,cpe:2.3:o:microsoft:windows_server_2025:10.0.26100.4946:*:*:*:*:*:x64:*,All Other Vulnerabilities,No confirmed exploitation or public exploit code identified.,7.8,0.00375,0.30613,False,False,unproven,,,,,,False,False,False,None,External control of file name or path in Windows WLAN Service allows an authorized attacker to elevate privileges locally.
CVE-2026-34330,cpe:2.3:o:microsoft:windows_server_2025:10.0.26100.4946:*:*:*:*:*:x64:*,All Other Vulnerabilities,No confirmed exploitation or public exploit code identified.,7.8,0.00304,0.23026,False,False,unproven,,,,,,False,False,False,None,Concurrent execution using shared resource with improper synchronization ('race condition') in Windows Win32K - GRFX allows an authorized attacker to elevate privileges locally.
CVE-2026-62736,cpe:2.3:o:microsoft:windows_server_2025:10.0.26100.4946:*:*:*:*:*:x64:*,All Other Vulnerabilities,No confirmed exploitation or public exploit code identified.,7.8,0.0024,0.15321,False,False,unproven,,,,,,False,False,False,None,Heap-based buffer overflow in Windows DHCP Client allows an authorized attacker to elevate privileges locally.
CVE-2026-50367,cpe:2.3:o:microsoft:windows_server_2025:10.0.26100.4946:*:*:*:*:*:x64:*,All Other Vulnerabilities,No confirmed exploitation or public exploit code identified.,7.8,0.0024,0.1528,False,False,unproven,,,,,,False,False,False,None,Incorrect access of indexable resource ('range error') in Windows Sensor Data Service allows an authorized attacker to elevate privileges locally.
CVE-2025-55328,cpe:2.3:o:microsoft:windows_server_2025:10.0.26100.4946:*:*:*:*:*:x64:*,All Other Vulnerabilities,No confirmed exploitation or public exploit code identified.,7.8,0.00249,0.16508,False,False,unproven,,,,,,False,False,False,None,Concurrent execution using shared resource with improper synchronization ('race condition') in Windows Hyper-V allows an authorized attacker to elevate privileges locally.
CVE-2026-50399,cpe:2.3:o:microsoft:windows_server_2025:10.0.26100.4946:*:*:*:*:*:x64:*,All Other Vulnerabilities,No confirmed exploitation or public exploit code identified.,7.8,0.0024,0.15319,False,False,unproven,,,,,,False,False,False,None,Out-of-bounds read in Windows Kernel allows an authorized attacker to elevate privileges locally.
CVE-2026-62777,cpe:2.3:o:microsoft:windows_server_2025:10.0.26100.4946:*:*:*:*:*:x64:*,All Other Vulnerabilities,No confirmed exploitation or public exploit code identified.,7.8,0.00214,0.12101,False,False,unproven,,,,,,False,False,False,None,Missing authentication for critical function in Windows License Manager allows an authorized attacker to elevate privileges locally.
CVE-2026-50400,cpe:2.3:o:microsoft:windows_server_2025:10.0.26100.4946:*:*:*:*:*:x64:*,All Other Vulnerabilities,No confirmed exploitation or public exploit code identified.,7.8,0.0024,0.15278,False,False,unproven,,,,,,False,False,False,None,Stack-based buffer overflow in Windows App Installer allows an authorized attacker to elevate privileges locally.
CVE-2026-54115,cpe:2.3:o:microsoft:windows_server_2025:10.0.26100.4946:*:*:*:*:*:x64:*,All Other Vulnerabilities,No confirmed exploitation or public exploit code identified.,7.8,0.00311,0.23715,False,False,unproven,,,,,,False,False,False,None,Integer overflow or wraparound in Windows Active Directory allows an authorized attacker to elevate privileges locally.
CVE-2026-70346,cpe:2.3:o:microsoft:windows_server_2025:10.0.26100.4946:*:*:*:*:*:x64:*,All Other Vulnerabilities,No confirmed exploitation or public exploit code identified.,7.8,0.00311,0.23754,False,False,unproven,,,,,,False,False,False,None,Stack-based buffer overflow in Windows Installer allows an authorized attacker to elevate privileges locally.
CVE-2026-40382,cpe:2.3:o:microsoft:windows_server_2025:10.0.26100.4946:*:*:*:*:*:x64:*,All Other Vulnerabilities,No confirmed exploitation or public exploit code identified.,7.8,0.00249,0.1646,False,False,unproven,,,,,,False,False,False,None,Use after free in Windows Telephony Service allows an authorized attacker to elevate privileges locally.
CVE-2026-50457,cpe:2.3:o:microsoft:windows_server_2025:10.0.26100.4946:*:*:*:*:*:x64:*,All Other Vulnerabilities,No confirmed exploitation or public exploit code identified.,7.8,0.00184,0.08264,False,False,unproven,,,,,,False,False,False,None,Use after free in Windows Runtime allows an authorized attacker to elevate privileges locally.
CVE-2026-61937,cpe:2.3:o:microsoft:windows_server_2025:10.0.26100.4946:*:*:*:*:*:x64:*,All Other Vulnerabilities,No confirmed exploitation or public exploit code identified.,7.8,0.00311,0.23757,False,False,unproven,,,,,,False,False,False,None,Integer overflow or wraparound in Windows HTTP.sys allows an authorized attacker to elevate privileges locally.
CVE-2026-35417,cpe:2.3:o:microsoft:windows_server_2025:10.0.26100.4946:*:*:*:*:*:x64:*,All Other Vulnerabilities,No confirmed exploitation or public exploit code identified.,7.8,0.00345,0.27546,False,False,unproven,,,,,,False,False,False,None,Use after free in Windows Win32K - GRFX allows an authorized attacker to elevate privileges locally.
CVE-2026-50655,cpe:2.3:o:microsoft:windows_server_2025:10.0.26100.4946:*:*:*:*:*:x64:*,All Other Vulnerabilities,No confirmed exploitation or public exploit code identified.,7.8,0.00505,0.40832,False,False,unproven,,,,,,False,False,False,None,Heap-based buffer overflow in Windows Media allows an unauthorized attacker to execute code locally.
CVE-2026-54125,cpe:2.3:o:microsoft:windows_server_2025:10.0.26100.4946:*:*:*:*:*:x64:*,All Other Vulnerabilities,No confirmed exploitation or public exploit code identified.,7.8,0.00184,0.08264,False,False,unproven,,,,,,False,False,False,None,Concurrent execution using shared resource with improper synchronization ('race condition') in Windows Runtime allows an authorized attacker to elevate privileges locally.
CVE-2026-61364,cpe:2.3:o:microsoft:windows_server_2025:10.0.26100.4946:*:*:*:*:*:x64:*,All Other Vulnerabilities,No confirmed exploitation or public exploit code identified.,7.8,0.00278,0.20242,False,False,unproven,,,,,,False,False,False,None,Missing authentication for critical function in Windows Remote Desktop Services allows an authorized attacker to elevate privileges locally.
CVE-2026-20864,cpe:2.3:o:microsoft:windows_server_2025:10.0.26100.4946:*:*:*:*:*:x64:*,All Other Vulnerabilities,No confirmed exploitation or public exploit code identified.,7.8,0.00553,0.43584,False,False,unproven,,,,,,False,False,False,None,Heap-based buffer overflow in Connected Devices Platform Service (Cdpsvc) allows an authorized attacker to elevate privileges locally.
CVE-2026-20924,cpe:2.3:o:microsoft:windows_server_2025:10.0.26100.4946:*:*:*:*:*:x64:*,All Other Vulnerabilities,No confirmed exploitation or public exploit code identified.,7.8,0.00309,0.23465,False,False,unproven,,,,,,False,False,False,None,Use after free in Windows Management Services allows an authorized attacker to elevate privileges locally.
CVE-2026-42986,cpe:2.3:o:microsoft:windows_server_2025:10.0.26100.4946:*:*:*:*:*:x64:*,All Other Vulnerabilities,No confirmed exploitation or public exploit code identified.,7.8,0.02004,0.79098,False,False,unproven,,,,,,False,False,False,None,Use after free in Microsoft Graphics Component allows an authorized attacker to elevate privileges locally.
CVE-2025-24052,cpe:2.3:o:microsoft:windows_server_2025:10.0.26100.4946:*:*:*:*:*:x64:*,All Other Vulnerabilities,No confirmed exploitation or public exploit code identified.,7.8,0.02366,0.82374,False,False,unproven,,,,,,False,False,False,None,"Microsoft is aware of vulnerabilities in the third party Agere Modem driver that ships natively with supported Windows operating systems.  This is an announcement of the upcoming removal of ltmdm64.sys driver.  The driver has been removed in the October cumulative update.
Fax modem hardware dependent on this specific driver will no longer work on Windows.
Microsoft recommends removing any existing dependencies on this hardware."
CVE-2026-21231,cpe:2.3:o:microsoft:windows_server_2025:10.0.26100.4946:*:*:*:*:*:x64:*,All Other Vulnerabilities,No confirmed exploitation or public exploit code identified.,7.8,0.02492,0.83289,False,False,unproven,,,,,,False,False,False,None,Concurrent execution using shared resource with improper synchronization ('race condition') in Windows Kernel allows an authorized attacker to elevate privileges locally.
CVE-2026-65774,cpe:2.3:o:microsoft:windows_server_2025:10.0.26100.4946:*:*:*:*:*:x64:*,All Other Vulnerabilities,No confirmed exploitation or public exploit code identified.,7.8,0.00264,0.18297,False,False,unproven,,,,,,False,False,False,None,Heap-based buffer overflow in Windows Installer allows an authorized attacker to elevate privileges locally.
CVE-2026-20826,cpe:2.3:o:microsoft:windows_server_2025:10.0.26100.4946:*:*:*:*:*:x64:*,All Other Vulnerabilities,No confirmed exploitation or public exploit code identified.,7.8,0.00306,0.23202,False,False,unproven,,,,,,False,False,False,None,Concurrent execution using shared resource with improper synchronization ('race condition') in Tablet Windows User Interface (TWINUI) Subsystem allows an authorized attacker to elevate privileges locally.
CVE-2026-40404,cpe:2.3:o:microsoft:windows_server_2025:10.0.26100.4946:*:*:*:*:*:x64:*,All Other Vulnerabilities,No confirmed exploitation or public exploit code identified.,7.8,0.00339,0.2677,False,False,unproven,,,,,,False,False,False,None,Windows Universal Disk Format File System Driver (UDFS) Elevation of Privilege Vulnerability
CVE-2026-62752,cpe:2.3:o:microsoft:windows_server_2025:10.0.26100.4946:*:*:*:*:*:x64:*,All Other Vulnerabilities,No confirmed exploitation or public exploit code identified.,7.8,0.00311,0.23755,False,False,unproven,,,,,,False,False,False,None,Heap-based buffer overflow in Windows Kerberos allows an authorized attacker to elevate privileges locally.
CVE-2026-42978,cpe:2.3:o:microsoft:windows_server_2025:10.0.26100.4946:*:*:*:*:*:x64:*,All Other Vulnerabilities,No confirmed exploitation or public exploit code identified.,7.8,0.00246,0.16077,False,False,unproven,,,,,,False,False,False,None,Concurrent execution using shared resource with improper synchronization ('race condition') in Windows Push Notifications allows an authorized attacker to elevate privileges locally.
CVE-2026-58538,cpe:2.3:o:microsoft:windows_server_2025:10.0.26100.4946:*:*:*:*:*:x64:*,All Other Vulnerabilities,No confirmed exploitation or public exploit code identified.,7.8,0.00311,0.23711,False,False,unproven,,,,,,False,False,False,None,Heap-based buffer overflow in Windows Bluetooth Service allows an authorized attacker to elevate privileges locally.
CVE-2026-61359,cpe:2.3:o:microsoft:windows_server_2025:10.0.26100.4946:*:*:*:*:*:x64:*,All Other Vulnerabilities,No confirmed exploitation or public exploit code identified.,7.8,0.00334,0.26234,False,False,unproven,,,,,,False,False,False,None,Heap-based buffer overflow in Windows Storage allows an authorized attacker to elevate privileges locally.
CVE-2026-65814,cpe:2.3:o:microsoft:windows_server_2025:10.0.26100.4946:*:*:*:*:*:x64:*,All Other Vulnerabilities,No confirmed exploitation or public exploit code identified.,7.8,0.00252,0.16868,False,False,unproven,,,,,,False,False,False,None,Heap-based buffer overflow in Windows Storage Port Driver allows an authorized attacker to elevate privileges locally.
CVE-2026-65786,cpe:2.3:o:microsoft:windows_server_2025:10.0.26100.4946:*:*:*:*:*:x64:*,All Other Vulnerabilities,No confirmed exploitation or public exploit code identified.,7.8,0.0024,0.15317,False,False,unproven,,,,,,False,False,False,None,Heap-based buffer overflow in Desktop Window Manager allows an authorized attacker to elevate privileges locally.
CVE-2026-54986,cpe:2.3:o:microsoft:windows_server_2025:10.0.26100.4946:*:*:*:*:*:x64:*,All Other Vulnerabilities,No confirmed exploitation or public exploit code identified.,7.8,0.01921,0.78178,False,False,unproven,,,,,,False,False,False,None,Heap-based buffer overflow in Windows Win32K allows an authorized attacker to elevate privileges locally.
CVE-2025-62461,cpe:2.3:o:microsoft:windows_server_2025:10.0.26100.4946:*:*:*:*:*:x64:*,All Other Vulnerabilities,No confirmed exploitation or public exploit code identified.,7.8,0.00392,0.32363,False,False,unproven,,,,,,False,False,False,None,Buffer over-read in Windows Projected File System Filter Driver allows an authorized attacker to elevate privileges locally.
CVE-2026-49170,cpe:2.3:o:microsoft:windows_server_2025:10.0.26100.4946:*:*:*:*:*:x64:*,All Other Vulnerabilities,No confirmed exploitation or public exploit code identified.,7.8,0.02797,0.85237,False,False,unproven,,,,,,False,False,False,None,Insufficient granularity of access control in Windows StateRepository API allows an authorized attacker to elevate privileges locally.
CVE-2026-32164,cpe:2.3:o:microsoft:windows_server_2025:10.0.26100.4946:*:*:*:*:*:x64:*,All Other Vulnerabilities,No confirmed exploitation or public exploit code identified.,7.8,0.00164,0.06128,False,False,unproven,,,,,,False,False,False,None,Concurrent execution using shared resource with improper synchronization ('race condition') in Windows User Interface Core allows an authorized attacker to elevate privileges locally.
CVE-2026-50484,cpe:2.3:o:microsoft:windows_server_2025:10.0.26100.4946:*:*:*:*:*:x64:*,All Other Vulnerabilities,No confirmed exploitation or public exploit code identified.,7.8,0.00311,0.23757,False,False,unproven,,,,,,False,False,False,None,Heap-based buffer overflow in Windows Kernel allows an authorized attacker to elevate privileges locally.
CVE-2026-41095,cpe:2.3:o:microsoft:windows_server_2025:10.0.26100.4946:*:*:*:*:*:x64:*,All Other Vulnerabilities,No confirmed exploitation or public exploit code identified.,7.8,0.00332,0.26024,False,False,unproven,,,,,,False,False,False,None,Use after free in Data Deduplication allows an authorized attacker to elevate privileges locally.
CVE-2025-59516,cpe:2.3:o:microsoft:windows_server_2025:10.0.26100.4946:*:*:*:*:*:x64:*,All Other Vulnerabilities,No confirmed exploitation or public exploit code identified.,7.8,0.02289,0.81748,False,False,unproven,,,,,,False,False,False,None,Missing authentication for critical function in Windows Storage VSP Driver allows an authorized attacker to elevate privileges locally.
CVE-2026-20870,cpe:2.3:o:microsoft:windows_server_2025:10.0.26100.4946:*:*:*:*:*:x64:*,All Other Vulnerabilities,No confirmed exploitation or public exploit code identified.,7.8,0.00467,0.38465,False,False,unproven,,,,,,False,False,False,None,Use after free in Windows Win32K - ICOMP allows an authorized attacker to elevate privileges locally.
CVE-2026-50321,cpe:2.3:o:microsoft:windows_server_2025:10.0.26100.4946:*:*:*:*:*:x64:*,All Other Vulnerabilities,No confirmed exploitation or public exploit code identified.,7.8,0.00154,0.05038,False,False,unproven,,,,,,False,False,False,None,Concurrent execution using shared resource with improper synchronization ('race condition') in Windows USB Driver allows an authorized attacker to elevate privileges locally.
CVE-2026-21238,cpe:2.3:o:microsoft:windows_server_2025:10.0.26100.4946:*:*:*:*:*:x64:*,All Other Vulnerabilities,No confirmed exploitation or public exploit code identified.,7.8,0.03235,0.87202,False,False,unproven,,,,,,False,False,False,None,Improper access control in Windows Ancillary Function Driver for WinSock allows an authorized attacker to elevate privileges locally.
CVE-2025-62467,cpe:2.3:o:microsoft:windows_server_2025:10.0.26100.4946:*:*:*:*:*:x64:*,All Other Vulnerabilities,No confirmed exploitation or public exploit code identified.,7.8,0.00392,0.32364,False,False,unproven,,,,,,False,False,False,None,Integer overflow or wraparound in Windows Projected File System allows an authorized attacker to elevate privileges locally.
CVE-2026-21245,cpe:2.3:o:microsoft:windows_server_2025:10.0.26100.4946:*:*:*:*:*:x64:*,All Other Vulnerabilities,No confirmed exploitation or public exploit code identified.,7.8,0.00417,0.34733,False,False,unproven,,,,,,False,False,False,None,Heap-based buffer overflow in Windows Kernel allows an authorized attacker to elevate privileges locally.
CVE-2026-32183,cpe:2.3:o:microsoft:windows_server_2025:10.0.26100.4946:*:*:*:*:*:x64:*,All Other Vulnerabilities,No confirmed exploitation or public exploit code identified.,7.8,0.00618,0.46699,False,False,unproven,,,,,,False,False,False,None,Improper neutralization of special elements used in a command ('command injection') in Windows Snipping Tool allows an unauthorized attacker to execute code locally.
CVE-2026-45592,cpe:2.3:o:microsoft:windows_server_2025:10.0.26100.4946:*:*:*:*:*:x64:*,All Other Vulnerabilities,No confirmed exploitation or public exploit code identified.,7.8,0.00286,0.21122,False,False,unproven,,,,,,False,False,False,None,Integer overflow or wraparound in Windows Internet (wininet.dll) allows an authorized attacker to elevate privileges locally.
CVE-2026-24292,cpe:2.3:o:microsoft:windows_server_2025:10.0.26100.4946:*:*:*:*:*:x64:*,All Other Vulnerabilities,No confirmed exploitation or public exploit code identified.,7.8,0.00338,0.267,False,False,unproven,,,,,,False,False,False,None,Use after free in Connected Devices Platform Service (Cdpsvc) allows an authorized attacker to elevate privileges locally.
CVE-2026-50427,cpe:2.3:o:microsoft:windows_server_2025:10.0.26100.4946:*:*:*:*:*:x64:*,All Other Vulnerabilities,No confirmed exploitation or public exploit code identified.,7.8,0.00184,0.08265,False,False,unproven,,,,,,False,False,False,None,Use after free in Content Delivery Manager allows an authorized attacker to elevate privileges locally.
CVE-2026-50499,cpe:2.3:o:microsoft:windows_server_2025:10.0.26100.4946:*:*:*:*:*:x64:*,All Other Vulnerabilities,No confirmed exploitation or public exploit code identified.,7.8,0.0024,0.15273,False,False,unproven,,,,,,False,False,False,None,Heap-based buffer overflow in Windows Print Spooler Components allows an authorized attacker to elevate privileges locally.
CVE-2026-50697,cpe:2.3:o:microsoft:windows_server_2025:10.0.26100.4946:*:*:*:*:*:x64:*,All Other Vulnerabilities,No confirmed exploitation or public exploit code identified.,7.8,0.00284,0.20852,False,False,unproven,,,,,,False,False,False,None,Exposure of sensitive information to an unauthorized actor in Windows Common Log File System Driver allows an authorized attacker to elevate privileges locally.
CVE-2026-58628,cpe:2.3:o:microsoft:windows_server_2025:10.0.26100.4946:*:*:*:*:*:x64:*,All Other Vulnerabilities,No confirmed exploitation or public exploit code identified.,7.8,0.00181,0.08002,False,False,unproven,,,,,,False,False,False,None,Concurrent execution using shared resource with improper synchronization ('race condition') in Windows Wireless Networking allows an authorized attacker to elevate privileges locally.
CVE-2026-50391,cpe:2.3:o:microsoft:windows_server_2025:10.0.26100.4946:*:*:*:*:*:x64:*,All Other Vulnerabilities,No confirmed exploitation or public exploit code identified.,7.8,0.00278,0.20212,False,False,unproven,,,,,,False,False,False,None,Improper privilege management in Windows Group Policy allows an authorized attacker to elevate privileges locally.
CVE-2026-20840,cpe:2.3:o:microsoft:windows_server_2025:10.0.26100.4946:*:*:*:*:*:x64:*,All Other Vulnerabilities,No confirmed exploitation or public exploit code identified.,7.8,0.04592,0.90853,False,False,unproven,,,,,,False,False,False,None,Heap-based buffer overflow in Windows NTFS allows an authorized attacker to execute code locally.
CVE-2026-50378,cpe:2.3:o:microsoft:windows_server_2025:10.0.26100.4946:*:*:*:*:*:x64:*,All Other Vulnerabilities,No confirmed exploitation or public exploit code identified.,7.8,0.00199,0.1007,False,False,unproven,,,,,,False,False,False,None,Concurrent execution using shared resource with improper synchronization ('race condition') in Windows Key Guard allows an authorized attacker to elevate privileges locally.
CVE-2026-61367,cpe:2.3:o:microsoft:windows_server_2025:10.0.26100.4946:*:*:*:*:*:x64:*,All Other Vulnerabilities,No confirmed exploitation or public exploit code identified.,7.8,0.00278,0.20243,False,False,unproven,,,,,,False,False,False,None,Missing authentication for critical function in Windows Remote Desktop Services allows an authorized attacker to elevate privileges locally.
CVE-2025-55692,cpe:2.3:o:microsoft:windows_server_2025:10.0.26100.4946:*:*:*:*:*:x64:*,All Other Vulnerabilities,No confirmed exploitation or public exploit code identified.,7.8,0.03158,0.86876,False,False,unproven,,,,,,False,False,False,None,Improper input validation in Windows Error Reporting allows an authorized attacker to elevate privileges locally.
CVE-2026-50313,cpe:2.3:o:microsoft:windows_server_2025:10.0.26100.4946:*:*:*:*:*:x64:*,All Other Vulnerabilities,No confirmed exploitation or public exploit code identified.,7.8,0.00435,0.36202,False,False,unproven,,,,,,False,False,False,None,Heap-based buffer overflow in Windows NTFS allows an unauthorized attacker to execute code locally.
CVE-2026-50422,cpe:2.3:o:microsoft:windows_server_2025:10.0.26100.4946:*:*:*:*:*:x64:*,All Other Vulnerabilities,No confirmed exploitation or public exploit code identified.,7.8,0.00311,0.2371,False,False,unproven,,,,,,False,False,False,None,Out-of-bounds read in Windows NTFS allows an authorized attacker to elevate privileges locally.
CVE-2026-42828,cpe:2.3:o:microsoft:windows_server_2025:10.0.26100.4946:*:*:*:*:*:x64:*,All Other Vulnerabilities,No confirmed exploitation or public exploit code identified.,7.8,0.00326,0.25387,False,False,unproven,,,,,,False,False,False,None,Buffer over-read in Windows Projected File System Filter Driver allows an authorized attacker to elevate privileges locally.
CVE-2026-42910,cpe:2.3:o:microsoft:windows_server_2025:10.0.26100.4946:*:*:*:*:*:x64:*,All Other Vulnerabilities,No confirmed exploitation or public exploit code identified.,7.8,0.00286,0.21123,False,False,unproven,,,,,,False,False,False,None,Out-of-bounds write in Windows Hotpatch Monitoring Service allows an authorized attacker to elevate privileges locally.
CVE-2026-33841,cpe:2.3:o:microsoft:windows_server_2025:10.0.26100.4946:*:*:*:*:*:x64:*,All Other Vulnerabilities,No confirmed exploitation or public exploit code identified.,7.8,0.0031,0.23681,False,False,unproven,,,,,,False,False,False,None,Heap-based buffer overflow in Windows Kernel allows an authorized attacker to elevate privileges locally.
CVE-2026-50387,cpe:2.3:o:microsoft:windows_server_2025:10.0.26100.4946:*:*:*:*:*:x64:*,All Other Vulnerabilities,No confirmed exploitation or public exploit code identified.,7.8,0.01921,0.78178,False,False,unproven,,,,,,False,False,False,None,Stack-based buffer overflow in Windows GDI allows an authorized attacker to elevate privileges locally.
CVE-2026-58609,cpe:2.3:o:microsoft:windows_server_2025:10.0.26100.4946:*:*:*:*:*:x64:*,All Other Vulnerabilities,No confirmed exploitation or public exploit code identified.,7.8,0.00312,0.23944,False,False,unproven,,,,,,False,False,False,None,Out-of-bounds read in Microsoft Graphics Component allows an unauthorized attacker to execute code locally.
CVE-2026-61355,cpe:2.3:o:microsoft:windows_server_2025:10.0.26100.4946:*:*:*:*:*:x64:*,All Other Vulnerabilities,No confirmed exploitation or public exploit code identified.,7.8,0.00311,0.23755,False,False,unproven,,,,,,False,False,False,None,Heap-based buffer overflow in Windows Sensor Data Service allows an authorized attacker to elevate privileges locally.
CVE-2025-58720,cpe:2.3:o:microsoft:windows_server_2025:10.0.26100.4946:*:*:*:*:*:x64:*,All Other Vulnerabilities,No confirmed exploitation or public exploit code identified.,7.8,0.00193,0.0929,False,False,unproven,,,,,,False,False,False,None,Use of a cryptographic primitive with a risky implementation in Windows Cryptographic Services allows an authorized attacker to disclose information locally.
CVE-2026-20922,cpe:2.3:o:microsoft:windows_server_2025:10.0.26100.4946:*:*:*:*:*:x64:*,All Other Vulnerabilities,No confirmed exploitation or public exploit code identified.,7.8,0.01085,0.62431,False,False,unproven,,,,,,False,False,False,None,Heap-based buffer overflow in Windows NTFS allows an authorized attacker to execute code locally.
CVE-2026-49792,cpe:2.3:o:microsoft:windows_server_2025:10.0.26100.4946:*:*:*:*:*:x64:*,All Other Vulnerabilities,No confirmed exploitation or public exploit code identified.,7.8,0.00257,0.17506,False,False,unproven,,,,,,False,False,False,None,Numeric truncation error in Windows Resilient File System (ReFS) allows an authorized attacker to execute code locally.
CVE-2026-20832,cpe:2.3:o:microsoft:windows_server_2025:10.0.26100.4946:*:*:*:*:*:x64:*,All Other Vulnerabilities,No confirmed exploitation or public exploit code identified.,7.8,0.00478,0.39192,False,False,unproven,,,,,,False,False,False,None,Windows Remote Procedure Call Interface Definition Language (IDL) Elevation of Privilege Vulnerability
CVE-2025-55694,cpe:2.3:o:microsoft:windows_server_2025:10.0.26100.4946:*:*:*:*:*:x64:*,All Other Vulnerabilities,No confirmed exploitation or public exploit code identified.,7.8,0.02826,0.85399,False,False,unproven,,,,,,False,False,False,None,Improper access control in Windows Error Reporting allows an authorized attacker to elevate privileges locally.
CVE-2026-50315,cpe:2.3:o:microsoft:windows_server_2025:10.0.26100.4946:*:*:*:*:*:x64:*,All Other Vulnerabilities,No confirmed exploitation or public exploit code identified.,7.8,0.00311,0.23715,False,False,unproven,,,,,,False,False,False,None,Null pointer dereference in Windows Image Acquisition allows an authorized attacker to elevate privileges locally.
CVE-2026-50363,cpe:2.3:o:microsoft:windows_server_2025:10.0.26100.4946:*:*:*:*:*:x64:*,All Other Vulnerabilities,No confirmed exploitation or public exploit code identified.,7.8,0.00311,0.23714,False,False,unproven,,,,,,False,False,False,None,Heap-based buffer overflow in Windows Push Notifications allows an authorized attacker to elevate privileges locally.
CVE-2025-59290,cpe:2.3:o:microsoft:windows_server_2025:10.0.26100.4946:*:*:*:*:*:x64:*,All Other Vulnerabilities,No confirmed exploitation or public exploit code identified.,7.8,0.00369,0.2992,False,False,unproven,,,,,,False,False,False,None,Use after free in Windows Bluetooth Service allows an authorized attacker to elevate privileges locally.
CVE-2026-45600,cpe:2.3:o:microsoft:windows_server_2025:10.0.26100.4946:*:*:*:*:*:x64:*,All Other Vulnerabilities,No confirmed exploitation or public exploit code identified.,7.8,0.00286,0.21123,False,False,unproven,,,,,,False,False,False,None,Access of resource using incompatible type ('type confusion') in Windows Kernel-Mode Drivers allows an authorized attacker to elevate privileges locally.
CVE-2026-48574,cpe:2.3:o:microsoft:windows_server_2025:10.0.26100.4946:*:*:*:*:*:x64:*,All Other Vulnerabilities,No confirmed exploitation or public exploit code identified.,7.8,0.00445,0.37002,False,False,unproven,,,,,,False,False,False,None,Heap-based buffer overflow in Windows Media allows an unauthorized attacker to execute code locally.
CVE-2026-62890,cpe:2.3:o:microsoft:windows_server_2025:10.0.26100.4946:*:*:*:*:*:x64:*,All Other Vulnerabilities,No confirmed exploitation or public exploit code identified.,7.8,0.00269,0.19142,False,False,unproven,,,,,,False,False,False,None,Heap-based buffer overflow in Windows GDI+ allows an authorized attacker to execute code locally.
CVE-2026-32152,cpe:2.3:o:microsoft:windows_server_2025:10.0.26100.4946:*:*:*:*:*:x64:*,All Other Vulnerabilities,No confirmed exploitation or public exploit code identified.,7.8,0.00458,0.37905,False,False,unproven,,,,,,False,False,False,None,Use after free in Desktop Window Manager allows an authorized attacker to elevate privileges locally.
CVE-2026-54993,cpe:2.3:o:microsoft:windows_server_2025:10.0.26100.4946:*:*:*:*:*:x64:*,All Other Vulnerabilities,No confirmed exploitation or public exploit code identified.,7.8,0.00335,0.2643,False,False,unproven,,,,,,False,False,False,None,Heap-based buffer overflow in Microsoft Windows Media Foundation allows an unauthorized attacker to execute code locally.
CVE-2026-56643,cpe:2.3:o:microsoft:windows_server_2025:10.0.26100.4946:*:*:*:*:*:x64:*,All Other Vulnerabilities,No confirmed exploitation or public exploit code identified.,7.8,0.00311,0.23716,False,False,unproven,,,,,,False,False,False,None,Use after free in Windows Kernel allows an authorized attacker to elevate privileges locally.
CVE-2026-45593,cpe:2.3:o:microsoft:windows_server_2025:10.0.26100.4946:*:*:*:*:*:x64:*,All Other Vulnerabilities,No confirmed exploitation or public exploit code identified.,7.8,0.00286,0.21123,False,False,unproven,,,,,,False,False,False,None,Use after free in Windows SDK allows an authorized attacker to elevate privileges locally.
CVE-2026-49175,cpe:2.3:o:microsoft:windows_server_2025:10.0.26100.4946:*:*:*:*:*:x64:*,All Other Vulnerabilities,No confirmed exploitation or public exploit code identified.,7.8,0.0024,0.15274,False,False,unproven,,,,,,False,False,False,None,Heap-based buffer overflow in Windows DNS allows an authorized attacker to elevate privileges locally.
CVE-2025-60707,cpe:2.3:o:microsoft:windows_server_2025:10.0.26100.4946:*:*:*:*:*:x64:*,All Other Vulnerabilities,No confirmed exploitation or public exploit code identified.,7.8,0.00492,0.40039,False,False,unproven,,,,,,False,False,False,None,Use after free in Multimedia Class Scheduler Service (MMCSS) allows an authorized attacker to elevate privileges locally.
CVE-2026-20860,cpe:2.3:o:microsoft:windows_server_2025:10.0.26100.4946:*:*:*:*:*:x64:*,All Other Vulnerabilities,No confirmed exploitation or public exploit code identified.,7.8,0.08287,0.94436,False,False,unproven,,,,,,False,False,False,None,Access of resource using incompatible type ('type confusion') in Windows Ancillary Function Driver for WinSock allows an authorized attacker to elevate privileges locally.
CVE-2026-61923,cpe:2.3:o:microsoft:windows_server_2025:10.0.26100.4946:*:*:*:*:*:x64:*,All Other Vulnerabilities,No confirmed exploitation or public exploit code identified.,7.8,0.00311,0.23758,False,False,unproven,,,,,,False,False,False,None,Heap-based buffer overflow in Windows Display Enhancement Service allows an authorized attacker to elevate privileges locally.
CVE-2026-20930,cpe:2.3:o:microsoft:windows_server_2025:10.0.26100.4946:*:*:*:*:*:x64:*,All Other Vulnerabilities,No confirmed exploitation or public exploit code identified.,7.8,0.00193,0.09367,False,False,unproven,,,,,,False,False,False,None,Concurrent execution using shared resource with improper synchronization ('race condition') in Windows Management Services allows an authorized attacker to elevate privileges locally.
CVE-2026-62692,cpe:2.3:o:microsoft:windows_server_2025:10.0.26100.4946:*:*:*:*:*:x64:*,All Other Vulnerabilities,No confirmed exploitation or public exploit code identified.,7.8,0.00311,0.23753,False,False,unproven,,,,,,False,False,False,None,Heap-based buffer overflow in Windows Remote Desktop Services allows an authorized attacker to elevate privileges locally.
CVE-2026-32155,cpe:2.3:o:microsoft:windows_server_2025:10.0.26100.4946:*:*:*:*:*:x64:*,All Other Vulnerabilities,No confirmed exploitation or public exploit code identified.,7.8,0.00258,0.17562,False,False,unproven,,,,,,False,False,False,None,Use after free in Desktop Window Manager allows an authorized attacker to elevate privileges locally.
CVE-2026-21240,cpe:2.3:o:microsoft:windows_server_2025:10.0.26100.4946:*:*:*:*:*:x64:*,All Other Vulnerabilities,No confirmed exploitation or public exploit code identified.,7.8,0.00267,0.18917,False,False,unproven,,,,,,False,False,False,None,Time-of-check time-of-use (toctou) race condition in Windows HTTP.sys allows an authorized attacker to elevate privileges locally.
CVE-2026-33835,cpe:2.3:o:microsoft:windows_server_2025:10.0.26100.4946:*:*:*:*:*:x64:*,All Other Vulnerabilities,No confirmed exploitation or public exploit code identified.,7.8,0.02117,0.80271,False,False,unproven,,,,,,False,False,False,None,Use after free in Windows Cloud Files Mini Filter Driver allows an authorized attacker to elevate privileges locally.
CVE-2026-33837,cpe:2.3:o:microsoft:windows_server_2025:10.0.26100.4946:*:*:*:*:*:x64:*,All Other Vulnerabilities,No confirmed exploitation or public exploit code identified.,7.8,0.01838,0.77136,False,False,unproven,,,,,,False,False,False,None,Heap-based buffer overflow in Windows TCP/IP allows an authorized attacker to elevate privileges locally.
CVE-2026-33840,cpe:2.3:o:microsoft:windows_server_2025:10.0.26100.4946:*:*:*:*:*:x64:*,All Other Vulnerabilities,No confirmed exploitation or public exploit code identified.,7.8,0.02014,0.79225,False,False,unproven,,,,,,False,False,False,None,Use after free in Windows Win32K - ICOMP allows an authorized attacker to elevate privileges locally.
CVE-2026-62880,cpe:2.3:o:microsoft:windows_server_2025:10.0.26100.4946:*:*:*:*:*:x64:*,All Other Vulnerabilities,No confirmed exploitation or public exploit code identified.,7.8,0.0024,0.15318,False,False,unproven,,,,,,False,False,False,None,Out-of-bounds read in Windows NTFS allows an authorized attacker to elevate privileges locally.
CVE-2026-26156,cpe:2.3:o:microsoft:windows_server_2025:10.0.26100.4946:*:*:*:*:*:x64:*,All Other Vulnerabilities,No confirmed exploitation or public exploit code identified.,7.8,0.00411,0.3425,False,False,unproven,,,,,,False,False,False,None,Heap-based buffer overflow in Windows Hyper-V allows an unauthorized attacker to execute code locally.
CVE-2026-34338,cpe:2.3:o:microsoft:windows_server_2025:10.0.26100.4946:*:*:*:*:*:x64:*,All Other Vulnerabilities,No confirmed exploitation or public exploit code identified.,7.8,0.00249,0.16459,False,False,unproven,,,,,,False,False,False,None,Use after free in Windows Telephony Service allows an authorized attacker to elevate privileges locally.
CVE-2026-57091,cpe:2.3:o:microsoft:windows_server_2025:10.0.26100.4946:*:*:*:*:*:x64:*,All Other Vulnerabilities,No confirmed exploitation or public exploit code identified.,7.8,0.00361,0.29139,False,False,unproven,,,,,,False,False,False,None,Stack-based buffer overflow in Windows File History Service allows an authorized attacker to elevate privileges locally.
CVE-2025-60713,cpe:2.3:o:microsoft:windows_server_2025:10.0.26100.4946:*:*:*:*:*:x64:*,All Other Vulnerabilities,No confirmed exploitation or public exploit code identified.,7.8,0.00401,0.33307,False,False,unproven,,,,,,False,False,False,None,Untrusted pointer dereference in Windows Routing and Remote Access Service (RRAS) allows an authorized attacker to elevate privileges locally.
CVE-2026-49166,cpe:2.3:o:microsoft:windows_server_2025:10.0.26100.4946:*:*:*:*:*:x64:*,All Other Vulnerabilities,No confirmed exploitation or public exploit code identified.,7.8,0.0024,0.15274,False,False,unproven,,,,,,False,False,False,None,Use after free in Microsoft Printer Drivers allows an authorized attacker to elevate privileges locally.
CVE-2026-50509,cpe:2.3:o:microsoft:windows_server_2025:10.0.26100.4946:*:*:*:*:*:x64:*,All Other Vulnerabilities,No confirmed exploitation or public exploit code identified.,7.8,0.03172,0.86934,False,False,unproven,,,,,,False,False,False,None,Deserialization of untrusted data in Windows Wireless Wide Area Network Service allows an authorized attacker to elevate privileges locally.
CVE-2026-62761,cpe:2.3:o:microsoft:windows_server_2025:10.0.26100.4946:*:*:*:*:*:x64:*,All Other Vulnerabilities,No confirmed exploitation or public exploit code identified.,7.8,0.00363,0.29421,False,False,unproven,,,,,,False,False,False,None,Improper link resolution before file access ('link following') in Windows DHCP Server allows an authorized attacker to elevate privileges locally.
CVE-2025-54916,cpe:2.3:o:microsoft:windows_server_2025:10.0.26100.4946:*:*:*:*:*:x64:*,All Other Vulnerabilities,No confirmed exploitation or public exploit code identified.,7.8,0.02291,0.81766,False,False,unproven,,,,,,False,False,False,None,Stack-based buffer overflow in Windows NTFS allows an authorized attacker to execute code locally.
CVE-2026-62711,cpe:2.3:o:microsoft:windows_server_2025:10.0.26100.4946:*:*:*:*:*:x64:*,All Other Vulnerabilities,No confirmed exploitation or public exploit code identified.,7.8,0.00311,0.2371,False,False,unproven,,,,,,False,False,False,None,Use after free in Windows Win32K allows an authorized attacker to elevate privileges locally.
CVE-2025-58714,cpe:2.3:o:microsoft:windows_server_2025:10.0.26100.4946:*:*:*:*:*:x64:*,All Other Vulnerabilities,No confirmed exploitation or public exploit code identified.,7.8,0.00254,0.17118,False,False,unproven,,,,,,False,False,False,None,Improper access control in Windows Ancillary Function Driver for WinSock allows an authorized attacker to elevate privileges locally.
CVE-2026-50421,cpe:2.3:o:microsoft:windows_server_2025:10.0.26100.4946:*:*:*:*:*:x64:*,All Other Vulnerabilities,No confirmed exploitation or public exploit code identified.,7.8,0.00311,0.23713,False,False,unproven,,,,,,False,False,False,None,Access of resource using incompatible type ('type confusion') in Windows Connected User Experiences and Telemetry allows an authorized attacker to elevate privileges locally.
CVE-2026-58540,cpe:2.3:o:microsoft:windows_server_2025:10.0.26100.4946:*:*:*:*:*:x64:*,All Other Vulnerabilities,No confirmed exploitation or public exploit code identified.,7.8,0.00278,0.20212,False,False,unproven,,,,,,False,False,False,None,Improper authorization in Windows Installer allows an authorized attacker to elevate privileges locally.
CVE-2026-50326,cpe:2.3:o:microsoft:windows_server_2025:10.0.26100.4946:*:*:*:*:*:x64:*,All Other Vulnerabilities,No confirmed exploitation or public exploit code identified.,7.8,0.00311,0.23712,False,False,unproven,,,,,,False,False,False,None,Use after free in Windows Unified Consent System allows an authorized attacker to elevate privileges locally.
CVE-2026-58602,cpe:2.3:o:microsoft:windows_server_2025:10.0.26100.4946:*:*:*:*:*:x64:*,All Other Vulnerabilities,No confirmed exploitation or public exploit code identified.,7.8,0.00223,0.13174,False,False,unproven,,,,,,False,False,False,None,Use after free in Windows Kernel Mode Driver allows an authorized attacker to elevate privileges locally.
CVE-2026-56189,cpe:2.3:o:microsoft:windows_server_2025:10.0.26100.4946:*:*:*:*:*:x64:*,All Other Vulnerabilities,No confirmed exploitation or public exploit code identified.,7.8,0.00396,0.32773,False,False,unproven,,,,,,False,False,False,None,Heap-based buffer overflow in Microsoft Windows Media Foundation allows an unauthorized attacker to execute code locally.
CVE-2025-55696,cpe:2.3:o:microsoft:windows_server_2025:10.0.26100.4946:*:*:*:*:*:x64:*,All Other Vulnerabilities,No confirmed exploitation or public exploit code identified.,7.8,0.00207,0.11049,False,False,unproven,,,,,,False,False,False,None,Time-of-check time-of-use (toctou) race condition in NtQueryInformation Token function (ntifs.h) allows an authorized attacker to elevate privileges locally.
CVE-2026-20811,cpe:2.3:o:microsoft:windows_server_2025:10.0.26100.4946:*:*:*:*:*:x64:*,All Other Vulnerabilities,No confirmed exploitation or public exploit code identified.,7.8,0.00504,0.40745,False,False,unproven,,,,,,False,False,False,None,Access of resource using incompatible type ('type confusion') in Windows Win32K - ICOMP allows an authorized attacker to elevate privileges locally.
CVE-2026-34337,cpe:2.3:o:microsoft:windows_server_2025:10.0.26100.4946:*:*:*:*:*:x64:*,All Other Vulnerabilities,No confirmed exploitation or public exploit code identified.,7.8,0.00163,0.05995,False,False,unproven,,,,,,False,False,False,None,Use after free in Windows Cloud Files Mini Filter Driver allows an authorized attacker to elevate privileges locally.
CVE-2026-44809,cpe:2.3:o:microsoft:windows_server_2025:10.0.26100.4946:*:*:*:*:*:x64:*,All Other Vulnerabilities,No confirmed exploitation or public exploit code identified.,7.8,0.00267,0.18868,False,False,unproven,,,,,,False,False,False,None,Use after free in Windows Common Log File System Driver allows an authorized attacker to elevate privileges locally.
CVE-2026-24290,cpe:2.3:o:microsoft:windows_server_2025:10.0.26100.4946:*:*:*:*:*:x64:*,All Other Vulnerabilities,No confirmed exploitation or public exploit code identified.,7.8,0.00331,0.25947,False,False,unproven,,,,,,False,False,False,None,Improper access control in Windows Projected File System allows an authorized attacker to elevate privileges locally.
CVE-2026-50679,cpe:2.3:o:microsoft:windows_server_2025:10.0.26100.4946:*:*:*:*:*:x64:*,All Other Vulnerabilities,No confirmed exploitation or public exploit code identified.,7.8,0.00311,0.23715,False,False,unproven,,,,,,False,False,False,None,Heap-based buffer overflow in Microsoft Windows Search Component allows an authorized attacker to elevate privileges locally.
CVE-2026-27910,cpe:2.3:o:microsoft:windows_server_2025:10.0.26100.4946:*:*:*:*:*:x64:*,All Other Vulnerabilities,No confirmed exploitation or public exploit code identified.,7.8,0.00206,0.10979,False,False,unproven,,,,,,False,False,False,None,Improper handling of insufficient permissions or privileges in Windows Installer allows an authorized attacker to elevate privileges locally.
CVE-2026-44800,cpe:2.3:o:microsoft:windows_server_2025:10.0.26100.4946:*:*:*:*:*:x64:*,All Other Vulnerabilities,No confirmed exploitation or public exploit code identified.,7.8,0.00153,0.04936,False,False,unproven,,,,,,False,False,False,None,Concurrent execution using shared resource with improper synchronization ('race condition') in Windows Push Notifications allows an authorized attacker to elevate privileges locally.
CVE-2025-55233,cpe:2.3:o:microsoft:windows_server_2025:10.0.26100.4946:*:*:*:*:*:x64:*,All Other Vulnerabilities,No confirmed exploitation or public exploit code identified.,7.8,0.00392,0.32362,False,False,unproven,,,,,,False,False,False,None,Out-of-bounds read in Windows Projected File System allows an authorized attacker to elevate privileges locally.
CVE-2026-34343,cpe:2.3:o:microsoft:windows_server_2025:10.0.26100.4946:*:*:*:*:*:x64:*,All Other Vulnerabilities,No confirmed exploitation or public exploit code identified.,7.8,0.00326,0.25447,False,False,unproven,,,,,,False,False,False,None,Heap-based buffer overflow in Windows Application Identity (AppID) Subsystem allows an authorized attacker to elevate privileges locally.
CVE-2026-49796,cpe:2.3:o:microsoft:windows_server_2025:10.0.26100.4946:*:*:*:*:*:x64:*,All Other Vulnerabilities,No confirmed exploitation or public exploit code identified.,7.8,0.00389,0.32068,False,False,unproven,,,,,,False,False,False,None,Heap-based buffer overflow in Windows GDI+ allows an unauthorized attacker to execute code locally.
CVE-2026-50311,cpe:2.3:o:microsoft:windows_server_2025:10.0.26100.4946:*:*:*:*:*:x64:*,All Other Vulnerabilities,No confirmed exploitation or public exploit code identified.,7.8,0.00242,0.15597,False,False,unproven,,,,,,False,False,False,None,Improper access control in Windows Server allows an authorized attacker to elevate privileges locally.
CVE-2026-50331,cpe:2.3:o:microsoft:windows_server_2025:10.0.26100.4946:*:*:*:*:*:x64:*,All Other Vulnerabilities,No confirmed exploitation or public exploit code identified.,7.8,0.0024,0.15278,False,False,unproven,,,,,,False,False,False,None,Use after free in Windows Application Model allows an authorized attacker to elevate privileges locally.
CVE-2026-54987,cpe:2.3:o:microsoft:windows_server_2025:10.0.26100.4946:*:*:*:*:*:x64:*,All Other Vulnerabilities,No confirmed exploitation or public exploit code identified.,7.8,0.0024,0.15276,False,False,unproven,,,,,,False,False,False,None,Heap-based buffer overflow in Windows Overlay Filter allows an authorized attacker to elevate privileges locally.
CVE-2026-58541,cpe:2.3:o:microsoft:windows_server_2025:10.0.26100.4946:*:*:*:*:*:x64:*,All Other Vulnerabilities,No confirmed exploitation or public exploit code identified.,7.8,0.00289,0.21415,False,False,unproven,,,,,,False,False,False,None,Access of resource using incompatible type ('type confusion') in Windows DWM allows an authorized attacker to elevate privileges locally.
CVE-2026-20874,cpe:2.3:o:microsoft:windows_server_2025:10.0.26100.4946:*:*:*:*:*:x64:*,All Other Vulnerabilities,No confirmed exploitation or public exploit code identified.,7.8,0.00309,0.23466,False,False,unproven,,,,,,False,False,False,None,Concurrent execution using shared resource with improper synchronization ('race condition') in Windows Management Services allows an authorized attacker to elevate privileges locally.
CVE-2026-21232,cpe:2.3:o:microsoft:windows_server_2025:10.0.26100.4946:*:*:*:*:*:x64:*,All Other Vulnerabilities,No confirmed exploitation or public exploit code identified.,7.8,0.00417,0.34734,False,False,unproven,,,,,,False,False,False,None,Untrusted pointer dereference in Windows HTTP.sys allows an authorized attacker to elevate privileges locally.
CVE-2026-24289,cpe:2.3:o:microsoft:windows_server_2025:10.0.26100.4946:*:*:*:*:*:x64:*,All Other Vulnerabilities,No confirmed exploitation or public exploit code identified.,7.8,0.04491,0.90663,False,False,unproven,,,,,,False,False,False,None,Use after free in Windows Kernel allows an authorized attacker to elevate privileges locally.
CVE-2026-32154,cpe:2.3:o:microsoft:windows_server_2025:10.0.26100.4946:*:*:*:*:*:x64:*,All Other Vulnerabilities,No confirmed exploitation or public exploit code identified.,7.8,0.00383,0.31434,False,False,unproven,,,,,,False,False,False,None,Use after free in Desktop Window Manager allows an authorized attacker to elevate privileges locally.
CVE-2026-56650,cpe:2.3:o:microsoft:windows_server_2025:10.0.26100.4946:*:*:*:*:*:x64:*,All Other Vulnerabilities,No confirmed exploitation or public exploit code identified.,7.8,0.00311,0.23716,False,False,unproven,,,,,,False,False,False,None,Heap-based buffer overflow in Windows Network File System allows an authorized attacker to elevate privileges locally.
CVE-2026-62741,cpe:2.3:o:microsoft:windows_server_2025:10.0.26100.4946:*:*:*:*:*:x64:*,All Other Vulnerabilities,No confirmed exploitation or public exploit code identified.,7.8,0.01952,0.78537,False,False,unproven,,,,,,False,False,False,None,Integer underflow (wrap or wraparound) in Windows HTTP.sys allows an authorized attacker to elevate privileges locally.
CVE-2026-50476,cpe:2.3:o:microsoft:windows_server_2025:10.0.26100.4946:*:*:*:*:*:x64:*,All Other Vulnerabilities,No confirmed exploitation or public exploit code identified.,7.8,0.01633,0.74234,False,False,unproven,,,,,,False,False,False,None,Use after free in Microsoft Windows allows an authorized attacker to elevate privileges locally.
CVE-2026-62770,cpe:2.3:o:microsoft:windows_server_2025:10.0.26100.4946:*:*:*:*:*:x64:*,All Other Vulnerabilities,No confirmed exploitation or public exploit code identified.,7.8,0.0024,0.1532,False,False,unproven,,,,,,False,False,False,None,Heap-based buffer overflow in Windows Shell allows an authorized attacker to elevate privileges locally.
CVE-2026-70345,cpe:2.3:o:microsoft:windows_server_2025:10.0.26100.4946:*:*:*:*:*:x64:*,All Other Vulnerabilities,No confirmed exploitation or public exploit code identified.,7.8,0.0024,0.15322,False,False,unproven,,,,,,False,False,False,None,Heap-based buffer overflow in Windows Installer allows an authorized attacker to elevate privileges locally.
CVE-2026-62783,cpe:2.3:o:microsoft:windows_server_2025:10.0.26100.4946:*:*:*:*:*:x64:*,All Other Vulnerabilities,No confirmed exploitation or public exploit code identified.,7.8,0.01829,0.77012,False,False,unproven,,,,,,False,False,False,None,Heap-based buffer overflow in Windows Remote Access Connection Manager allows an authorized attacker to elevate privileges locally.
CVE-2026-58530,cpe:2.3:o:microsoft:windows_server_2025:10.0.26100.4946:*:*:*:*:*:x64:*,All Other Vulnerabilities,No confirmed exploitation or public exploit code identified.,7.8,0.00338,0.26721,False,False,unproven,,,,,,False,False,False,None,Heap-based buffer overflow in Windows Resilient File System (ReFS) allows an unauthorized attacker to execute code locally.
CVE-2025-60720,cpe:2.3:o:microsoft:windows_server_2025:10.0.26100.4946:*:*:*:*:*:x64:*,All Other Vulnerabilities,No confirmed exploitation or public exploit code identified.,7.8,0.00401,0.33307,False,False,unproven,,,,,,False,False,False,None,Buffer over-read in Windows TDX.sys allows an authorized attacker to elevate privileges locally.
CVE-2026-32069,cpe:2.3:o:microsoft:windows_server_2025:10.0.26100.4946:*:*:*:*:*:x64:*,All Other Vulnerabilities,No confirmed exploitation or public exploit code identified.,7.8,0.00257,0.17505,False,False,unproven,,,,,,False,False,False,None,Double free in Windows Projected File System allows an authorized attacker to elevate privileges locally.
CVE-2026-50417,cpe:2.3:o:microsoft:windows_server_2025:10.0.26100.4946:*:*:*:*:*:x64:*,All Other Vulnerabilities,No confirmed exploitation or public exploit code identified.,7.8,0.00311,0.23713,False,False,unproven,,,,,,False,False,False,None,Heap-based buffer overflow in Windows NTFS allows an authorized attacker to execute code locally.
CVE-2026-62751,cpe:2.3:o:microsoft:windows_server_2025:10.0.26100.4946:*:*:*:*:*:x64:*,All Other Vulnerabilities,No confirmed exploitation or public exploit code identified.,7.8,0.00311,0.23753,False,False,unproven,,,,,,False,False,False,None,Integer overflow or wraparound in Windows Projected File System allows an authorized attacker to elevate privileges locally.
CVE-2026-33838,cpe:2.3:o:microsoft:windows_server_2025:10.0.26100.4946:*:*:*:*:*:x64:*,All Other Vulnerabilities,No confirmed exploitation or public exploit code identified.,7.8,0.00398,0.3298,False,False,unproven,,,,,,False,False,False,None,Double free in Windows Message Queuing allows an authorized attacker to elevate privileges locally.
CVE-2026-58601,cpe:2.3:o:microsoft:windows_server_2025:10.0.26100.4946:*:*:*:*:*:x64:*,All Other Vulnerabilities,No confirmed exploitation or public exploit code identified.,7.8,0.00223,0.13175,False,False,unproven,,,,,,False,False,False,None,Heap-based buffer overflow in Virtual Hard Disk (VHD) Miniport Driver allows an authorized attacker to elevate privileges locally.
CVE-2026-62812,cpe:2.3:o:microsoft:windows_server_2025:10.0.26100.4946:*:*:*:*:*:x64:*,All Other Vulnerabilities,No confirmed exploitation or public exploit code identified.,7.8,0.00298,0.22365,False,False,unproven,,,,,,False,False,False,None,Improper link resolution before file access ('link following') in Windows DHCP Server allows an authorized attacker to elevate privileges locally.
CVE-2025-58728,cpe:2.3:o:microsoft:windows_server_2025:10.0.26100.4946:*:*:*:*:*:x64:*,All Other Vulnerabilities,No confirmed exploitation or public exploit code identified.,7.8,0.00396,0.32775,False,False,unproven,,,,,,False,False,False,None,Use after free in Windows Bluetooth Service allows an authorized attacker to elevate privileges locally.
CVE-2026-24293,cpe:2.3:o:microsoft:windows_server_2025:10.0.26100.4946:*:*:*:*:*:x64:*,All Other Vulnerabilities,No confirmed exploitation or public exploit code identified.,7.8,0.00507,0.40976,False,False,unproven,,,,,,False,False,False,None,Null pointer dereference in Windows Ancillary Function Driver for WinSock allows an authorized attacker to elevate privileges locally.
CVE-2026-32158,cpe:2.3:o:microsoft:windows_server_2025:10.0.26100.4946:*:*:*:*:*:x64:*,All Other Vulnerabilities,No confirmed exploitation or public exploit code identified.,7.8,0.002,0.10182,False,False,unproven,,,,,,False,False,False,None,Concurrent execution using shared resource with improper synchronization ('race condition') in Windows Push Notifications allows an authorized attacker to elevate privileges locally.
CVE-2026-50305,cpe:2.3:o:microsoft:windows_server_2025:10.0.26100.4946:*:*:*:*:*:x64:*,All Other Vulnerabilities,No confirmed exploitation or public exploit code identified.,7.8,0.00184,0.08265,False,False,unproven,,,,,,False,False,False,None,Use after free in Microsoft Brokering File System allows an authorized attacker to elevate privileges locally.
CVE-2026-56182,cpe:2.3:o:microsoft:windows_server_2025:10.0.26100.4946:*:*:*:*:*:x64:*,All Other Vulnerabilities,No confirmed exploitation or public exploit code identified.,7.8,0.0024,0.15274,False,False,unproven,,,,,,False,False,False,None,Integer overflow or wraparound in Windows NTFS allows an authorized attacker to elevate privileges locally.
CVE-2025-59277,cpe:2.3:o:microsoft:windows_server_2025:10.0.26100.4946:*:*:*:*:*:x64:*,All Other Vulnerabilities,No confirmed exploitation or public exploit code identified.,7.8,0.00355,0.28557,False,False,unproven,,,,,,False,False,False,None,Improper validation of specified type of input in Windows Authentication Methods allows an authorized attacker to elevate privileges locally.
CVE-2025-60705,cpe:2.3:o:microsoft:windows_server_2025:10.0.26100.4946:*:*:*:*:*:x64:*,All Other Vulnerabilities,No confirmed exploitation or public exploit code identified.,7.8,0.02405,0.82661,False,False,unproven,,,,,,False,False,False,None,Improper access control in Windows Client-Side Caching (CSC) Service allows an authorized attacker to elevate privileges locally.
CVE-2026-26168,cpe:2.3:o:microsoft:windows_server_2025:10.0.26100.4946:*:*:*:*:*:x64:*,All Other Vulnerabilities,No confirmed exploitation or public exploit code identified.,7.8,0.00179,0.07743,False,False,unproven,,,,,,False,False,False,None,Concurrent execution using shared resource with improper synchronization ('race condition') in Windows Ancillary Function Driver for WinSock allows an authorized attacker to elevate privileges locally.
CVE-2026-27927,cpe:2.3:o:microsoft:windows_server_2025:10.0.26100.4946:*:*:*:*:*:x64:*,All Other Vulnerabilities,No confirmed exploitation or public exploit code identified.,7.8,0.00191,0.09096,False,False,unproven,,,,,,False,False,False,None,Concurrent execution using shared resource with improper synchronization ('race condition') in Windows Projected File System allows an authorized attacker to elevate privileges locally.
CVE-2026-50357,cpe:2.3:o:microsoft:windows_server_2025:10.0.26100.4946:*:*:*:*:*:x64:*,All Other Vulnerabilities,No confirmed exploitation or public exploit code identified.,7.8,0.00311,0.23714,False,False,unproven,,,,,,False,False,False,None,Numeric truncation error in Windows Resilient File System (ReFS) allows an authorized attacker to execute code locally.
CVE-2026-55004,cpe:2.3:o:microsoft:windows_server_2025:10.0.26100.4946:*:*:*:*:*:x64:*,All Other Vulnerabilities,No confirmed exploitation or public exploit code identified.,7.8,0.0024,0.15277,False,False,unproven,,,,,,False,False,False,None,Double free in Microsoft Printer Drivers allows an authorized attacker to elevate privileges locally.
CVE-2026-26172,cpe:2.3:o:microsoft:windows_server_2025:10.0.26100.4946:*:*:*:*:*:x64:*,All Other Vulnerabilities,No confirmed exploitation or public exploit code identified.,7.8,0.00153,0.04938,False,False,unproven,,,,,,False,False,False,None,Concurrent execution using shared resource with improper synchronization ('race condition') in Windows Push Notifications allows an authorized attacker to elevate privileges locally.
CVE-2026-50435,cpe:2.3:o:microsoft:windows_server_2025:10.0.26100.4946:*:*:*:*:*:x64:*,All Other Vulnerabilities,No confirmed exploitation or public exploit code identified.,7.8,0.0024,0.15276,False,False,unproven,,,,,,False,False,False,None,Buffer over-read in Windows Overlay Filter allows an authorized attacker to elevate privileges locally.
CVE-2026-21236,cpe:2.3:o:microsoft:windows_server_2025:10.0.26100.4946:*:*:*:*:*:x64:*,All Other Vulnerabilities,No confirmed exploitation or public exploit code identified.,7.8,0.00417,0.34733,False,False,unproven,,,,,,False,False,False,None,Heap-based buffer overflow in Windows Ancillary Function Driver for WinSock allows an authorized attacker to elevate privileges locally.
CVE-2026-50466,cpe:2.3:o:microsoft:windows_server_2025:10.0.26100.4946:*:*:*:*:*:x64:*,All Other Vulnerabilities,No confirmed exploitation or public exploit code identified.,7.8,0.0024,0.15277,False,False,unproven,,,,,,False,False,False,None,Use after free in Windows Brokering File System allows an authorized attacker to elevate privileges locally.
CVE-2026-62888,cpe:2.3:o:microsoft:windows_server_2025:10.0.26100.4946:*:*:*:*:*:x64:*,All Other Vulnerabilities,No confirmed exploitation or public exploit code identified.,7.8,0.01829,0.77012,False,False,unproven,,,,,,False,False,False,None,Use after free in Windows DWM Core Library allows an authorized attacker to elevate privileges locally.
CVE-2026-49793,cpe:2.3:o:microsoft:windows_server_2025:10.0.26100.4946:*:*:*:*:*:x64:*,All Other Vulnerabilities,No confirmed exploitation or public exploit code identified.,7.8,0.00257,0.17506,False,False,unproven,,,,,,False,False,False,None,Heap-based buffer overflow in Windows Resilient File System (ReFS) allows an authorized attacker to execute code locally.
CVE-2026-58536,cpe:2.3:o:microsoft:windows_server_2025:10.0.26100.4946:*:*:*:*:*:x64:*,All Other Vulnerabilities,No confirmed exploitation or public exploit code identified.,7.8,0.0195,0.7851,False,False,unproven,,,,,,False,False,False,None,Use after free in Windows Cloud Files Mini Filter Driver allows an authorized attacker to elevate privileges locally.
CVE-2026-62803,cpe:2.3:o:microsoft:windows_server_2025:10.0.26100.4946:*:*:*:*:*:x64:*,All Other Vulnerabilities,No confirmed exploitation or public exploit code identified.,7.8,0.00371,0.30154,False,False,unproven,,,,,,False,False,False,None,Improper link resolution before file access ('link following') in Windows DHCP Server allows an authorized attacker to elevate privileges locally.
CVE-2026-26170,cpe:2.3:o:microsoft:windows_server_2025:10.0.26100.4946:*:*:*:*:*:x64:*,All Other Vulnerabilities,No confirmed exploitation or public exploit code identified.,7.8,0.0023,0.14088,False,False,unproven,,,,,,False,False,False,None,Improper input validation in Microsoft PowerShell allows an authorized attacker to elevate privileges locally.
CVE-2026-62758,cpe:2.3:o:microsoft:windows_server_2025:10.0.26100.4946:*:*:*:*:*:x64:*,All Other Vulnerabilities,No confirmed exploitation or public exploit code identified.,7.8,0.0024,0.15275,False,False,unproven,,,,,,False,False,False,None,Heap-based buffer overflow in Windows Remote Access Connection Manager allows an authorized attacker to elevate privileges locally.
CVE-2025-53150,cpe:2.3:o:microsoft:windows_server_2025:10.0.26100.4946:*:*:*:*:*:x64:*,All Other Vulnerabilities,No confirmed exploitation or public exploit code identified.,7.8,0.00298,0.22342,False,False,unproven,,,,,,False,False,False,None,Use after free in Windows Digital Media allows an authorized attacker to elevate privileges locally.
CVE-2026-32074,cpe:2.3:o:microsoft:windows_server_2025:10.0.26100.4946:*:*:*:*:*:x64:*,All Other Vulnerabilities,No confirmed exploitation or public exploit code identified.,7.8,0.00257,0.17507,False,False,unproven,,,,,,False,False,False,None,Double free in Windows Projected File System allows an authorized attacker to elevate privileges locally.
CVE-2026-50333,cpe:2.3:o:microsoft:windows_server_2025:10.0.26100.4946:*:*:*:*:*:x64:*,All Other Vulnerabilities,No confirmed exploitation or public exploit code identified.,7.8,0.00214,0.1206,False,False,unproven,,,,,,False,False,False,None,Missing authentication for critical function in Windows Spaceport.sys allows an authorized attacker to elevate privileges locally.
CVE-2026-58542,cpe:2.3:o:microsoft:windows_server_2025:10.0.26100.4946:*:*:*:*:*:x64:*,All Other Vulnerabilities,No confirmed exploitation or public exploit code identified.,7.8,0.00341,0.27072,False,False,unproven,,,,,,False,False,False,None,Heap-based buffer overflow in Windows Media allows an unauthorized attacker to execute code locally.
CVE-2026-21251,cpe:2.3:o:microsoft:windows_server_2025:10.0.26100.4946:*:*:*:*:*:x64:*,All Other Vulnerabilities,No confirmed exploitation or public exploit code identified.,7.8,0.00417,0.34733,False,False,unproven,,,,,,False,False,False,None,Use after free in Windows Cluster Client Failover allows an authorized attacker to elevate privileges locally.
CVE-2026-34334,cpe:2.3:o:microsoft:windows_server_2025:10.0.26100.4946:*:*:*:*:*:x64:*,All Other Vulnerabilities,No confirmed exploitation or public exploit code identified.,7.8,0.00154,0.05038,False,False,unproven,,,,,,False,False,False,None,Concurrent execution using shared resource with improper synchronization ('race condition') in Windows TCP/IP allows an authorized attacker to elevate privileges locally.
CVE-2026-40377,cpe:2.3:o:microsoft:windows_server_2025:10.0.26100.4946:*:*:*:*:*:x64:*,All Other Vulnerabilities,No confirmed exploitation or public exploit code identified.,7.8,0.00304,0.23027,False,False,unproven,,,,,,False,False,False,None,Heap-based buffer overflow in Windows Cryptographic Services allows an authorized attacker to elevate privileges locally.
CVE-2026-62696,cpe:2.3:o:microsoft:windows_server_2025:10.0.26100.4946:*:*:*:*:*:x64:*,All Other Vulnerabilities,No confirmed exploitation or public exploit code identified.,7.8,0.03175,0.86943,False,False,unproven,,,,,,False,False,False,None,Integer underflow (wrap or wraparound) in Windows Program Compatibility Assistant Service allows an authorized attacker to elevate privileges locally.
CVE-2026-34351,cpe:2.3:o:microsoft:windows_server_2025:10.0.26100.4946:*:*:*:*:*:x64:*,All Other Vulnerabilities,No confirmed exploitation or public exploit code identified.,7.8,0.00205,0.10808,False,False,unproven,,,,,,False,False,False,None,Concurrent execution using shared resource with improper synchronization ('race condition') in Windows TCP/IP allows an authorized attacker to elevate privileges locally.
CVE-2026-32160,cpe:2.3:o:microsoft:windows_server_2025:10.0.26100.4946:*:*:*:*:*:x64:*,All Other Vulnerabilities,No confirmed exploitation or public exploit code identified.,7.8,0.00201,0.10281,False,False,unproven,,,,,,False,False,False,None,Concurrent execution using shared resource with improper synchronization ('race condition') in Windows Push Notifications allows an authorized attacker to elevate privileges locally.
CVE-2026-49800,cpe:2.3:o:microsoft:windows_server_2025:10.0.26100.4946:*:*:*:*:*:x64:*,All Other Vulnerabilities,No confirmed exploitation or public exploit code identified.,7.8,0.02112,0.80236,False,False,unproven,,,,,,False,False,False,None,Integer overflow or wraparound in Windows Web Proxy Auto-Discovery Protocol (WPAD) allows an authorized attacker to elevate privileges locally.
CVE-2026-50306,cpe:2.3:o:microsoft:windows_server_2025:10.0.26100.4946:*:*:*:*:*:x64:*,All Other Vulnerabilities,No confirmed exploitation or public exploit code identified.,7.8,0.0024,0.15278,False,False,unproven,,,,,,False,False,False,None,Use after free in Windows TCP/IP allows an authorized attacker to elevate privileges locally.
CVE-2025-55228,cpe:2.3:o:microsoft:windows_server_2025:10.0.26100.4946:*:*:*:*:*:x64:*,All Other Vulnerabilities,No confirmed exploitation or public exploit code identified.,7.8,0.0032,0.24727,False,False,unproven,,,,,,False,False,False,None,Concurrent execution using shared resource with improper synchronization ('race condition') in Windows Win32K - GRFX allows an authorized attacker to execute code locally.
CVE-2025-62474,cpe:2.3:o:microsoft:windows_server_2025:10.0.26100.4946:*:*:*:*:*:x64:*,All Other Vulnerabilities,No confirmed exploitation or public exploit code identified.,7.8,0.00358,0.28886,False,False,unproven,,,,,,False,False,False,None,Improper access control in Windows Remote Access Connection Manager allows an authorized attacker to elevate privileges locally.
CVE-2026-54991,cpe:2.3:o:microsoft:windows_server_2025:10.0.26100.4946:*:*:*:*:*:x64:*,All Other Vulnerabilities,No confirmed exploitation or public exploit code identified.,7.8,0.00154,0.05038,False,False,unproven,,,,,,False,False,False,None,Concurrent execution using shared resource with improper synchronization ('race condition') in Windows USB Print Driver allows an authorized attacker to elevate privileges locally.
CVE-2026-20865,cpe:2.3:o:microsoft:windows_server_2025:10.0.26100.4946:*:*:*:*:*:x64:*,All Other Vulnerabilities,No confirmed exploitation or public exploit code identified.,7.8,0.0039,0.32097,False,False,unproven,,,,,,False,False,False,None,Use after free in Windows Management Services allows an authorized attacker to elevate privileges locally.
CVE-2026-50433,cpe:2.3:o:microsoft:windows_server_2025:10.0.26100.4946:*:*:*:*:*:x64:*,All Other Vulnerabilities,No confirmed exploitation or public exploit code identified.,7.8,0.01921,0.78178,False,False,unproven,,,,,,False,False,False,None,Use after free in Windows Media allows an authorized attacker to elevate privileges locally.
CVE-2026-26163,cpe:2.3:o:microsoft:windows_server_2025:10.0.26100.4946:*:*:*:*:*:x64:*,All Other Vulnerabilities,No confirmed exploitation or public exploit code identified.,7.8,0.00298,0.22318,False,False,unproven,,,,,,False,False,False,None,Double free in Windows Kernel allows an authorized attacker to elevate privileges locally.
CVE-2026-20837,cpe:2.3:o:microsoft:windows_server_2025:10.0.26100.4946:*:*:*:*:*:x64:*,All Other Vulnerabilities,No confirmed exploitation or public exploit code identified.,7.8,0.00686,0.49616,False,False,unproven,,,,,,False,False,False,None,Heap-based buffer overflow in Windows Media allows an unauthorized attacker to execute code locally.
CVE-2026-34336,cpe:2.3:o:microsoft:windows_server_2025:10.0.26100.4946:*:*:*:*:*:x64:*,All Other Vulnerabilities,No confirmed exploitation or public exploit code identified.,7.8,0.00245,0.15953,False,False,unproven,,,,,,False,False,False,None,Integer overflow or wraparound in Windows DWM Core Library allows an authorized attacker to elevate privileges locally.
CVE-2026-58537,cpe:2.3:o:microsoft:windows_server_2025:10.0.26100.4946:*:*:*:*:*:x64:*,All Other Vulnerabilities,No confirmed exploitation or public exploit code identified.,7.8,0.00311,0.23713,False,False,unproven,,,,,,False,False,False,None,Use after free in Microsoft NAT Helper Components (ipnathlp.dll) allows an authorized attacker to elevate privileges locally.
CVE-2026-62807,cpe:2.3:o:microsoft:windows_server_2025:10.0.26100.4946:*:*:*:*:*:x64:*,All Other Vulnerabilities,No confirmed exploitation or public exploit code identified.,7.8,0.0038,0.31084,False,False,unproven,,,,,,False,False,False,None,Improper link resolution before file access ('link following') in Windows DHCP Server allows an authorized attacker to elevate privileges locally.
CVE-2025-50152,cpe:2.3:o:microsoft:windows_server_2025:10.0.26100.4946:*:*:*:*:*:x64:*,All Other Vulnerabilities,No confirmed exploitation or public exploit code identified.,7.8,0.00396,0.32774,False,False,unproven,,,,,,False,False,False,None,Out-of-bounds read in Windows Kernel allows an authorized attacker to elevate privileges locally.
CVE-2026-62894,cpe:2.3:o:microsoft:windows_server_2025:10.0.26100.4946:*:*:*:*:*:x64:*,All Other Vulnerabilities,No confirmed exploitation or public exploit code identified.,7.8,0.0024,0.15318,False,False,unproven,,,,,,False,False,False,None,Heap-based buffer overflow in Windows DWM Core Library allows an authorized attacker to elevate privileges locally.
CVE-2026-65672,cpe:2.3:o:microsoft:windows_server_2025:10.0.26100.4946:*:*:*:*:*:x64:*,All Other Vulnerabilities,No confirmed exploitation or public exploit code identified.,7.8,0.00257,0.17536,False,False,unproven,,,,,,False,False,False,None,Heap-based buffer overflow in Windows Remote Access API allows an authorized attacker to elevate privileges locally.
CVE-2026-62722,cpe:2.3:o:microsoft:windows_server_2025:10.0.26100.4946:*:*:*:*:*:x64:*,All Other Vulnerabilities,No confirmed exploitation or public exploit code identified.,7.8,0.00311,0.23756,False,False,unproven,,,,,,False,False,False,None,Heap-based buffer overflow in Windows Brokering File System allows an authorized attacker to elevate privileges locally.
CVE-2026-26183,cpe:2.3:o:microsoft:windows_server_2025:10.0.26100.4946:*:*:*:*:*:x64:*,All Other Vulnerabilities,No confirmed exploitation or public exploit code identified.,7.8,0.00256,0.17389,False,False,unproven,,,,,,False,False,False,None,Improper access control in Windows RPC API allows an authorized attacker to elevate privileges locally.
CVE-2026-50488,cpe:2.3:o:microsoft:windows_server_2025:10.0.26100.4946:*:*:*:*:*:x64:*,All Other Vulnerabilities,No confirmed exploitation or public exploit code identified.,7.8,0.00232,0.14264,False,False,unproven,,,,,,False,False,False,None,Improper neutralization of special elements used in a command ('command injection') in Windows Clipboard User Service allows an authorized attacker to elevate privileges locally.
CVE-2026-50318,cpe:2.3:o:microsoft:windows_server_2025:10.0.26100.4946:*:*:*:*:*:x64:*,All Other Vulnerabilities,No confirmed exploitation or public exploit code identified.,7.8,0.00257,0.17506,False,False,unproven,,,,,,False,False,False,None,Stack-based buffer overflow in Windows Resilient File System (ReFS) allows an authorized attacker to elevate privileges locally.
CVE-2025-59242,cpe:2.3:o:microsoft:windows_server_2025:10.0.26100.4946:*:*:*:*:*:x64:*,All Other Vulnerabilities,No confirmed exploitation or public exploit code identified.,7.8,0.00381,0.31195,False,False,unproven,,,,,,False,False,False,None,Heap-based buffer overflow in Windows Ancillary Function Driver for WinSock allows an authorized attacker to elevate privileges locally.
CVE-2026-33828,cpe:2.3:o:microsoft:windows_server_2025:10.0.26100.4946:*:*:*:*:*:x64:*,All Other Vulnerabilities,No confirmed exploitation or public exploit code identified.,7.8,0.0031,0.23627,False,False,unproven,,,,,,False,False,False,None,Trust boundary violation in Windows Attestation allows an authorized attacker to elevate privileges locally.
CVE-2026-24294,cpe:2.3:o:microsoft:windows_server_2025:10.0.26100.4946:*:*:*:*:*:x64:*,All Other Vulnerabilities,No confirmed exploitation or public exploit code identified.,7.8,0.04671,0.90988,False,False,unproven,,,,,,False,False,False,None,Improper authentication in Windows SMB Server allows an authorized attacker to elevate privileges locally.
CVE-2026-40407,cpe:2.3:o:microsoft:windows_server_2025:10.0.26100.4946:*:*:*:*:*:x64:*,All Other Vulnerabilities,No confirmed exploitation or public exploit code identified.,7.8,0.00304,0.23026,False,False,unproven,,,,,,False,False,False,None,Heap-based buffer overflow in Windows Common Log File System Driver allows an authorized attacker to elevate privileges locally.
CVE-2026-27915,cpe:2.3:o:microsoft:windows_server_2025:10.0.26100.4946:*:*:*:*:*:x64:*,All Other Vulnerabilities,No confirmed exploitation or public exploit code identified.,7.8,0.00298,0.22317,False,False,unproven,,,,,,False,False,False,None,Use after free in Windows Universal Plug and Play (UPnP) Device Host allows an authorized attacker to elevate privileges locally.
CVE-2026-50386,cpe:2.3:o:microsoft:windows_server_2025:10.0.26100.4946:*:*:*:*:*:x64:*,All Other Vulnerabilities,No confirmed exploitation or public exploit code identified.,7.8,0.00335,0.2643,False,False,unproven,,,,,,False,False,False,None,Heap-based buffer overflow in Windows NTFS allows an unauthorized attacker to execute code locally.
CVE-2026-20867,cpe:2.3:o:microsoft:windows_server_2025:10.0.26100.4946:*:*:*:*:*:x64:*,All Other Vulnerabilities,No confirmed exploitation or public exploit code identified.,7.8,0.00299,0.22422,False,False,unproven,,,,,,False,False,False,None,Concurrent execution using shared resource with improper synchronization ('race condition') in Windows Management Services allows an authorized attacker to elevate privileges locally.
CVE-2026-42989,cpe:2.3:o:microsoft:windows_server_2025:10.0.26100.4946:*:*:*:*:*:x64:*,All Other Vulnerabilities,No confirmed exploitation or public exploit code identified.,7.8,0.0227,0.8158,False,False,unproven,,,,,,False,False,False,None,Improper link resolution before file access ('link following') in Winlogon allows an authorized attacker to elevate privileges locally.
CVE-2025-62571,cpe:2.3:o:microsoft:windows_server_2025:10.0.26100.4946:*:*:*:*:*:x64:*,All Other Vulnerabilities,No confirmed exploitation or public exploit code identified.,7.8,0.00392,0.32363,False,False,unproven,,,,,,False,False,False,None,Improper input validation in Windows Installer allows an authorized attacker to elevate privileges locally.
CVE-2026-42905,cpe:2.3:o:microsoft:windows_server_2025:10.0.26100.4946:*:*:*:*:*:x64:*,All Other Vulnerabilities,No confirmed exploitation or public exploit code identified.,7.8,0.02004,0.79098,False,False,unproven,,,,,,False,False,False,None,Use after free in Windows DWM Core Library allows an authorized attacker to elevate privileges locally.
CVE-2025-59192,cpe:2.3:o:microsoft:windows_server_2025:10.0.26100.4946:*:*:*:*:*:x64:*,All Other Vulnerabilities,No confirmed exploitation or public exploit code identified.,7.8,0.00274,0.19754,False,False,unproven,,,,,,False,False,False,None,Buffer over-read in Storport.sys Driver allows an authorized attacker to elevate privileges locally.
CVE-2026-50405,cpe:2.3:o:microsoft:windows_server_2025:10.0.26100.4946:*:*:*:*:*:x64:*,All Other Vulnerabilities,No confirmed exploitation or public exploit code identified.,7.8,0.00214,0.1206,False,False,unproven,,,,,,False,False,False,None,Insufficient granularity of access control in Windows Filtering Platform (WFP) allows an authorized attacker to elevate privileges locally.
CVE-2026-58527,cpe:2.3:o:microsoft:windows_server_2025:10.0.26100.4946:*:*:*:*:*:x64:*,All Other Vulnerabilities,No confirmed exploitation or public exploit code identified.,7.8,0.00199,0.1007,False,False,unproven,,,,,,False,False,False,None,Concurrent execution using shared resource with improper synchronization ('race condition') in Windows Runtime allows an authorized attacker to elevate privileges locally.
CVE-2025-62464,cpe:2.3:o:microsoft:windows_server_2025:10.0.26100.4946:*:*:*:*:*:x64:*,All Other Vulnerabilities,No confirmed exploitation or public exploit code identified.,7.8,0.00392,0.32364,False,False,unproven,,,,,,False,False,False,None,Buffer over-read in Windows Projected File System allows an authorized attacker to elevate privileges locally.
CVE-2026-33101,cpe:2.3:o:microsoft:windows_server_2025:10.0.26100.4946:*:*:*:*:*:x64:*,All Other Vulnerabilities,No confirmed exploitation or public exploit code identified.,7.8,0.00223,0.13174,False,False,unproven,,,,,,False,False,False,None,Use after free in Windows Print Spooler Components allows an authorized attacker to elevate privileges locally.
CVE-2025-58722,cpe:2.3:o:microsoft:windows_server_2025:10.0.26100.4946:*:*:*:*:*:x64:*,All Other Vulnerabilities,No confirmed exploitation or public exploit code identified.,7.8,0.02108,0.80196,False,False,unproven,,,,,,False,False,False,None,Heap-based buffer overflow in Windows DWM allows an authorized attacker to elevate privileges locally.
CVE-2026-27918,cpe:2.3:o:microsoft:windows_server_2025:10.0.26100.4946:*:*:*:*:*:x64:*,All Other Vulnerabilities,No confirmed exploitation or public exploit code identified.,7.8,0.00192,0.09168,False,False,unproven,,,,,,False,False,False,None,Concurrent execution using shared resource with improper synchronization ('race condition') in Windows Shell allows an authorized attacker to elevate privileges locally.
CVE-2026-61349,cpe:2.3:o:microsoft:windows_server_2025:10.0.26100.4946:*:*:*:*:*:x64:*,All Other Vulnerabilities,No confirmed exploitation or public exploit code identified.,7.8,0.00238,0.15119,False,False,unproven,,,,,,False,False,False,None,Use after free in Windows Work Folder Service allows an authorized attacker to elevate privileges locally.
CVE-2026-50407,cpe:2.3:o:microsoft:windows_server_2025:10.0.26100.4946:*:*:*:*:*:x64:*,All Other Vulnerabilities,No confirmed exploitation or public exploit code identified.,7.8,0.00311,0.23712,False,False,unproven,,,,,,False,False,False,None,Heap-based buffer overflow in Windows Resilient File System (ReFS) allows an authorized attacker to elevate privileges locally.
CVE-2026-58610,cpe:2.3:o:microsoft:windows_server_2025:10.0.26100.4946:*:*:*:*:*:x64:*,All Other Vulnerabilities,No confirmed exploitation or public exploit code identified.,7.8,0.00312,0.23944,False,False,unproven,,,,,,False,False,False,None,Heap-based buffer overflow in Microsoft Windows Media Foundation allows an unauthorized attacker to execute code locally.
CVE-2026-50425,cpe:2.3:o:microsoft:windows_server_2025:10.0.26100.4946:*:*:*:*:*:x64:*,All Other Vulnerabilities,No confirmed exploitation or public exploit code identified.,7.8,0.0024,0.15276,False,False,unproven,,,,,,False,False,False,None,Use after free in Windows Internal System User Profile allows an authorized attacker to elevate privileges locally.
CVE-2026-35421,cpe:2.3:o:microsoft:windows_server_2025:10.0.26100.4946:*:*:*:*:*:x64:*,All Other Vulnerabilities,No confirmed exploitation or public exploit code identified.,7.8,0.00532,0.42478,False,False,unproven,,,,,,False,False,False,None,Heap-based buffer overflow in Windows GDI allows an unauthorized attacker to execute code locally.
CVE-2026-50471,cpe:2.3:o:microsoft:windows_server_2025:10.0.26100.4946:*:*:*:*:*:x64:*,All Other Vulnerabilities,No confirmed exploitation or public exploit code identified.,7.8,0.00303,0.22878,False,False,unproven,,,,,,False,False,False,None,Heap-based buffer overflow in Windows NTFS allows an unauthorized attacker to execute code locally.
CVE-2026-54112,cpe:2.3:o:microsoft:windows_server_2025:10.0.26100.4946:*:*:*:*:*:x64:*,All Other Vulnerabilities,No confirmed exploitation or public exploit code identified.,7.8,0.00153,0.04938,False,False,unproven,,,,,,False,False,False,None,Concurrent execution using shared resource with improper synchronization ('race condition') in Windows Win32K allows an authorized attacker to elevate privileges locally.
CVE-2026-61358,cpe:2.3:o:microsoft:windows_server_2025:10.0.26100.4946:*:*:*:*:*:x64:*,All Other Vulnerabilities,No confirmed exploitation or public exploit code identified.,7.8,0.0368,0.88728,False,False,unproven,,,,,,False,False,False,None,Improper link resolution before file access ('link following') in Windows Accessibility Infrastructure (ATBroker.exe) allows an authorized attacker to elevate privileges locally.
CVE-2025-55697,cpe:2.3:o:microsoft:windows_server_2025:10.0.26100.4946:*:*:*:*:*:x64:*,All Other Vulnerabilities,No confirmed exploitation or public exploit code identified.,7.8,0.00329,0.25792,False,False,unproven,,,,,,False,False,False,None,Heap-based buffer overflow in Azure Local allows an authorized attacker to elevate privileges locally.
CVE-2026-40397,cpe:2.3:o:microsoft:windows_server_2025:10.0.26100.4946:*:*:*:*:*:x64:*,All Other Vulnerabilities,No confirmed exploitation or public exploit code identified.,7.8,0.00273,0.19649,False,False,unproven,,,,,,False,False,False,None,Heap-based buffer overflow in Windows Common Log File System Driver allows an authorized attacker to elevate privileges locally.
CVE-2026-50461,cpe:2.3:o:microsoft:windows_server_2025:10.0.26100.4946:*:*:*:*:*:x64:*,All Other Vulnerabilities,No confirmed exploitation or public exploit code identified.,7.8,0.00335,0.26432,False,False,unproven,,,,,,False,False,False,None,Heap-based buffer overflow in Windows NTFS allows an unauthorized attacker to execute code locally.
CVE-2026-62776,cpe:2.3:o:microsoft:windows_server_2025:10.0.26100.4946:*:*:*:*:*:x64:*,All Other Vulnerabilities,No confirmed exploitation or public exploit code identified.,7.8,0.00278,0.2023,False,False,unproven,,,,,,False,False,False,None,Improper link resolution before file access ('link following') in Windows DHCP Server allows an authorized attacker to elevate privileges locally.
CVE-2026-20859,cpe:2.3:o:microsoft:windows_server_2025:10.0.26100.4946:*:*:*:*:*:x64:*,All Other Vulnerabilities,No confirmed exploitation or public exploit code identified.,7.8,0.00477,0.3916,False,False,unproven,,,,,,False,False,False,None,Use after free in Windows Kernel-Mode Drivers allows an authorized attacker to elevate privileges locally.
CVE-2026-26176,cpe:2.3:o:microsoft:windows_server_2025:10.0.26100.4946:*:*:*:*:*:x64:*,All Other Vulnerabilities,No confirmed exploitation or public exploit code identified.,7.8,0.0023,0.14087,False,False,unproven,,,,,,False,False,False,None,Heap-based buffer overflow in Windows Client Side Caching driver (csc.sys) allows an authorized attacker to elevate privileges locally.
CVE-2026-26184,cpe:2.3:o:microsoft:windows_server_2025:10.0.26100.4946:*:*:*:*:*:x64:*,All Other Vulnerabilities,No confirmed exploitation or public exploit code identified.,7.8,0.0024,0.15276,False,False,unproven,,,,,,False,False,False,None,Buffer over-read in Windows Projected File System allows an authorized attacker to elevate privileges locally.
CVE-2026-44812,cpe:2.3:o:microsoft:windows_server_2025:10.0.26100.4946:*:*:*:*:*:x64:*,All Other Vulnerabilities,No confirmed exploitation or public exploit code identified.,7.8,0.00522,0.41905,False,False,unproven,,,,,,False,False,False,None,Integer overflow or wraparound in Windows Win32K - GRFX allows an unauthorized attacker to execute code locally.
CVE-2026-50332,cpe:2.3:o:microsoft:windows_server_2025:10.0.26100.4946:*:*:*:*:*:x64:*,All Other Vulnerabilities,No confirmed exploitation or public exploit code identified.,7.8,0.00347,0.2777,False,False,unproven,,,,,,False,False,False,None,Heap-based buffer overflow in Windows Kernel allows an authorized attacker to elevate privileges locally.
CVE-2026-20822,cpe:2.3:o:microsoft:windows_server_2025:10.0.26100.4946:*:*:*:*:*:x64:*,All Other Vulnerabilities,No confirmed exploitation or public exploit code identified.,7.8,0.00402,0.3341,False,False,unproven,,,,,,False,False,False,None,Use after free in Microsoft Graphics Component allows an authorized attacker to elevate privileges locally.
CVE-2026-32222,cpe:2.3:o:microsoft:windows_server_2025:10.0.26100.4946:*:*:*:*:*:x64:*,All Other Vulnerabilities,No confirmed exploitation or public exploit code identified.,7.8,0.0032,0.24798,False,False,unproven,,,,,,False,False,False,None,Untrusted pointer dereference in Windows Win32K - ICOMP allows an authorized attacker to elevate privileges locally.
CVE-2026-45636,cpe:2.3:o:microsoft:windows_server_2025:10.0.26100.4946:*:*:*:*:*:x64:*,All Other Vulnerabilities,No confirmed exploitation or public exploit code identified.,7.8,0.00411,0.34249,False,False,unproven,,,,,,False,False,False,None,Heap-based buffer overflow in Windows NTFS allows an unauthorized attacker to execute code locally.
CVE-2026-57096,cpe:2.3:o:microsoft:windows_server_2025:10.0.26100.4946:*:*:*:*:*:x64:*,All Other Vulnerabilities,No confirmed exploitation or public exploit code identified.,7.8,0.00311,0.23714,False,False,unproven,,,,,,False,False,False,None,Heap-based buffer overflow in Windows Routing and Remote Access Service (RRAS) allows an authorized attacker to elevate privileges locally.
CVE-2026-20831,cpe:2.3:o:microsoft:windows_server_2025:10.0.26100.4946:*:*:*:*:*:x64:*,All Other Vulnerabilities,No confirmed exploitation or public exploit code identified.,7.8,0.00306,0.23203,False,False,unproven,,,,,,False,False,False,None,Time-of-check time-of-use (toctou) race condition in Windows Ancillary Function Driver for WinSock allows an authorized attacker to elevate privileges locally.
CVE-2026-32077,cpe:2.3:o:microsoft:windows_server_2025:10.0.26100.4946:*:*:*:*:*:x64:*,All Other Vulnerabilities,No confirmed exploitation or public exploit code identified.,7.8,0.00321,0.24915,False,False,unproven,,,,,,False,False,False,None,Untrusted pointer dereference in Windows Universal Plug and Play (UPnP) Device Host allows an authorized attacker to elevate privileges locally.
CVE-2026-62747,cpe:2.3:o:microsoft:windows_server_2025:10.0.26100.4946:*:*:*:*:*:x64:*,All Other Vulnerabilities,No confirmed exploitation or public exploit code identified.,7.8,0.00311,0.23755,False,False,unproven,,,,,,False,False,False,None,Heap-based buffer overflow in Windows Device Association Service allows an authorized attacker to elevate privileges locally.
CVE-2026-62755,cpe:2.3:o:microsoft:windows_server_2025:10.0.26100.4946:*:*:*:*:*:x64:*,All Other Vulnerabilities,No confirmed exploitation or public exploit code identified.,7.8,0.0024,0.1532,False,False,unproven,,,,,,False,False,False,None,Stack-based buffer overflow in Windows DHCP Client allows an authorized attacker to elevate privileges locally.
CVE-2026-34344,cpe:2.3:o:microsoft:windows_server_2025:10.0.26100.4946:*:*:*:*:*:x64:*,All Other Vulnerabilities,No confirmed exploitation or public exploit code identified.,7.8,0.00314,0.2414,False,False,unproven,,,,,,False,False,False,None,Access of resource using incompatible type ('type confusion') in Windows Ancillary Function Driver for WinSock allows an authorized attacker to elevate privileges locally.
CVE-2026-62733,cpe:2.3:o:microsoft:windows_server_2025:10.0.26100.4946:*:*:*:*:*:x64:*,All Other Vulnerabilities,No confirmed exploitation or public exploit code identified.,7.8,0.0024,0.1532,False,False,unproven,,,,,,False,False,False,None,Out-of-bounds read in Windows Win32K allows an authorized attacker to elevate privileges locally.
CVE-2026-55001,cpe:2.3:o:microsoft:windows_server_2025:10.0.26100.4946:*:*:*:*:*:x64:*,All Other Vulnerabilities,No confirmed exploitation or public exploit code identified.,7.8,0.00214,0.12059,False,False,unproven,,,,,,False,False,False,None,Improper certificate validation in Windows Active Directory allows an authorized attacker to elevate privileges locally.
CVE-2026-62832,cpe:2.3:o:microsoft:windows_server_2025:10.0.26100.4946:*:*:*:*:*:x64:*,All Other Vulnerabilities,No confirmed exploitation or public exploit code identified.,7.8,0.02365,0.82365,False,False,unproven,,,,,,False,False,False,None,Improper link resolution before file access ('link following') in Windows User Profile Service allows an authorized attacker to elevate privileges locally.
CVE-2025-62462,cpe:2.3:o:microsoft:windows_server_2025:10.0.26100.4946:*:*:*:*:*:x64:*,All Other Vulnerabilities,No confirmed exploitation or public exploit code identified.,7.8,0.00392,0.32363,False,False,unproven,,,,,,False,False,False,None,Buffer over-read in Windows Projected File System allows an authorized attacker to elevate privileges locally.
CVE-2026-61356,cpe:2.3:o:microsoft:windows_server_2025:10.0.26100.4946:*:*:*:*:*:x64:*,All Other Vulnerabilities,No confirmed exploitation or public exploit code identified.,7.8,0.00278,0.20243,False,False,unproven,,,,,,False,False,False,None,Missing authentication for critical function in Windows Remote Desktop Services allows an authorized attacker to elevate privileges locally.
CVE-2026-62695,cpe:2.3:o:microsoft:windows_server_2025:10.0.26100.4946:*:*:*:*:*:x64:*,All Other Vulnerabilities,No confirmed exploitation or public exploit code identified.,7.8,0.00311,0.23759,False,False,unproven,,,,,,False,False,False,None,Heap-based buffer overflow in Windows Storage allows an authorized attacker to elevate privileges locally.
CVE-2025-54913,cpe:2.3:o:microsoft:windows_server_2025:10.0.26100.4946:*:*:*:*:*:x64:*,All Other Vulnerabilities,No confirmed exploitation or public exploit code identified.,7.8,0.00292,0.21641,False,False,unproven,,,,,,False,False,False,None,Concurrent execution using shared resource with improper synchronization ('race condition') in Windows UI XAML Maps MapControlSettings allows an authorized attacker to elevate privileges locally.
CVE-2026-32076,cpe:2.3:o:microsoft:windows_server_2025:10.0.26100.4946:*:*:*:*:*:x64:*,All Other Vulnerabilities,No confirmed exploitation or public exploit code identified.,7.8,0.00258,0.17608,False,False,unproven,,,,,,False,False,False,None,Out-of-bounds read in Windows Storage Spaces Controller allows an authorized attacker to elevate privileges locally.
CVE-2025-59207,cpe:2.3:o:microsoft:windows_server_2025:10.0.26100.4946:*:*:*:*:*:x64:*,All Other Vulnerabilities,No confirmed exploitation or public exploit code identified.,7.8,0.00396,0.32774,False,False,unproven,,,,,,False,False,False,None,Untrusted pointer dereference in Windows Kernel allows an authorized attacker to elevate privileges locally.
CVE-2026-20866,cpe:2.3:o:microsoft:windows_server_2025:10.0.26100.4946:*:*:*:*:*:x64:*,All Other Vulnerabilities,No confirmed exploitation or public exploit code identified.,7.8,0.00299,0.22421,False,False,unproven,,,,,,False,False,False,None,Concurrent execution using shared resource with improper synchronization ('race condition') in Windows Management Services allows an authorized attacker to elevate privileges locally.
CVE-2026-35415,cpe:2.3:o:microsoft:windows_server_2025:10.0.26100.4946:*:*:*:*:*:x64:*,All Other Vulnerabilities,No confirmed exploitation or public exploit code identified.,7.8,0.00332,0.26025,False,False,unproven,,,,,,False,False,False,None,Integer overflow or wraparound in Windows Storage Spaces Controller allows an authorized attacker to elevate privileges locally.
CVE-2026-50293,cpe:2.3:o:microsoft:windows_server_2025:10.0.26100.4946:*:*:*:*:*:x64:*,All Other Vulnerabilities,No confirmed exploitation or public exploit code identified.,7.8,0.00257,0.17505,False,False,unproven,,,,,,False,False,False,None,Use after free in Windows Internal Task Bar allows an authorized attacker to elevate privileges locally.
CVE-2026-57088,cpe:2.3:o:microsoft:windows_server_2025:10.0.26100.4946:*:*:*:*:*:x64:*,All Other Vulnerabilities,No confirmed exploitation or public exploit code identified.,7.8,0.00278,0.2021,False,False,unproven,,,,,,False,False,False,None,Improper access control in Extensible Storage Engine (ESENT) allows an authorized attacker to elevate privileges locally.
CVE-2026-20857,cpe:2.3:o:microsoft:windows_server_2025:10.0.26100.4946:*:*:*:*:*:x64:*,All Other Vulnerabilities,No confirmed exploitation or public exploit code identified.,7.8,0.00478,0.39192,False,False,unproven,,,,,,False,False,False,None,Untrusted pointer dereference in Windows Cloud Files Mini Filter Driver allows an authorized attacker to elevate privileges locally.
CVE-2026-50335,cpe:2.3:o:microsoft:windows_server_2025:10.0.26100.4946:*:*:*:*:*:x64:*,All Other Vulnerabilities,No confirmed exploitation or public exploit code identified.,7.8,0.00278,0.20211,False,False,unproven,,,,,,False,False,False,None,Improper access control in Windows Operating Systems allows an authorized attacker to elevate privileges locally.
CVE-2026-61353,cpe:2.3:o:microsoft:windows_server_2025:10.0.26100.4946:*:*:*:*:*:x64:*,All Other Vulnerabilities,No confirmed exploitation or public exploit code identified.,7.8,0.00311,0.2376,False,False,unproven,,,,,,False,False,False,None,Heap-based buffer overflow in Windows Telephony Service allows an authorized attacker to elevate privileges locally.
CVE-2026-62707,cpe:2.3:o:microsoft:windows_server_2025:10.0.26100.4946:*:*:*:*:*:x64:*,All Other Vulnerabilities,No confirmed exploitation or public exploit code identified.,7.8,0.00311,0.23753,False,False,unproven,,,,,,False,False,False,None,Use after free in Windows Modern Device Management (MDM) allows an authorized attacker to elevate privileges locally.
CVE-2026-61925,cpe:2.3:o:microsoft:windows_server_2025:10.0.26100.4946:*:*:*:*:*:x64:*,All Other Vulnerabilities,No confirmed exploitation or public exploit code identified.,7.8,0.0033,0.2584,False,False,unproven,,,,,,False,False,False,None,Incorrect authorization in Windows Installer allows an authorized attacker to elevate privileges locally.
CVE-2026-50317,cpe:2.3:o:microsoft:windows_server_2025:10.0.26100.4946:*:*:*:*:*:x64:*,All Other Vulnerabilities,No confirmed exploitation or public exploit code identified.,7.8,0.00199,0.10071,False,False,unproven,,,,,,False,False,False,None,Concurrent execution using shared resource with improper synchronization ('race condition') in Windows Operating Systems allows an authorized attacker to elevate privileges locally.
CVE-2025-54091,cpe:2.3:o:microsoft:windows_server_2025:10.0.26100.4946:*:*:*:*:*:x64:*,All Other Vulnerabilities,No confirmed exploitation or public exploit code identified.,7.8,0.00447,0.37143,False,False,unproven,,,,,,False,False,False,None,Integer overflow or wraparound in Windows Hyper-V allows an authorized attacker to elevate privileges locally.
CVE-2026-50454,cpe:2.3:o:microsoft:windows_server_2025:10.0.26100.4946:*:*:*:*:*:x64:*,All Other Vulnerabilities,No confirmed exploitation or public exploit code identified.,7.8,0.0044,0.36581,False,False,unproven,,,,,,False,False,False,None,Relative path traversal in Windows User Interface Core allows an authorized attacker to elevate privileges locally.
CVE-2026-42982,cpe:2.3:o:microsoft:windows_server_2025:10.0.26100.4946:*:*:*:*:*:x64:*,All Other Vulnerabilities,No confirmed exploitation or public exploit code identified.,7.8,0.00269,0.19142,False,False,unproven,,,,,,False,False,False,None,Improper validation of consistency within input in Windows Secure Kernel Mode allows an authorized attacker to elevate privileges locally.
CVE-2026-62811,cpe:2.3:o:microsoft:windows_server_2025:10.0.26100.4946:*:*:*:*:*:x64:*,All Other Vulnerabilities,No confirmed exploitation or public exploit code identified.,7.8,0.00334,0.26237,False,False,unproven,,,,,,False,False,False,None,Heap-based buffer overflow in Windows HTTP.sys allows an authorized attacker to elevate privileges locally.
CVE-2026-45638,cpe:2.3:o:microsoft:windows_server_2025:10.0.26100.4946:*:*:*:*:*:x64:*,All Other Vulnerabilities,No confirmed exploitation or public exploit code identified.,7.8,0.00286,0.21122,False,False,unproven,,,,,,False,False,False,None,Heap-based buffer overflow in Windows Ancillary Function Driver for WinSock allows an authorized attacker to elevate privileges locally.
CVE-2026-61365,cpe:2.3:o:microsoft:windows_server_2025:10.0.26100.4946:*:*:*:*:*:x64:*,All Other Vulnerabilities,No confirmed exploitation or public exploit code identified.,7.8,0.00278,0.20242,False,False,unproven,,,,,,False,False,False,None,Missing authentication for critical function in Windows Remote Desktop Services allows an authorized attacker to elevate privileges locally.
CVE-2026-62717,cpe:2.3:o:microsoft:windows_server_2025:10.0.26100.4946:*:*:*:*:*:x64:*,All Other Vulnerabilities,No confirmed exploitation or public exploit code identified.,7.8,0.00311,0.2376,False,False,unproven,,,,,,False,False,False,None,Heap-based buffer overflow in Windows Message Queuing allows an authorized attacker to elevate privileges locally.
CVE-2026-50344,cpe:2.3:o:microsoft:windows_server_2025:10.0.26100.4946:*:*:*:*:*:x64:*,All Other Vulnerabilities,No confirmed exploitation or public exploit code identified.,7.8,0.00278,0.20211,False,False,unproven,,,,,,False,False,False,None,Improper authorization in Windows OLE allows an authorized attacker to elevate privileges locally.
CVE-2026-62771,cpe:2.3:o:microsoft:windows_server_2025:10.0.26100.4946:*:*:*:*:*:x64:*,All Other Vulnerabilities,No confirmed exploitation or public exploit code identified.,7.8,0.0024,0.15321,False,False,unproven,,,,,,False,False,False,None,Heap-based buffer overflow in Windows Cloud Files Mini Filter Driver allows an authorized attacker to elevate privileges locally.
CVE-2026-32165,cpe:2.3:o:microsoft:windows_server_2025:10.0.26100.4946:*:*:*:*:*:x64:*,All Other Vulnerabilities,No confirmed exploitation or public exploit code identified.,7.8,0.002,0.10182,False,False,unproven,,,,,,False,False,False,None,Use after free in Windows User Interface Core allows an authorized attacker to elevate privileges locally.
CVE-2026-59127,cpe:2.3:o:microsoft:windows_server_2025:10.0.26100.4946:*:*:*:*:*:x64:*,All Other Vulnerabilities,No confirmed exploitation or public exploit code identified.,7.8,0.00318,0.24583,False,False,unproven,,,,,,False,False,False,None,Integer overflow or wraparound in Windows Installer allows an authorized attacker to elevate privileges locally.
CVE-2026-62710,cpe:2.3:o:microsoft:windows_server_2025:10.0.26100.4946:*:*:*:*:*:x64:*,All Other Vulnerabilities,No confirmed exploitation or public exploit code identified.,7.8,0.00311,0.23753,False,False,unproven,,,,,,False,False,False,None,Heap-based buffer overflow in Windows Device Association Service allows an authorized attacker to elevate privileges locally.
CVE-2025-50175,cpe:2.3:o:microsoft:windows_server_2025:10.0.26100.4946:*:*:*:*:*:x64:*,All Other Vulnerabilities,No confirmed exploitation or public exploit code identified.,7.8,0.00396,0.32774,False,False,unproven,,,,,,False,False,False,None,Use after free in Windows Digital Media allows an authorized attacker to elevate privileges locally.
CVE-2026-32089,cpe:2.3:o:microsoft:windows_server_2025:10.0.26100.4946:*:*:*:*:*:x64:*,All Other Vulnerabilities,No confirmed exploitation or public exploit code identified.,7.8,0.00246,0.16087,False,False,unproven,,,,,,False,False,False,None,Use after free in Windows Speech Brokered Api allows an authorized attacker to elevate privileges locally.
CVE-2026-56175,cpe:2.3:o:microsoft:windows_server_2025:10.0.26100.4946:*:*:*:*:*:x64:*,All Other Vulnerabilities,No confirmed exploitation or public exploit code identified.,7.8,0.00311,0.23716,False,False,unproven,,,,,,False,False,False,None,Heap-based buffer overflow in Windows NTFS allows an authorized attacker to elevate privileges locally.
CVE-2025-62466,cpe:2.3:o:microsoft:windows_server_2025:10.0.26100.4946:*:*:*:*:*:x64:*,All Other Vulnerabilities,No confirmed exploitation or public exploit code identified.,7.8,0.00393,0.32409,False,False,unproven,,,,,,False,False,False,None,Null pointer dereference in Windows Client-Side Caching (CSC) Service allows an authorized attacker to elevate privileges locally.
CVE-2026-20873,cpe:2.3:o:microsoft:windows_server_2025:10.0.26100.4946:*:*:*:*:*:x64:*,All Other Vulnerabilities,No confirmed exploitation or public exploit code identified.,7.8,0.00309,0.23465,False,False,unproven,,,,,,False,False,False,None,Concurrent execution using shared resource with improper synchronization ('race condition') in Windows Management Services allows an authorized attacker to elevate privileges locally.
CVE-2026-27907,cpe:2.3:o:microsoft:windows_server_2025:10.0.26100.4946:*:*:*:*:*:x64:*,All Other Vulnerabilities,No confirmed exploitation or public exploit code identified.,7.8,0.00298,0.22318,False,False,unproven,,,,,,False,False,False,None,Integer underflow (wrap or wraparound) in Windows Storage Spaces Controller allows an authorized attacker to elevate privileges locally.
CVE-2026-45605,cpe:2.3:o:microsoft:windows_server_2025:10.0.26100.4946:*:*:*:*:*:x64:*,All Other Vulnerabilities,No confirmed exploitation or public exploit code identified.,7.8,0.00286,0.21122,False,False,unproven,,,,,,False,False,False,None,Use after free in Windows Bluetooth Service allows an authorized attacker to elevate privileges locally.
CVE-2026-56174,cpe:2.3:o:microsoft:windows_server_2025:10.0.26100.4946:*:*:*:*:*:x64:*,All Other Vulnerabilities,No confirmed exploitation or public exploit code identified.,7.8,0.00291,0.21533,False,False,unproven,,,,,,False,False,False,None,Untrusted search path in Windows Narrator Braille allows an authorized attacker to elevate privileges locally.
CVE-2025-59255,cpe:2.3:o:microsoft:windows_server_2025:10.0.26100.4946:*:*:*:*:*:x64:*,All Other Vulnerabilities,No confirmed exploitation or public exploit code identified.,7.8,0.00396,0.32774,False,False,unproven,,,,,,False,False,False,None,Heap-based buffer overflow in Windows DWM Core Library allows an authorized attacker to elevate privileges locally.
CVE-2026-41088,cpe:2.3:o:microsoft:windows_server_2025:10.0.26100.4946:*:*:*:*:*:x64:*,All Other Vulnerabilities,No confirmed exploitation or public exploit code identified.,7.8,0.00319,0.24667,False,False,unproven,,,,,,False,False,False,None,Access of resource using incompatible type ('type confusion') in Windows Ancillary Function Driver for WinSock allows an authorized attacker to elevate privileges locally.
CVE-2026-48583,cpe:2.3:o:microsoft:windows_server_2025:10.0.26100.4946:*:*:*:*:*:x64:*,All Other Vulnerabilities,No confirmed exploitation or public exploit code identified.,7.8,0.00267,0.18868,False,False,unproven,,,,,,False,False,False,None,Use after free in Windows Kernel allows an authorized attacker to elevate privileges locally.
CVE-2026-50448,cpe:2.3:o:microsoft:windows_server_2025:10.0.26100.4946:*:*:*:*:*:x64:*,All Other Vulnerabilities,No confirmed exploitation or public exploit code identified.,7.8,0.00335,0.26432,False,False,unproven,,,,,,False,False,False,None,Heap-based buffer overflow in Windows NTFS allows an unauthorized attacker to execute code locally.
CVE-2026-62701,cpe:2.3:o:microsoft:windows_server_2025:10.0.26100.4946:*:*:*:*:*:x64:*,All Other Vulnerabilities,No confirmed exploitation or public exploit code identified.,7.8,0.00311,0.23759,False,False,unproven,,,,,,False,False,False,None,Use after free in Windows Telephony Service allows an authorized attacker to elevate privileges locally.
CVE-2026-20816,cpe:2.3:o:microsoft:windows_server_2025:10.0.26100.4946:*:*:*:*:*:x64:*,All Other Vulnerabilities,No confirmed exploitation or public exploit code identified.,7.8,0.02485,0.83239,False,False,unproven,,,,,,False,False,False,None,Time-of-check time-of-use (toctou) race condition in Windows Installer allows an authorized attacker to elevate privileges locally.
CVE-2026-27919,cpe:2.3:o:microsoft:windows_server_2025:10.0.26100.4946:*:*:*:*:*:x64:*,All Other Vulnerabilities,No confirmed exploitation or public exploit code identified.,7.8,0.00298,0.22317,False,False,unproven,,,,,,False,False,False,None,Untrusted pointer dereference in Windows Universal Plug and Play (UPnP) Device Host allows an authorized attacker to elevate privileges locally.
CVE-2026-27909,cpe:2.3:o:microsoft:windows_server_2025:10.0.26100.4946:*:*:*:*:*:x64:*,All Other Vulnerabilities,No confirmed exploitation or public exploit code identified.,7.8,0.01771,0.76235,False,False,unproven,,,,,,False,False,False,None,Use after free in Microsoft Windows Search Component allows an authorized attacker to elevate privileges locally.
CVE-2025-60703,cpe:2.3:o:microsoft:windows_server_2025:10.0.26100.4946:*:*:*:*:*:x64:*,All Other Vulnerabilities,No confirmed exploitation or public exploit code identified.,7.8,0.00415,0.34559,False,False,unproven,,,,,,False,False,False,None,Untrusted pointer dereference in Windows Remote Desktop allows an authorized attacker to elevate privileges locally.
CVE-2026-62719,cpe:2.3:o:microsoft:windows_server_2025:10.0.26100.4946:*:*:*:*:*:x64:*,All Other Vulnerabilities,No confirmed exploitation or public exploit code identified.,7.8,0.00311,0.2376,False,False,unproven,,,,,,False,False,False,None,Heap-based buffer overflow in Windows Message Queuing allows an authorized attacker to elevate privileges locally.
CVE-2025-54895,cpe:2.3:o:microsoft:windows_server_2025:10.0.26100.4946:*:*:*:*:*:x64:*,All Other Vulnerabilities,No confirmed exploitation or public exploit code identified.,7.8,0.00282,0.20693,False,False,unproven,,,,,,False,False,False,None,Integer overflow or wraparound in Windows SPNEGO Extended Negotiation allows an authorized attacker to elevate privileges locally.
CVE-2026-50478,cpe:2.3:o:microsoft:windows_server_2025:10.0.26100.4946:*:*:*:*:*:x64:*,All Other Vulnerabilities,No confirmed exploitation or public exploit code identified.,7.8,0.00311,0.23758,False,False,unproven,,,,,,False,False,False,None,Use after free in Windows Kernel allows an authorized attacker to elevate privileges locally.
CVE-2026-50494,cpe:2.3:o:microsoft:windows_server_2025:10.0.26100.4946:*:*:*:*:*:x64:*,All Other Vulnerabilities,No confirmed exploitation or public exploit code identified.,7.8,0.00311,0.2371,False,False,unproven,,,,,,False,False,False,None,Heap-based buffer overflow in Windows NTFS allows an authorized attacker to execute code locally.
CVE-2026-20858,cpe:2.3:o:microsoft:windows_server_2025:10.0.26100.4946:*:*:*:*:*:x64:*,All Other Vulnerabilities,No confirmed exploitation or public exploit code identified.,7.8,0.00299,0.22421,False,False,unproven,,,,,,False,False,False,None,Use after free in Windows Management Services allows an authorized attacker to elevate privileges locally.
CVE-2026-20877,cpe:2.3:o:microsoft:windows_server_2025:10.0.26100.4946:*:*:*:*:*:x64:*,All Other Vulnerabilities,No confirmed exploitation or public exploit code identified.,7.8,0.00309,0.23464,False,False,unproven,,,,,,False,False,False,None,Use after free in Windows Management Services allows an authorized attacker to elevate privileges locally.
CVE-2026-42976,cpe:2.3:o:microsoft:windows_server_2025:10.0.26100.4946:*:*:*:*:*:x64:*,All Other Vulnerabilities,No confirmed exploitation or public exploit code identified.,7.8,0.00214,0.12101,False,False,unproven,,,,,,False,False,False,None,Missing authentication for critical function in Windows RPC API allows an authorized attacker to elevate privileges locally.
CVE-2026-70347,cpe:2.3:o:microsoft:windows_server_2025:10.0.26100.4946:*:*:*:*:*:x64:*,All Other Vulnerabilities,No confirmed exploitation or public exploit code identified.,7.8,0.00311,0.23712,False,False,unproven,,,,,,False,False,False,None,Heap-based buffer overflow in Windows Installer allows an authorized attacker to elevate privileges locally.
CVE-2026-62713,cpe:2.3:o:microsoft:windows_server_2025:10.0.26100.4946:*:*:*:*:*:x64:*,All Other Vulnerabilities,No confirmed exploitation or public exploit code identified.,7.8,0.0195,0.7851,False,False,unproven,,,,,,False,False,False,None,Heap-based buffer overflow in Windows Cloud Files Mini Filter Driver allows an authorized attacker to elevate privileges locally.
CVE-2026-26153,cpe:2.3:o:microsoft:windows_server_2025:10.0.26100.4946:*:*:*:*:*:x64:*,All Other Vulnerabilities,No confirmed exploitation or public exploit code identified.,7.8,0.00286,0.21121,False,False,unproven,,,,,,False,False,False,None,Out-of-bounds read in Windows Encrypting File System (EFS) allows an authorized attacker to elevate privileges locally.
CVE-2026-35420,cpe:2.3:o:microsoft:windows_server_2025:10.0.26100.4946:*:*:*:*:*:x64:*,All Other Vulnerabilities,No confirmed exploitation or public exploit code identified.,7.8,0.0032,0.24748,False,False,unproven,,,,,,False,False,False,None,Heap-based buffer overflow in Windows Kernel allows an authorized attacker to elevate privileges locally.
CVE-2026-40408,cpe:2.3:o:microsoft:windows_server_2025:10.0.26100.4946:*:*:*:*:*:x64:*,All Other Vulnerabilities,No confirmed exploitation or public exploit code identified.,7.8,0.00298,0.22318,False,False,unproven,,,,,,False,False,False,None,Use after free in Windows Kernel-Mode Drivers allows an authorized attacker to elevate privileges locally.
CVE-2026-40399,cpe:2.3:o:microsoft:windows_server_2025:10.0.26100.4946:*:*:*:*:*:x64:*,All Other Vulnerabilities,No confirmed exploitation or public exploit code identified.,7.8,0.00328,0.25682,False,False,unproven,,,,,,False,False,False,None,Concurrent execution using shared resource with improper synchronization ('race condition') in Windows TCP/IP allows an authorized attacker to elevate privileges locally.
CVE-2026-50347,cpe:2.3:o:microsoft:windows_server_2025:10.0.26100.4946:*:*:*:*:*:x64:*,All Other Vulnerabilities,No confirmed exploitation or public exploit code identified.,7.8,0.00435,0.36202,False,False,unproven,,,,,,False,False,False,None,Heap-based buffer overflow in Windows Data dll allows an unauthorized attacker to execute code locally.
CVE-2026-61930,cpe:2.3:o:microsoft:windows_server_2025:10.0.26100.4946:*:*:*:*:*:x64:*,All Other Vulnerabilities,No confirmed exploitation or public exploit code identified.,7.8,0.01952,0.78537,False,False,unproven,,,,,,False,False,False,None,Heap-based buffer overflow in Windows Kernel allows an authorized attacker to elevate privileges locally.
CVE-2026-50351,cpe:2.3:o:microsoft:windows_server_2025:10.0.26100.4946:*:*:*:*:*:x64:*,All Other Vulnerabilities,No confirmed exploitation or public exploit code identified.,7.8,0.02797,0.85237,False,False,unproven,,,,,,False,False,False,None,Improper access control in Windows Audio Compression Manager (ACM) allows an authorized attacker to elevate privileges locally.
CVE-2026-26160,cpe:2.3:o:microsoft:windows_server_2025:10.0.26100.4946:*:*:*:*:*:x64:*,All Other Vulnerabilities,No confirmed exploitation or public exploit code identified.,7.8,0.00266,0.18539,False,False,unproven,,,,,,False,False,False,None,Missing authentication for critical function in Windows Remote Desktop Licensing Service allows an authorized attacker to elevate privileges locally.
CVE-2025-54092,cpe:2.3:o:microsoft:windows_server_2025:10.0.26100.4946:*:*:*:*:*:x64:*,All Other Vulnerabilities,No confirmed exploitation or public exploit code identified.,7.8,0.00336,0.2653,False,False,unproven,,,,,,False,False,False,None,Concurrent execution using shared resource with improper synchronization ('race condition') in Windows Hyper-V allows an authorized attacker to elevate privileges locally.
CVE-2025-54098,cpe:2.3:o:microsoft:windows_server_2025:10.0.26100.4946:*:*:*:*:*:x64:*,All Other Vulnerabilities,No confirmed exploitation or public exploit code identified.,7.8,0.02771,0.85084,False,False,unproven,,,,,,False,False,False,None,Improper access control in Windows Hyper-V allows an authorized attacker to elevate privileges locally.
CVE-2026-54114,cpe:2.3:o:microsoft:windows_server_2025:10.0.26100.4946:*:*:*:*:*:x64:*,All Other Vulnerabilities,No confirmed exploitation or public exploit code identified.,7.8,0.01921,0.78177,False,False,unproven,,,,,,False,False,False,None,Use after free in Windows Win32K allows an authorized attacker to elevate privileges locally.
CVE-2026-62779,cpe:2.3:o:microsoft:windows_server_2025:10.0.26100.4946:*:*:*:*:*:x64:*,All Other Vulnerabilities,No confirmed exploitation or public exploit code identified.,7.8,0.0024,0.15321,False,False,unproven,,,,,,False,False,False,None,Use after free in Windows Schannel allows an authorized attacker to elevate privileges locally.
CVE-2026-34333,cpe:2.3:o:microsoft:windows_server_2025:10.0.26100.4946:*:*:*:*:*:x64:*,All Other Vulnerabilities,No confirmed exploitation or public exploit code identified.,7.8,0.00298,0.22316,False,False,unproven,,,,,,False,False,False,None,Use after free in Windows Win32K - GRFX allows an authorized attacker to elevate privileges locally.
CVE-2026-40409,cpe:2.3:o:microsoft:windows_server_2025:10.0.26100.4946:*:*:*:*:*:x64:*,All Other Vulnerabilities,No confirmed exploitation or public exploit code identified.,7.8,0.00298,0.22318,False,False,unproven,,,,,,False,False,False,None,Windows Universal Disk Format File System Driver (UDFS) Elevation of Privilege Vulnerability
CVE-2026-42916,cpe:2.3:o:microsoft:windows_server_2025:10.0.26100.4946:*:*:*:*:*:x64:*,All Other Vulnerabilities,No confirmed exploitation or public exploit code identified.,7.8,0.00326,0.25387,False,False,unproven,,,,,,False,False,False,None,Integer overflow or wraparound in Windows NT OS Kernel allows an authorized attacker to elevate privileges locally.
CVE-2026-62698,cpe:2.3:o:microsoft:windows_server_2025:10.0.26100.4946:*:*:*:*:*:x64:*,All Other Vulnerabilities,No confirmed exploitation or public exploit code identified.,7.8,0.00361,0.2914,False,False,unproven,,,,,,False,False,False,None,Numeric truncation error in Microsoft Digest Authentication allows an authorized attacker to elevate privileges locally.
CVE-2025-64661,cpe:2.3:o:microsoft:windows_server_2025:10.0.26100.4946:*:*:*:*:*:x64:*,All Other Vulnerabilities,No confirmed exploitation or public exploit code identified.,7.8,0.00244,0.15852,False,False,unproven,,,,,,False,False,False,None,Concurrent execution using shared resource with improper synchronization ('race condition') in Windows Shell allows an authorized attacker to elevate privileges locally.
CVE-2026-50501,cpe:2.3:o:microsoft:windows_server_2025:10.0.26100.4946:*:*:*:*:*:x64:*,All Other Vulnerabilities,No confirmed exploitation or public exploit code identified.,7.8,0.00338,0.26721,False,False,unproven,,,,,,False,False,False,None,Stack-based buffer overflow in Windows Resilient File System (ReFS) allows an unauthorized attacker to execute code locally.
CVE-2026-50373,cpe:2.3:o:microsoft:windows_server_2025:10.0.26100.4946:*:*:*:*:*:x64:*,All Other Vulnerabilities,No confirmed exploitation or public exploit code identified.,7.8,0.00278,0.2021,False,False,unproven,,,,,,False,False,False,None,Improper access control in Microsoft Windows Search Component allows an authorized attacker to elevate privileges locally.
CVE-2026-62877,cpe:2.3:o:microsoft:windows_server_2025:10.0.26100.4946:*:*:*:*:*:x64:*,All Other Vulnerabilities,No confirmed exploitation or public exploit code identified.,7.8,0.0024,0.15317,False,False,unproven,,,,,,False,False,False,None,Stack-based buffer overflow in Windows Win32K allows an authorized attacker to elevate privileges locally.
CVE-2026-65671,cpe:2.3:o:microsoft:windows_server_2025:10.0.26100.4946:*:*:*:*:*:x64:*,All Other Vulnerabilities,No confirmed exploitation or public exploit code identified.,7.8,0.00257,0.17535,False,False,unproven,,,,,,False,False,False,None,Heap-based buffer overflow in Windows Remote Access API allows an authorized attacker to elevate privileges locally.
CVE-2026-21239,cpe:2.3:o:microsoft:windows_server_2025:10.0.26100.4946:*:*:*:*:*:x64:*,All Other Vulnerabilities,No confirmed exploitation or public exploit code identified.,7.8,0.00417,0.34734,False,False,unproven,,,,,,False,False,False,None,Heap-based buffer overflow in Windows Kernel allows an authorized attacker to elevate privileges locally.
CVE-2026-26162,cpe:2.3:o:microsoft:windows_server_2025:10.0.26100.4946:*:*:*:*:*:x64:*,All Other Vulnerabilities,No confirmed exploitation or public exploit code identified.,7.8,0.00298,0.22316,False,False,unproven,,,,,,False,False,False,None,Access of resource using incompatible type ('type confusion') in Windows OLE allows an authorized attacker to elevate privileges locally.
CVE-2026-50441,cpe:2.3:o:microsoft:windows_server_2025:10.0.26100.4946:*:*:*:*:*:x64:*,All Other Vulnerabilities,No confirmed exploitation or public exploit code identified.,7.8,0.0024,0.15277,False,False,unproven,,,,,,False,False,False,None,Untrusted pointer dereference in Windows Resilient File System (ReFS) allows an authorized attacker to elevate privileges locally.
CVE-2026-66799,cpe:2.3:o:microsoft:windows_server_2025:10.0.26100.4946:*:*:*:*:*:x64:*,All Other Vulnerabilities,No confirmed exploitation or public exploit code identified.,7.8,0.00269,0.19142,False,False,unproven,,,,,,False,False,False,None,Heap-based buffer overflow in Windows Key Guard allows an authorized attacker to elevate privileges locally.
CVE-2026-27911,cpe:2.3:o:microsoft:windows_server_2025:10.0.26100.4946:*:*:*:*:*:x64:*,All Other Vulnerabilities,No confirmed exploitation or public exploit code identified.,7.8,0.00153,0.04936,False,False,unproven,,,,,,False,False,False,None,Concurrent execution using shared resource with improper synchronization ('race condition') in Windows User Interface Core allows an authorized attacker to elevate privileges locally.
CVE-2026-50402,cpe:2.3:o:microsoft:windows_server_2025:10.0.26100.4946:*:*:*:*:*:x64:*,All Other Vulnerabilities,No confirmed exploitation or public exploit code identified.,7.8,0.00352,0.28268,False,False,unproven,,,,,,False,False,False,None,Incorrect conversion between numeric types in Windows NTFS allows an authorized attacker to elevate privileges locally.
CVE-2026-62768,cpe:2.3:o:microsoft:windows_server_2025:10.0.26100.4946:*:*:*:*:*:x64:*,All Other Vulnerabilities,No confirmed exploitation or public exploit code identified.,7.8,0.00318,0.24583,False,False,unproven,,,,,,False,False,False,None,Stack-based buffer overflow in Windows Installer allows an authorized attacker to elevate privileges locally.
CVE-2026-45658,cpe:2.3:o:microsoft:windows_server_2025:10.0.26100.4946:*:*:*:*:*:x64:*,All Other Vulnerabilities,No confirmed exploitation or public exploit code identified.,7.8,0.00353,0.28324,False,False,unproven,,,,,,False,False,False,None,Improper access control in Windows BitLocker allows an authorized attacker to bypass a security feature locally.
CVE-2026-27916,cpe:2.3:o:microsoft:windows_server_2025:10.0.26100.4946:*:*:*:*:*:x64:*,All Other Vulnerabilities,No confirmed exploitation or public exploit code identified.,7.8,0.0024,0.15279,False,False,unproven,,,,,,False,False,False,None,Use after free in Windows Universal Plug and Play (UPnP) Device Host allows an authorized attacker to elevate privileges locally.
CVE-2026-49808,cpe:2.3:o:microsoft:windows_server_2025:10.0.26100.4946:*:*:*:*:*:x64:*,All Other Vulnerabilities,No confirmed exploitation or public exploit code identified.,7.8,0.00153,0.04954,False,False,unproven,,,,,,False,False,False,None,Concurrent execution using shared resource with improper synchronization ('race condition') in Windows Kernel allows an authorized attacker to elevate privileges locally.
CVE-2026-50673,cpe:2.3:o:microsoft:windows_server_2025:10.0.26100.4946:*:*:*:*:*:x64:*,All Other Vulnerabilities,No confirmed exploitation or public exploit code identified.,7.8,0.00199,0.10098,False,False,unproven,,,,,,False,False,False,None,Null pointer dereference in Windows Kernel allows an authorized attacker to elevate privileges locally.
CVE-2026-54109,cpe:2.3:o:microsoft:windows_server_2025:10.0.26100.4946:*:*:*:*:*:x64:*,All Other Vulnerabilities,No confirmed exploitation or public exploit code identified.,7.8,0.0024,0.15275,False,False,unproven,,,,,,False,False,False,None,Integer overflow or wraparound in Windows Resilient File System (ReFS) allows an authorized attacker to execute code locally.
CVE-2026-50337,cpe:2.3:o:microsoft:windows_server_2025:10.0.26100.4946:*:*:*:*:*:x64:*,All Other Vulnerabilities,No confirmed exploitation or public exploit code identified.,7.8,0.00311,0.23715,False,False,unproven,,,,,,False,False,False,None,Incorrect type conversion or cast in Windows Notification allows an authorized attacker to elevate privileges locally.
CVE-2025-54912,cpe:2.3:o:microsoft:windows_server_2025:10.0.26100.4946:*:*:*:*:*:x64:*,All Other Vulnerabilities,No confirmed exploitation or public exploit code identified.,7.8,0.00488,0.39848,False,False,unproven,,,,,,False,False,False,None,Use after free in Windows BitLocker allows an authorized attacker to elevate privileges locally.
CVE-2025-59505,cpe:2.3:o:microsoft:windows_server_2025:10.0.26100.4946:*:*:*:*:*:x64:*,All Other Vulnerabilities,No confirmed exploitation or public exploit code identified.,7.8,0.00401,0.33307,False,False,unproven,,,,,,False,False,False,None,Double free in Windows Smart Card allows an authorized attacker to elevate privileges locally.
CVE-2026-20861,cpe:2.3:o:microsoft:windows_server_2025:10.0.26100.4946:*:*:*:*:*:x64:*,All Other Vulnerabilities,No confirmed exploitation or public exploit code identified.,7.8,0.00299,0.22421,False,False,unproven,,,,,,False,False,False,None,Concurrent execution using shared resource with improper synchronization ('race condition') in Windows Management Services allows an authorized attacker to elevate privileges locally.
CVE-2026-50486,cpe:2.3:o:microsoft:windows_server_2025:10.0.26100.4946:*:*:*:*:*:x64:*,All Other Vulnerabilities,No confirmed exploitation or public exploit code identified.,7.8,0.0024,0.15279,False,False,unproven,,,,,,False,False,False,None,Use after free in Windows Runtime allows an authorized attacker to elevate privileges locally.
CVE-2026-62797,cpe:2.3:o:microsoft:windows_server_2025:10.0.26100.4946:*:*:*:*:*:x64:*,All Other Vulnerabilities,No confirmed exploitation or public exploit code identified.,7.8,0.00334,0.26237,False,False,unproven,,,,,,False,False,False,None,Heap-based buffer overflow in Windows NTFS allows an authorized attacker to elevate privileges locally.
CVE-2026-65773,cpe:2.3:o:microsoft:windows_server_2025:10.0.26100.4946:*:*:*:*:*:x64:*,All Other Vulnerabilities,No confirmed exploitation or public exploit code identified.,7.8,0.00242,0.15622,False,False,unproven,,,,,,False,False,False,None,Improper access control in Windows Kernel allows an authorized attacker to elevate privileges locally.
CVE-2025-59191,cpe:2.3:o:microsoft:windows_server_2025:10.0.26100.4946:*:*:*:*:*:x64:*,All Other Vulnerabilities,No confirmed exploitation or public exploit code identified.,7.8,0.00296,0.22094,False,False,unproven,,,,,,False,False,False,None,Heap-based buffer overflow in Connected Devices Platform Service (Cdpsvc) allows an authorized attacker to elevate privileges locally.
CVE-2026-49797,cpe:2.3:o:microsoft:windows_server_2025:10.0.26100.4946:*:*:*:*:*:x64:*,All Other Vulnerabilities,No confirmed exploitation or public exploit code identified.,7.8,0.0036,0.29065,False,False,unproven,,,,,,False,False,False,None,Heap-based buffer overflow in Windows NTFS allows an unauthorized attacker to execute code locally.
CVE-2026-50423,cpe:2.3:o:microsoft:windows_server_2025:10.0.26100.4946:*:*:*:*:*:x64:*,All Other Vulnerabilities,No confirmed exploitation or public exploit code identified.,7.8,0.0263,0.84222,False,False,unproven,,,,,,False,False,False,None,Improper access control in Windows Kernel allows an authorized attacker to elevate privileges locally.
CVE-2026-70344,cpe:2.3:o:microsoft:windows_server_2025:10.0.26100.4946:*:*:*:*:*:x64:*,All Other Vulnerabilities,No confirmed exploitation or public exploit code identified.,7.8,0.00311,0.23754,False,False,unproven,,,,,,False,False,False,None,Stack-based buffer overflow in Windows Installer allows an authorized attacker to elevate privileges locally.
CVE-2025-64679,cpe:2.3:o:microsoft:windows_server_2025:10.0.26100.4946:*:*:*:*:*:x64:*,All Other Vulnerabilities,No confirmed exploitation or public exploit code identified.,7.8,0.00459,0.37935,False,False,unproven,,,,,,False,False,False,None,Heap-based buffer overflow in Windows DWM Core Library allows an authorized attacker to elevate privileges locally.
CVE-2026-26159,cpe:2.3:o:microsoft:windows_server_2025:10.0.26100.4946:*:*:*:*:*:x64:*,All Other Vulnerabilities,No confirmed exploitation or public exploit code identified.,7.8,0.00256,0.17389,False,False,unproven,,,,,,False,False,False,None,Missing authentication for critical function in Windows Remote Desktop Licensing Service allows an authorized attacker to elevate privileges locally.
CVE-2026-40398,cpe:2.3:o:microsoft:windows_server_2025:10.0.26100.4946:*:*:*:*:*:x64:*,All Other Vulnerabilities,No confirmed exploitation or public exploit code identified.,7.8,0.02419,0.82771,False,False,unproven,,,,,,False,False,False,None,Heap-based buffer overflow in Windows Remote Desktop allows an authorized attacker to elevate privileges locally.
CVE-2025-55224,cpe:2.3:o:microsoft:windows_server_2025:10.0.26100.4946:*:*:*:*:*:x64:*,All Other Vulnerabilities,No confirmed exploitation or public exploit code identified.,7.8,0.0032,0.24771,False,False,unproven,,,,,,False,False,False,None,Concurrent execution using shared resource with improper synchronization ('race condition') in Windows Win32K - GRFX allows an authorized attacker to execute code locally.
CVE-2026-25165,cpe:2.3:o:microsoft:windows_server_2025:10.0.26100.4946:*:*:*:*:*:x64:*,All Other Vulnerabilities,No confirmed exploitation or public exploit code identified.,7.8,0.00391,0.32192,False,False,unproven,,,,,,False,False,False,None,Null pointer dereference in Windows Performance Counters allows an authorized attacker to elevate privileges locally.
CVE-2026-45637,cpe:2.3:o:microsoft:windows_server_2025:10.0.26100.4946:*:*:*:*:*:x64:*,All Other Vulnerabilities,No confirmed exploitation or public exploit code identified.,7.8,0.00286,0.21123,False,False,unproven,,,,,,False,False,False,None,Use after free in Windows DWM Core Library allows an authorized attacker to elevate privileges locally.
CVE-2026-49783,cpe:2.3:o:microsoft:windows_server_2025:10.0.26100.4946:*:*:*:*:*:x64:*,All Other Vulnerabilities,No confirmed exploitation or public exploit code identified.,7.8,0.00257,0.17505,False,False,unproven,,,,,,False,False,False,None,Improperly implemented security check for standard in Windows Secure Boot allows an authorized attacker to bypass a security feature locally.
CVE-2026-62700,cpe:2.3:o:microsoft:windows_server_2025:10.0.26100.4946:*:*:*:*:*:x64:*,All Other Vulnerabilities,No confirmed exploitation or public exploit code identified.,7.8,0.00311,0.23759,False,False,unproven,,,,,,False,False,False,None,Heap-based buffer overflow in Windows NTFS allows an authorized attacker to elevate privileges locally.
CVE-2026-45487,cpe:2.3:o:microsoft:windows_server_2025:10.0.26100.4946:*:*:*:*:*:x64:*,All Other Vulnerabilities,No confirmed exploitation or public exploit code identified.,7.8,0.00184,0.08253,False,False,unproven,,,,,,False,False,False,None,Time-of-check time-of-use (TOCTOU) race condition in Program Compatibility Assistant Service allows an authorized attacker to elevate privileges locally.
CVE-2025-55701,cpe:2.3:o:microsoft:windows_server_2025:10.0.26100.4946:*:*:*:*:*:x64:*,All Other Vulnerabilities,No confirmed exploitation or public exploit code identified.,7.8,0.00381,0.31195,False,False,unproven,,,,,,False,False,False,None,Improper validation of specified type of input in Microsoft Windows allows an authorized attacker to elevate privileges locally.
CVE-2026-25174,cpe:2.3:o:microsoft:windows_server_2025:10.0.26100.4946:*:*:*:*:*:x64:*,All Other Vulnerabilities,No confirmed exploitation or public exploit code identified.,7.8,0.00345,0.27502,False,False,unproven,,,,,,False,False,False,None,Out-of-bounds read in Windows Extensible File Allocation allows an authorized attacker to elevate privileges locally.
CVE-2025-54102,cpe:2.3:o:microsoft:windows_server_2025:10.0.26100.4946:*:*:*:*:*:x64:*,All Other Vulnerabilities,No confirmed exploitation or public exploit code identified.,7.8,0.00446,0.37101,False,False,unproven,,,,,,False,False,False,None,Use after free in Windows Connected Devices Platform Service allows an authorized attacker to elevate privileges locally.
CVE-2026-25190,cpe:2.3:o:microsoft:windows_server_2025:10.0.26100.4946:*:*:*:*:*:x64:*,All Other Vulnerabilities,No confirmed exploitation or public exploit code identified.,7.8,0.00496,0.40338,False,False,unproven,,,,,,False,False,False,None,Untrusted search path in Windows GDI allows an unauthorized attacker to execute code locally.
CVE-2026-50689,cpe:2.3:o:microsoft:windows_server_2025:10.0.26100.4946:*:*:*:*:*:x64:*,All Other Vulnerabilities,No confirmed exploitation or public exploit code identified.,7.8,0.00238,0.15084,False,False,unproven,,,,,,False,False,False,None,Use after free in Windows Clipboard Server allows an authorized attacker to elevate privileges locally.
CVE-2026-33834,cpe:2.3:o:microsoft:windows_server_2025:10.0.26100.4946:*:*:*:*:*:x64:*,All Other Vulnerabilities,No confirmed exploitation or public exploit code identified.,7.8,0.00272,0.1958,False,False,unproven,,,,,,False,False,False,None,Improper access control in Windows Event Logging Service allows an authorized attacker to elevate privileges locally.
CVE-2026-62735,cpe:2.3:o:microsoft:windows_server_2025:10.0.26100.4946:*:*:*:*:*:x64:*,All Other Vulnerabilities,No confirmed exploitation or public exploit code identified.,7.8,0.0038,0.31126,False,False,unproven,,,,,,False,False,False,None,Heap-based buffer overflow in Windows HTTP.sys allows an authorized attacker to elevate privileges locally.
CVE-2026-23673,cpe:2.3:o:microsoft:windows_server_2025:10.0.26100.4946:*:*:*:*:*:x64:*,All Other Vulnerabilities,No confirmed exploitation or public exploit code identified.,7.8,0.00383,0.31406,False,False,unproven,,,,,,False,False,False,None,Out-of-bounds read in Windows Resilient File System (ReFS) allows an authorized attacker to elevate privileges locally.
CVE-2026-50388,cpe:2.3:o:microsoft:windows_server_2025:10.0.26100.4946:*:*:*:*:*:x64:*,All Other Vulnerabilities,No confirmed exploitation or public exploit code identified.,7.8,0.00435,0.36202,False,False,unproven,,,,,,False,False,False,None,Out-of-bounds read in Windows NTFS allows an unauthorized attacker to execute code locally.
CVE-2026-58632,cpe:2.3:o:microsoft:windows_server_2025:10.0.26100.4946:*:*:*:*:*:x64:*,All Other Vulnerabilities,No confirmed exploitation or public exploit code identified.,7.8,0.00289,0.21415,False,False,unproven,,,,,,False,False,False,None,Use after free in Windows Win32K allows an authorized attacker to elevate privileges locally.
CVE-2026-62739,cpe:2.3:o:microsoft:windows_server_2025:10.0.26100.4946:*:*:*:*:*:x64:*,All Other Vulnerabilities,No confirmed exploitation or public exploit code identified.,7.8,0.0024,0.15319,False,False,unproven,,,,,,False,False,False,None,Heap-based buffer overflow in Windows HTTP.sys allows an authorized attacker to elevate privileges locally.
CVE-2025-54111,cpe:2.3:o:microsoft:windows_server_2025:10.0.26100.4946:*:*:*:*:*:x64:*,All Other Vulnerabilities,No confirmed exploitation or public exploit code identified.,7.8,0.00375,0.30608,False,False,unproven,,,,,,False,False,False,None,Use after free in Windows UI XAML Phone DatePickerFlyout allows an authorized attacker to elevate privileges locally.
CVE-2026-54984,cpe:2.3:o:microsoft:windows_server_2025:10.0.26100.4946:*:*:*:*:*:x64:*,All Other Vulnerabilities,No confirmed exploitation or public exploit code identified.,7.8,0.00418,0.34838,False,False,unproven,,,,,,False,False,False,None,Heap-based buffer overflow in Windows Imaging Component allows an unauthorized attacker to execute code locally.
CVE-2025-59278,cpe:2.3:o:microsoft:windows_server_2025:10.0.26100.4946:*:*:*:*:*:x64:*,All Other Vulnerabilities,No confirmed exploitation or public exploit code identified.,7.8,0.00255,0.17225,False,False,unproven,,,,,,False,False,False,None,Improper validation of specified type of input in Windows Authentication Methods allows an authorized attacker to elevate privileges locally.
CVE-2026-20809,cpe:2.3:o:microsoft:windows_server_2025:10.0.26100.4946:*:*:*:*:*:x64:*,All Other Vulnerabilities,No confirmed exploitation or public exploit code identified.,7.8,0.00378,0.30911,False,False,unproven,,,,,,False,False,False,None,Time-of-check time-of-use (toctou) race condition in Windows Kernel Memory allows an authorized attacker to elevate privileges locally.
CVE-2026-61357,cpe:2.3:o:microsoft:windows_server_2025:10.0.26100.4946:*:*:*:*:*:x64:*,All Other Vulnerabilities,No confirmed exploitation or public exploit code identified.,7.8,0.00311,0.23755,False,False,unproven,,,,,,False,False,False,None,Use after free in Application Information Services allows an authorized attacker to elevate privileges locally.
CVE-2026-32090,cpe:2.3:o:microsoft:windows_server_2025:10.0.26100.4946:*:*:*:*:*:x64:*,All Other Vulnerabilities,No confirmed exploitation or public exploit code identified.,7.8,0.00205,0.10808,False,False,unproven,,,,,,False,False,False,None,Concurrent execution using shared resource with improper synchronization ('race condition') in Windows Speech Brokered Api allows an authorized attacker to elevate privileges locally.
CVE-2026-50450,cpe:2.3:o:microsoft:windows_server_2025:10.0.26100.4946:*:*:*:*:*:x64:*,All Other Vulnerabilities,No confirmed exploitation or public exploit code identified.,7.8,0.00153,0.04939,False,False,unproven,,,,,,False,False,False,None,Concurrent execution using shared resource with improper synchronization ('race condition') in Windows Wireless Wide Area Network Service allows an authorized attacker to elevate privileges locally.
CVE-2026-50309,cpe:2.3:o:microsoft:windows_server_2025:10.0.26100.4946:*:*:*:*:*:x64:*,All Other Vulnerabilities,No confirmed exploitation or public exploit code identified.,7.8,0.0024,0.15278,False,False,unproven,,,,,,False,False,False,None,Heap-based buffer overflow in Windows NTFS allows an authorized attacker to execute code locally.
CVE-2026-42983,cpe:2.3:o:microsoft:windows_server_2025:10.0.26100.4946:*:*:*:*:*:x64:*,All Other Vulnerabilities,No confirmed exploitation or public exploit code identified.,7.8,0.00286,0.21111,False,False,unproven,,,,,,False,False,False,None,Use after free in Windows DWM Core Library allows an authorized attacker to elevate privileges locally.
CVE-2025-54894,cpe:2.3:o:microsoft:windows_server_2025:10.0.26100.4946:*:*:*:*:*:x64:*,All Other Vulnerabilities,No confirmed exploitation or public exploit code identified.,7.8,0.00446,0.37101,False,False,unproven,,,,,,False,False,False,None,Local Security Authority Subsystem Service Elevation of Privilege Vulnerability
CVE-2026-21246,cpe:2.3:o:microsoft:windows_server_2025:10.0.26100.4946:*:*:*:*:*:x64:*,All Other Vulnerabilities,No confirmed exploitation or public exploit code identified.,7.8,0.00417,0.34778,False,False,unproven,,,,,,False,False,False,None,Heap-based buffer overflow in Microsoft Graphics Component allows an authorized attacker to elevate privileges locally.
CVE-2026-50346,cpe:2.3:o:microsoft:windows_server_2025:10.0.26100.4946:*:*:*:*:*:x64:*,All Other Vulnerabilities,No confirmed exploitation or public exploit code identified.,7.8,0.00278,0.20211,False,False,unproven,,,,,,False,False,False,None,Improper authorization in RPC Runtime allows an authorized attacker to elevate privileges locally.
CVE-2026-50412,cpe:2.3:o:microsoft:windows_server_2025:10.0.26100.4946:*:*:*:*:*:x64:*,All Other Vulnerabilities,No confirmed exploitation or public exploit code identified.,7.8,0.00311,0.23712,False,False,unproven,,,,,,False,False,False,None,Stack-based buffer overflow in Windows NTFS allows an authorized attacker to elevate privileges locally.
CVE-2026-50667,cpe:2.3:o:microsoft:windows_server_2025:10.0.26100.4946:*:*:*:*:*:x64:*,All Other Vulnerabilities,No confirmed exploitation or public exploit code identified.,7.8,0.02012,0.79212,False,False,unproven,,,,,,False,False,False,None,Concurrent execution using shared resource with improper synchronization ('race condition') in Windows NTFS allows an authorized attacker to elevate privileges locally.
CVE-2026-50498,cpe:2.3:o:microsoft:windows_server_2025:10.0.26100.4946:*:*:*:*:*:x64:*,All Other Vulnerabilities,No confirmed exploitation or public exploit code identified.,7.8,0.00261,0.17943,False,False,unproven,,,,,,False,False,False,None,Windows Universal Disk Format File System Driver (UDFS) Elevation of Privilege Vulnerability
CVE-2025-55339,cpe:2.3:o:microsoft:windows_server_2025:10.0.26100.4946:*:*:*:*:*:x64:*,All Other Vulnerabilities,No confirmed exploitation or public exploit code identified.,7.8,0.00396,0.32775,False,False,unproven,,,,,,False,False,False,None,Out-of-bounds read in Windows NDIS allows an authorized attacker to elevate privileges locally.
CVE-2026-27923,cpe:2.3:o:microsoft:windows_server_2025:10.0.26100.4946:*:*:*:*:*:x64:*,All Other Vulnerabilities,No confirmed exploitation or public exploit code identified.,7.8,0.0023,0.14087,False,False,unproven,,,,,,False,False,False,None,Use after free in Desktop Window Manager allows an authorized attacker to elevate privileges locally.
CVE-2026-33098,cpe:2.3:o:microsoft:windows_server_2025:10.0.26100.4946:*:*:*:*:*:x64:*,All Other Vulnerabilities,No confirmed exploitation or public exploit code identified.,7.8,0.00307,0.23288,False,False,unproven,,,,,,False,False,False,None,Use after free in Windows Container Isolation FS Filter Driver allows an authorized attacker to elevate privileges locally.
CVE-2026-50462,cpe:2.3:o:microsoft:windows_server_2025:10.0.26100.4946:*:*:*:*:*:x64:*,All Other Vulnerabilities,No confirmed exploitation or public exploit code identified.,7.8,0.00392,0.32364,False,False,unproven,,,,,,False,False,False,None,External control of file name or path in Windows Ancillary Function Driver for WinSock allows an authorized attacker to elevate privileges locally.
CVE-2026-27914,cpe:2.3:o:microsoft:windows_server_2025:10.0.26100.4946:*:*:*:*:*:x64:*,All Other Vulnerabilities,No confirmed exploitation or public exploit code identified.,7.8,0.02579,0.83889,False,False,unproven,,,,,,False,False,False,None,Improper access control in Microsoft Management Console allows an authorized attacker to elevate privileges locally.
CVE-2026-50688,cpe:2.3:o:microsoft:windows_server_2025:10.0.26100.4946:*:*:*:*:*:x64:*,All Other Vulnerabilities,No confirmed exploitation or public exploit code identified.,7.8,0.01719,0.7551,False,False,unproven,,,,,,False,False,False,None,Use after free in Windows Kernel allows an authorized attacker to elevate privileges locally.
CVE-2026-20871,cpe:2.3:o:microsoft:windows_server_2025:10.0.26100.4946:*:*:*:*:*:x64:*,All Other Vulnerabilities,No confirmed exploitation or public exploit code identified.,7.8,0.04142,0.89979,False,False,unproven,,,,,,False,False,False,None,Use after free in Desktop Windows Manager allows an authorized attacker to elevate privileges locally.
CVE-2025-59512,cpe:2.3:o:microsoft:windows_server_2025:10.0.26100.4946:*:*:*:*:*:x64:*,All Other Vulnerabilities,No confirmed exploitation or public exploit code identified.,7.8,0.02956,0.86009,False,False,unproven,,,,,,False,False,False,None,Improper access control in Customer Experience Improvement Program (CEIP) allows an authorized attacker to elevate privileges locally.
CVE-2026-20923,cpe:2.3:o:microsoft:windows_server_2025:10.0.26100.4946:*:*:*:*:*:x64:*,All Other Vulnerabilities,No confirmed exploitation or public exploit code identified.,7.8,0.00402,0.3341,False,False,unproven,,,,,,False,False,False,None,Use after free in Windows Management Services allows an authorized attacker to elevate privileges locally.
CVE-2026-62754,cpe:2.3:o:microsoft:windows_server_2025:10.0.26100.4946:*:*:*:*:*:x64:*,All Other Vulnerabilities,No confirmed exploitation or public exploit code identified.,7.8,0.00311,0.23754,False,False,unproven,,,,,,False,False,False,None,Heap-based buffer overflow in Windows Kerberos allows an authorized attacker to elevate privileges locally.
CVE-2025-62472,cpe:2.3:o:microsoft:windows_server_2025:10.0.26100.4946:*:*:*:*:*:x64:*,All Other Vulnerabilities,No confirmed exploitation or public exploit code identified.,7.8,0.02152,0.80588,False,False,unproven,,,,,,False,False,False,None,Use of uninitialized resource in Windows Remote Access Connection Manager allows an authorized attacker to elevate privileges locally.
CVE-2025-64680,cpe:2.3:o:microsoft:windows_server_2025:10.0.26100.4946:*:*:*:*:*:x64:*,All Other Vulnerabilities,No confirmed exploitation or public exploit code identified.,7.8,0.00365,0.29614,False,False,unproven,,,,,,False,False,False,None,Heap-based buffer overflow in Windows DWM Core Library allows an authorized attacker to elevate privileges locally.
CVE-2026-24287,cpe:2.3:o:microsoft:windows_server_2025:10.0.26100.4946:*:*:*:*:*:x64:*,All Other Vulnerabilities,No confirmed exploitation or public exploit code identified.,7.8,0.00325,0.25281,False,False,unproven,,,,,,False,False,False,None,External control of file name or path in Windows Kernel allows an authorized attacker to elevate privileges locally.
CVE-2026-27920,cpe:2.3:o:microsoft:windows_server_2025:10.0.26100.4946:*:*:*:*:*:x64:*,All Other Vulnerabilities,No confirmed exploitation or public exploit code identified.,7.8,0.0024,0.15273,False,False,unproven,,,,,,False,False,False,None,Untrusted pointer dereference in Windows Universal Plug and Play (UPnP) Device Host allows an authorized attacker to elevate privileges locally.
CVE-2026-42977,cpe:2.3:o:microsoft:windows_server_2025:10.0.26100.4946:*:*:*:*:*:x64:*,All Other Vulnerabilities,No confirmed exploitation or public exploit code identified.,7.8,0.00185,0.08401,False,False,unproven,,,,,,False,False,False,None,Concurrent execution using shared resource with improper synchronization ('race condition') in Windows Push Notifications allows an authorized attacker to elevate privileges locally.
CVE-2026-50436,cpe:2.3:o:microsoft:windows_server_2025:10.0.26100.4946:*:*:*:*:*:x64:*,All Other Vulnerabilities,No confirmed exploitation or public exploit code identified.,7.8,0.0178,0.7635,False,False,unproven,,,,,,False,False,False,None,Use after free in Windows Kernel allows an authorized attacker to elevate privileges locally.
CVE-2026-20852,cpe:2.3:o:microsoft:windows_server_2025:10.0.26100.4946:*:*:*:*:*:x64:*,All Other Vulnerabilities,No confirmed exploitation or public exploit code identified.,7.7,0.00501,0.40593,False,False,unproven,,,,,,False,False,False,None,Incorrect privilege assignment in Windows Hello allows an unauthorized attacker to perform tampering locally.
CVE-2025-55698,cpe:2.3:o:microsoft:windows_server_2025:10.0.26100.4946:*:*:*:*:*:x64:*,All Other Vulnerabilities,No confirmed exploitation or public exploit code identified.,7.7,0.01116,0.63323,False,False,unproven,,,,,,False,False,False,None,Null pointer dereference in Windows DirectX allows an authorized attacker to deny service over a network.
CVE-2026-20804,cpe:2.3:o:microsoft:windows_server_2025:10.0.26100.4946:*:*:*:*:*:x64:*,All Other Vulnerabilities,No confirmed exploitation or public exploit code identified.,7.7,0.00517,0.41612,False,False,unproven,,,,,,False,False,False,None,Incorrect privilege assignment in Windows Hello allows an unauthorized attacker to perform tampering locally.
CVE-2025-59200,cpe:2.3:o:microsoft:windows_server_2025:10.0.26100.4946:*:*:*:*:*:x64:*,All Other Vulnerabilities,No confirmed exploitation or public exploit code identified.,7.7,0.00776,0.52781,False,False,unproven,,,,,,False,False,False,None,Concurrent execution using shared resource with improper synchronization ('race condition') in Data Sharing Service Client allows an unauthorized attacker to perform spoofing locally.
CVE-2025-53139,cpe:2.3:o:microsoft:windows_server_2025:10.0.26100.4946:*:*:*:*:*:x64:*,All Other Vulnerabilities,No confirmed exploitation or public exploit code identified.,7.7,0.00265,0.18508,False,False,unproven,,,,,,False,False,False,None,Cleartext transmission of sensitive information in Windows Hello allows an unauthorized attacker to bypass a security feature locally.
CVE-2025-0130,cpe:2.3:o:paloaltonetworks:pan-os:11.2.4:h2:*:*:*:*:*:*,All Other Vulnerabilities,No confirmed exploitation or public exploit code identified.,7.5,0.00424,0.35339,False,False,unproven,,,,,,False,False,False,None,"A missing exception check in Palo Alto Networks PAN-OS® software with the web proxy feature enabled allows an unauthenticated attacker to send a burst of maliciously crafted packets that causes the firewall to become unresponsive and eventually reboot. Repeated successful attempts to trigger this condition will cause the firewall to enter maintenance mode.



This issue does not affect Cloud NGFW or Prisma Access."
CVE-2026-0227,cpe:2.3:o:paloaltonetworks:pan-os:11.2.4:h2:*:*:*:*:*:*,All Other Vulnerabilities,No confirmed exploitation or public exploit code identified.,7.5,0.00686,0.49614,False,False,unproven,,,,,,False,False,False,None,A vulnerability in Palo Alto Networks PAN-OS software enables an unauthenticated attacker to cause a denial of service (DoS) to the firewall. Repeated attempts to trigger this issue results in the firewall entering into maintenance mode.
CVE-2026-0262,cpe:2.3:o:paloaltonetworks:pan-os:11.2.4:h2:*:*:*:*:*:*,All Other Vulnerabilities,No confirmed exploitation or public exploit code identified.,7.5,0.00359,0.2898,False,False,unproven,,,,,,False,False,False,None,"Multiple denial of service vulnerabilities in Palo Alto Networks PAN-OS® software allow an unauthenticated attacker with network access to cause a denial of service (DoS) condition by sending specially crafted network traffic. 

Panorama and Cloud NGFW are not impacted by these vulnerabilities."
CVE-2026-0287,cpe:2.3:o:paloaltonetworks:pan-os:11.2.4:h2:*:*:*:*:*:*,All Other Vulnerabilities,No confirmed exploitation or public exploit code identified.,7.5,0.00323,0.25043,False,False,unproven,,,,,,False,False,False,None,"Multiple denial of service vulnerabilities in Palo Alto Networks PAN-OS® software allow an unauthenticated attacker with network access to cause a denial of service (DoS) condition by sending specially crafted network traffic to or through a dataplane interface. Repeated attempts to trigger this condition result in the firewall entering maintenance mode.

Panorama is not impacted by these vulnerabilities."
CVE-2026-0288,cpe:2.3:o:paloaltonetworks:pan-os:11.2.4:h2:*:*:*:*:*:*,All Other Vulnerabilities,No confirmed exploitation or public exploit code identified.,7.5,0.00958,0.5851,False,False,unproven,,,,,,False,False,False,None,"Multiple buffer overflow vulnerabilities in the User-ID Terminal Server Agent (TSA) component of Palo Alto Networks PAN-OS software allow an unauthenticated attacker with network access to cause a denial of service (DoS) condition or potentially execute arbitrary code by sending specially crafted network traffic.

The security risk posed by this issue is minimized when the User-ID Terminal Server Agent connectivity is restricted to only trusted internal IP addresses according to our recommended  best practice deployment guidelines https://docs.paloaltonetworks.com/ngfw/help/10-2/user-identification/device-user-identification-terminal-services-agents#:~:text=To%20minimize%20security%20risk%2C%20restrict%20TS%20Agent%20connectivity%20to%20trusted%20internal%20IP%20addresses%20only. .

Panorama is not impacted by this vulnerability."
CVE-2026-61352,cpe:2.3:o:microsoft:windows_server_2025:10.0.26100.4946:*:*:*:*:*:x64:*,All Other Vulnerabilities,No confirmed exploitation or public exploit code identified.,7.5,0.00428,0.35645,False,False,unproven,,,,,,False,False,False,None,Concurrent execution using shared resource with improper synchronization ('race condition') in Remote Desktop Client allows an unauthorized attacker to execute code over a network.
CVE-2026-61363,cpe:2.3:o:microsoft:windows_server_2025:10.0.26100.4946:*:*:*:*:*:x64:*,All Other Vulnerabilities,No confirmed exploitation or public exploit code identified.,7.5,0.00625,0.47039,False,False,unproven,,,,,,False,False,False,None,Heap-based buffer overflow in Remote Desktop Client allows an unauthorized attacker to execute code over a network.
CVE-2026-20921,cpe:2.3:o:microsoft:windows_server_2025:10.0.26100.4946:*:*:*:*:*:x64:*,All Other Vulnerabilities,No confirmed exploitation or public exploit code identified.,7.5,0.01199,0.65525,False,False,unproven,,,,,,False,False,False,None,Concurrent execution using shared resource with improper synchronization ('race condition') in Windows SMB Server allows an authorized attacker to elevate privileges over a network.
CVE-2026-20849,cpe:2.3:o:microsoft:windows_server_2025:10.0.26100.4946:*:*:*:*:*:x64:*,All Other Vulnerabilities,No confirmed exploitation or public exploit code identified.,7.5,0.01011,0.60256,False,False,unproven,,,,,,False,False,False,None,Reliance on untrusted inputs in a security decision in Windows Kerberos allows an authorized attacker to elevate privileges over a network.
CVE-2026-20919,cpe:2.3:o:microsoft:windows_server_2025:10.0.26100.4946:*:*:*:*:*:x64:*,All Other Vulnerabilities,No confirmed exploitation or public exploit code identified.,7.5,0.00815,0.54018,False,False,unproven,,,,,,False,False,False,None,Concurrent execution using shared resource with improper synchronization ('race condition') in Windows SMB Server allows an authorized attacker to elevate privileges over a network.
CVE-2026-40405,cpe:2.3:o:microsoft:windows_server_2025:10.0.26100.4946:*:*:*:*:*:x64:*,All Other Vulnerabilities,No confirmed exploitation or public exploit code identified.,7.5,0.01078,0.62223,False,False,unproven,,,,,,False,False,False,None,Null pointer dereference in Windows TCP/IP allows an unauthorized attacker to deny service over a network.
CVE-2025-55231,cpe:2.3:o:microsoft:windows_server_2025:10.0.26100.4946:*:*:*:*:*:x64:*,All Other Vulnerabilities,No confirmed exploitation or public exploit code identified.,7.5,0.00479,0.39244,False,False,unproven,,,,,,False,False,False,None,Concurrent execution using shared resource with improper synchronization ('race condition') in Windows Storage allows an unauthorized attacker to execute code over a network.
CVE-2026-20854,cpe:2.3:o:microsoft:windows_server_2025:10.0.26100.4946:*:*:*:*:*:x64:*,All Other Vulnerabilities,No confirmed exploitation or public exploit code identified.,7.5,0.01085,0.6244,False,False,unproven,,,,,,False,False,False,None,Use after free in Windows Local Security Authority Subsystem Service (LSASS) allows an authorized attacker to execute code over a network.
CVE-2026-48563,cpe:2.3:o:microsoft:windows_server_2025:10.0.26100.4946:*:*:*:*:*:x64:*,All Other Vulnerabilities,No confirmed exploitation or public exploit code identified.,7.5,0.0055,0.43408,False,False,unproven,,,,,,False,False,False,None,Use after free in Remote Desktop Client allows an unauthorized attacker to execute code over a network.
CVE-2026-32071,cpe:2.3:o:microsoft:windows_server_2025:10.0.26100.4946:*:*:*:*:*:x64:*,All Other Vulnerabilities,No confirmed exploitation or public exploit code identified.,7.5,0.01059,0.61698,False,False,unproven,,,,,,False,False,False,None,Null pointer dereference in Windows Local Security Authority Subsystem Service (LSASS) allows an unauthorized attacker to deny service over a network.
CVE-2026-50647,cpe:2.3:o:microsoft:windows_server_2025:10.0.26100.4946:*:*:*:*:*:x64:*,All Other Vulnerabilities,No confirmed exploitation or public exploit code identified.,7.5,0.01074,0.6214,False,False,unproven,,,,,,False,False,False,None,Loop with unreachable exit condition ('infinite loop') in Active Directory Federation Services (AD FS) allows an unauthorized attacker to deny service over a network.
CVE-2026-57089,cpe:2.3:o:microsoft:windows_server_2025:10.0.26100.4946:*:*:*:*:*:x64:*,All Other Vulnerabilities,No confirmed exploitation or public exploit code identified.,7.5,0.0061,0.46298,False,False,unproven,,,,,,False,False,False,None,Use after free in Windows SMB Server Network Transport Driver (srvnet.sys) allows an unauthorized attacker to execute code over a network.
CVE-2026-49181,cpe:2.3:o:microsoft:windows_server_2025:10.0.26100.4946:*:*:*:*:*:x64:*,All Other Vulnerabilities,No confirmed exploitation or public exploit code identified.,7.5,0.00794,0.53346,False,False,unproven,,,,,,False,False,False,None,Integer underflow (wrap or wraparound) in Windows DHCP Client allows an unauthorized attacker to elevate privileges over a network.
CVE-2026-50304,cpe:2.3:o:microsoft:windows_server_2025:10.0.26100.4946:*:*:*:*:*:x64:*,All Other Vulnerabilities,No confirmed exploitation or public exploit code identified.,7.5,0.01074,0.62141,False,False,unproven,,,,,,False,False,False,None,Stack-based buffer overflow in Active Directory Federation Services allows an unauthorized attacker to deny service over a network.
CVE-2025-54919,cpe:2.3:o:microsoft:windows_server_2025:10.0.26100.4946:*:*:*:*:*:x64:*,All Other Vulnerabilities,No confirmed exploitation or public exploit code identified.,7.5,0.00383,0.31445,False,False,unproven,,,,,,False,False,False,None,Concurrent execution using shared resource with improper synchronization ('race condition') in Windows Win32K - GRFX allows an authorized attacker to execute code locally.
CVE-2026-50328,cpe:2.3:o:microsoft:windows_server_2025:10.0.26100.4946:*:*:*:*:*:x64:*,All Other Vulnerabilities,No confirmed exploitation or public exploit code identified.,7.5,0.0118,0.65034,False,False,unproven,,,,,,False,False,False,None,Uncaught exception in Windows Server Update Service allows an unauthorized attacker to perform tampering over a network.
CVE-2026-33096,cpe:2.3:o:microsoft:windows_server_2025:10.0.26100.4946:*:*:*:*:*:x64:*,All Other Vulnerabilities,No confirmed exploitation or public exploit code identified.,7.5,0.01248,0.66805,False,False,unproven,,,,,,False,False,False,None,Out-of-bounds read in Windows HTTP.sys allows an unauthorized attacker to deny service over a network.
CVE-2026-25181,cpe:2.3:o:microsoft:windows_server_2025:10.0.26100.4946:*:*:*:*:*:x64:*,All Other Vulnerabilities,No confirmed exploitation or public exploit code identified.,7.5,0.01386,0.69902,False,False,unproven,,,,,,False,False,False,None,Out-of-bounds read in Windows GDI+ allows an unauthorized attacker to disclose information over a network.
CVE-2026-0386,cpe:2.3:o:microsoft:windows_server_2025:10.0.26100.4946:*:*:*:*:*:x64:*,All Other Vulnerabilities,No confirmed exploitation or public exploit code identified.,7.5,0.00551,0.43458,False,False,unproven,,,,,,False,False,False,None,Improper access control in Windows Deployment Services allows an unauthorized attacker to execute code over an adjacent network.
CVE-2026-40406,cpe:2.3:o:microsoft:windows_server_2025:10.0.26100.4946:*:*:*:*:*:x64:*,All Other Vulnerabilities,No confirmed exploitation or public exploit code identified.,7.5,0.00931,0.57653,False,False,unproven,,,,,,False,False,False,None,Use after free in Windows TCP/IP allows an unauthorized attacker to disclose information over a network.
CVE-2026-54119,cpe:2.3:o:microsoft:windows_server_2025:10.0.26100.4946:*:*:*:*:*:x64:*,All Other Vulnerabilities,No confirmed exploitation or public exploit code identified.,7.5,0.00816,0.54083,False,False,unproven,,,,,,False,False,False,None,Loop with unreachable exit condition ('infinite loop') in Windows Active Directory allows an unauthorized attacker to deny service over a network.
CVE-2026-26154,cpe:2.3:o:microsoft:windows_server_2025:10.0.26100.4946:*:*:*:*:*:x64:*,All Other Vulnerabilities,No confirmed exploitation or public exploit code identified.,7.5,0.01064,0.61827,False,False,unproven,,,,,,False,False,False,None,Improper input validation in Windows Server Update Service allows an unauthorized attacker to perform tampering over a network.
CVE-2026-50355,cpe:2.3:o:microsoft:windows_server_2025:10.0.26100.4946:*:*:*:*:*:x64:*,All Other Vulnerabilities,No confirmed exploitation or public exploit code identified.,7.5,0.01074,0.62141,False,False,unproven,,,,,,False,False,False,None,Stack-based buffer overflow in Active Directory Federation Services allows an unauthorized attacker to deny service over a network.
CVE-2026-50500,cpe:2.3:o:microsoft:windows_server_2025:10.0.26100.4946:*:*:*:*:*:x64:*,All Other Vulnerabilities,No confirmed exploitation or public exploit code identified.,7.5,0.00692,0.49843,False,False,unproven,,,,,,False,False,False,None,Use after free in Windows Netlogon allows an authorized attacker to elevate privileges over a network.
CVE-2026-50685,cpe:2.3:o:microsoft:windows_server_2025:10.0.26100.4946:*:*:*:*:*:x64:*,All Other Vulnerabilities,No confirmed exploitation or public exploit code identified.,7.5,0.00619,0.46741,False,False,unproven,,,,,,False,False,False,None,Double free in Windows DHCP Server allows an authorized attacker to execute code over a network.
CVE-2025-53805,cpe:2.3:o:microsoft:windows_server_2025:10.0.26100.4946:*:*:*:*:*:x64:*,All Other Vulnerabilities,No confirmed exploitation or public exploit code identified.,7.5,0.01441,0.70963,False,False,unproven,,,,,,False,False,False,None,Out-of-bounds read in Windows Internet Information Services allows an unauthorized attacker to deny service over a network.
CVE-2026-50695,cpe:2.3:o:microsoft:windows_server_2025:10.0.26100.4946:*:*:*:*:*:x64:*,All Other Vulnerabilities,No confirmed exploitation or public exploit code identified.,7.5,0.00796,0.53405,False,False,unproven,,,,,,False,False,False,None,Stack-based buffer overflow in Active Directory Federation Services allows an unauthorized attacker to deny service over a network.
CVE-2026-20848,cpe:2.3:o:microsoft:windows_server_2025:10.0.26100.4946:*:*:*:*:*:x64:*,All Other Vulnerabilities,No confirmed exploitation or public exploit code identified.,7.5,0.00759,0.52242,False,False,unproven,,,,,,False,False,False,None,Concurrent execution using shared resource with improper synchronization ('race condition') in Windows SMB Server allows an authorized attacker to elevate privileges over a network.
CVE-2026-50330,cpe:2.3:o:microsoft:windows_server_2025:10.0.26100.4946:*:*:*:*:*:x64:*,All Other Vulnerabilities,No confirmed exploitation or public exploit code identified.,7.5,0.01115,0.63289,False,False,unproven,,,,,,False,False,False,None,Heap-based buffer overflow in Remote Desktop Client allows an unauthorized attacker to elevate privileges over a network.
CVE-2025-55326,cpe:2.3:o:microsoft:windows_server_2025:10.0.26100.4946:*:*:*:*:*:x64:*,All Other Vulnerabilities,No confirmed exploitation or public exploit code identified.,7.5,0.00788,0.53171,False,False,unproven,,,,,,False,False,False,None,Use after free in Connected Devices Platform Service (Cdpsvc) allows an unauthorized attacker to execute code over a network.
CVE-2026-45639,cpe:2.3:o:microsoft:windows_server_2025:10.0.26100.4946:*:*:*:*:*:x64:*,All Other Vulnerabilities,No confirmed exploitation or public exploit code identified.,7.5,0.00871,0.55837,False,False,unproven,,,,,,False,False,False,None,Out-of-bounds read in Windows RDP allows an unauthorized attacker to disclose information over a network.
CVE-2026-54983,cpe:2.3:o:microsoft:windows_server_2025:10.0.26100.4946:*:*:*:*:*:x64:*,All Other Vulnerabilities,No confirmed exploitation or public exploit code identified.,7.5,0.0078,0.52889,False,False,unproven,,,,,,False,False,False,None,Stack-based buffer overflow in Active Directory Federation Services (AD FS) allows an unauthorized attacker to deny service over a network.
CVE-2026-50368,cpe:2.3:o:microsoft:windows_server_2025:10.0.26100.4946:*:*:*:*:*:x64:*,All Other Vulnerabilities,No confirmed exploitation or public exploit code identified.,7.5,0.0078,0.52889,False,False,unproven,,,,,,False,False,False,None,Stack-based buffer overflow in Active Directory Federation Services allows an unauthorized attacker to deny service over a network.
CVE-2026-42909,cpe:2.3:o:microsoft:windows_server_2025:10.0.26100.4946:*:*:*:*:*:x64:*,All Other Vulnerabilities,No confirmed exploitation or public exploit code identified.,7.5,0.00397,0.32855,False,False,unproven,,,,,,False,False,False,None,Concurrent execution using shared resource with improper synchronization ('race condition') in Remote Desktop Client allows an unauthorized attacker to execute code over a network.
CVE-2026-42993,cpe:2.3:o:microsoft:windows_server_2025:10.0.26100.4946:*:*:*:*:*:x64:*,All Other Vulnerabilities,No confirmed exploitation or public exploit code identified.,7.5,0.00434,0.36157,False,False,unproven,,,,,,False,False,False,None,Heap-based buffer overflow in Remote Desktop Client allows an unauthorized attacker to execute code over a network.
CVE-2026-65681,cpe:2.3:o:microsoft:windows_server_2025:10.0.26100.4946:*:*:*:*:*:x64:*,All Other Vulnerabilities,No confirmed exploitation or public exploit code identified.,7.5,0.00853,0.55248,False,False,unproven,,,,,,False,False,False,None,Null pointer dereference in Windows iSCSI Target Service allows an unauthorized attacker to deny service over a network.
CVE-2026-42913,cpe:2.3:o:microsoft:windows_server_2025:10.0.26100.4946:*:*:*:*:*:x64:*,All Other Vulnerabilities,No confirmed exploitation or public exploit code identified.,7.5,0.00473,0.3883,False,False,unproven,,,,,,False,False,False,None,Concurrent execution using shared resource with improper synchronization ('race condition') in Remote Desktop Client allows an unauthorized attacker to execute code over a network.
CVE-2026-56648,cpe:2.3:o:microsoft:windows_server_2025:10.0.26100.4946:*:*:*:*:*:x64:*,All Other Vulnerabilities,No confirmed exploitation or public exploit code identified.,7.5,0.00474,0.3894,False,False,unproven,,,,,,False,False,False,None,Time-of-check time-of-use (toctou) race condition in Windows Network File System allows an authorized attacker to elevate privileges over a network.
CVE-2026-50414,cpe:2.3:o:microsoft:windows_server_2025:10.0.26100.4946:*:*:*:*:*:x64:*,All Other Vulnerabilities,No confirmed exploitation or public exploit code identified.,7.5,0.0053,0.42358,False,False,unproven,,,,,,False,False,False,None,Concurrent execution using shared resource with improper synchronization ('race condition') in Windows Media allows an authorized attacker to elevate privileges over a network.
CVE-2026-50463,cpe:2.3:o:microsoft:windows_server_2025:10.0.26100.4946:*:*:*:*:*:x64:*,All Other Vulnerabilities,No confirmed exploitation or public exploit code identified.,7.5,0.00738,0.51501,False,False,unproven,,,,,,False,False,False,None,Out-of-bounds read in Windows Kernel allows an unauthorized attacker to disclose information over a network.
CVE-2026-54113,cpe:2.3:o:microsoft:windows_server_2025:10.0.26100.4946:*:*:*:*:*:x64:*,All Other Vulnerabilities,No confirmed exploitation or public exploit code identified.,7.5,0.01126,0.63566,False,False,unproven,,,,,,False,False,False,None,Allocation of resources without limits or throttling in Windows Kernel allows an unauthorized attacker to deny service over a network.
CVE-2026-47654,cpe:2.3:o:microsoft:windows_server_2025:10.0.26100.4946:*:*:*:*:*:x64:*,All Other Vulnerabilities,No confirmed exploitation or public exploit code identified.,7.5,0.0055,0.43408,False,False,unproven,,,,,,False,False,False,None,Use after free in Remote Desktop Client allows an unauthorized attacker to execute code over a network.
CVE-2026-58627,cpe:2.3:o:microsoft:windows_server_2025:10.0.26100.4946:*:*:*:*:*:x64:*,All Other Vulnerabilities,No confirmed exploitation or public exploit code identified.,7.5,0.00871,0.55838,False,False,unproven,,,,,,False,False,False,None,Uncontrolled resource consumption in Windows DHCP Server allows an unauthorized attacker to deny service over a network.
CVE-2026-20926,cpe:2.3:o:microsoft:windows_server_2025:10.0.26100.4946:*:*:*:*:*:x64:*,All Other Vulnerabilities,No confirmed exploitation or public exploit code identified.,7.5,0.00815,0.54018,False,False,unproven,,,,,,False,False,False,None,Concurrent execution using shared resource with improper synchronization ('race condition') in Windows SMB Server allows an authorized attacker to elevate privileges over a network.
CVE-2026-58531,cpe:2.3:o:microsoft:windows_server_2025:10.0.26100.4946:*:*:*:*:*:x64:*,All Other Vulnerabilities,No confirmed exploitation or public exploit code identified.,7.5,0.00599,0.45816,False,False,unproven,,,,,,False,False,False,None,Concurrent execution using shared resource with improper synchronization ('race condition') in Windows SMB allows an authorized attacker to elevate privileges over a network.
CVE-2026-50696,cpe:2.3:o:microsoft:windows_server_2025:10.0.26100.4946:*:*:*:*:*:x64:*,All Other Vulnerabilities,No confirmed exploitation or public exploit code identified.,7.5,0.00816,0.54083,False,False,unproven,,,,,,False,False,False,None,Heap-based buffer overflow in Windows Internet Key Exchange (IKE) Protocol allows an unauthorized attacker to deny service over a network.
CVE-2026-20846,cpe:2.3:o:microsoft:windows_server_2025:10.0.26100.4946:*:*:*:*:*:x64:*,All Other Vulnerabilities,No confirmed exploitation or public exploit code identified.,7.5,0.0134,0.6889,False,False,unproven,,,,,,False,False,False,None,Buffer over-read in Windows GDI+ allows an unauthorized attacker to deny service over a network.
CVE-2026-49787,cpe:2.3:o:microsoft:windows_server_2025:10.0.26100.4946:*:*:*:*:*:x64:*,All Other Vulnerabilities,No confirmed exploitation or public exploit code identified.,7.5,0.00816,0.54083,False,False,unproven,,,,,,False,False,False,None,Allocation of resources without limits or throttling in Windows HTTP.sys allows an unauthorized attacker to deny service over a network.
CVE-2025-64658,cpe:2.3:o:microsoft:windows_server_2025:10.0.26100.4946:*:*:*:*:*:x64:*,All Other Vulnerabilities,No confirmed exploitation or public exploit code identified.,7.5,0.00305,0.2305,False,False,unproven,,,,,,False,False,False,None,Concurrent execution using shared resource with improper synchronization ('race condition') in Windows Shell allows an authorized attacker to elevate privileges locally.
CVE-2026-42992,cpe:2.3:o:microsoft:windows_server_2025:10.0.26100.4946:*:*:*:*:*:x64:*,All Other Vulnerabilities,No confirmed exploitation or public exploit code identified.,7.5,0.00461,0.38109,False,False,unproven,,,,,,False,False,False,None,Heap-based buffer overflow in Remote Desktop Client allows an unauthorized attacker to execute code over a network.
CVE-2026-49171,cpe:2.3:o:microsoft:windows_server_2025:10.0.26100.4946:*:*:*:*:*:x64:*,All Other Vulnerabilities,No confirmed exploitation or public exploit code identified.,7.5,0.00216,0.1229,False,False,unproven,,,,,,False,False,False,None,Use after free in Microsoft Windows Speech allows an authorized attacker to elevate privileges locally.
CVE-2026-35424,cpe:2.3:o:microsoft:windows_server_2025:10.0.26100.4946:*:*:*:*:*:x64:*,All Other Vulnerabilities,No confirmed exploitation or public exploit code identified.,7.5,0.01187,0.65227,False,False,unproven,,,,,,False,False,False,None,Missing release of memory after effective lifetime in Windows Internet Key Exchange (IKE) Protocol allows an unauthorized attacker to deny service over a network.
CVE-2026-49788,cpe:2.3:o:microsoft:windows_server_2025:10.0.26100.4946:*:*:*:*:*:x64:*,All Other Vulnerabilities,No confirmed exploitation or public exploit code identified.,7.5,0.0078,0.52888,False,False,unproven,,,,,,False,False,False,None,Allocation of resources without limits or throttling in HTTP/2 allows an unauthorized attacker to deny service over a network.
CVE-2026-62787,cpe:2.3:o:microsoft:windows_server_2025:10.0.26100.4946:*:*:*:*:*:x64:*,All Other Vulnerabilities,No confirmed exploitation or public exploit code identified.,7.5,0.0051,0.41174,False,False,unproven,,,,,,False,False,False,None,Use after free in Windows DNS allows an authorized attacker to execute code over a network.
CVE-2026-42908,cpe:2.3:o:microsoft:windows_server_2025:10.0.26100.4946:*:*:*:*:*:x64:*,All Other Vulnerabilities,No confirmed exploitation or public exploit code identified.,7.5,0.00871,0.55837,False,False,unproven,,,,,,False,False,False,None,Out-of-bounds read in Windows RDP allows an unauthorized attacker to disclose information over a network.
CVE-2026-23674,cpe:2.3:o:microsoft:windows_server_2025:10.0.26100.4946:*:*:*:*:*:x64:*,All Other Vulnerabilities,No confirmed exploitation or public exploit code identified.,7.5,0.01191,0.65331,False,False,unproven,,,,,,False,False,False,None,Improper resolution of path equivalence in Windows MapUrlToZone allows an unauthorized attacker to bypass a security feature over a network.
CVE-2025-59502,cpe:2.3:o:microsoft:windows_server_2025:10.0.26100.4946:*:*:*:*:*:x64:*,All Other Vulnerabilities,No confirmed exploitation or public exploit code identified.,7.5,0.00992,0.59628,False,False,unproven,,,,,,False,False,False,None,Uncontrolled resource consumption in Windows Remote Procedure Call allows an unauthorized attacker to deny service over a network.
CVE-2026-44801,cpe:2.3:o:microsoft:windows_server_2025:10.0.26100.4946:*:*:*:*:*:x64:*,All Other Vulnerabilities,No confirmed exploitation or public exploit code identified.,7.5,0.00461,0.3811,False,False,unproven,,,,,,False,False,False,None,Use after free in Remote Desktop Client allows an unauthorized attacker to execute code over a network.
CVE-2026-59132,cpe:2.3:o:microsoft:windows_server_2025:10.0.26100.4946:*:*:*:*:*:x64:*,All Other Vulnerabilities,No confirmed exploitation or public exploit code identified.,7.5,0.0131,0.68205,False,False,unproven,,,,,,False,False,False,None,Null pointer dereference in Windows TCP/IP allows an unauthorized attacker to deny service over a network.
CVE-2026-59134,cpe:2.3:o:microsoft:windows_server_2025:10.0.26100.4946:*:*:*:*:*:x64:*,All Other Vulnerabilities,No confirmed exploitation or public exploit code identified.,7.5,0.00624,0.47002,False,False,unproven,,,,,,False,False,False,None,Heap-based buffer overflow in Remote Desktop Client allows an unauthorized attacker to execute code over a network.
CVE-2026-50505,cpe:2.3:o:microsoft:windows_server_2025:10.0.26100.4946:*:*:*:*:*:x64:*,All Other Vulnerabilities,No confirmed exploitation or public exploit code identified.,7.5,0.00502,0.40644,False,False,unproven,,,,,,False,False,False,None,Use after free in Windows Message Queuing allows an authorized attacker to execute code over a network.
CVE-2026-50470,cpe:2.3:o:microsoft:windows_server_2025:10.0.26100.4946:*:*:*:*:*:x64:*,All Other Vulnerabilities,No confirmed exploitation or public exploit code identified.,7.5,0.00738,0.51502,False,False,unproven,,,,,,False,False,False,None,Out-of-bounds read in Windows Network Policy Server SNMP allows an unauthorized attacker to disclose information over a network.
CVE-2026-20875,cpe:2.3:o:microsoft:windows_server_2025:10.0.26100.4946:*:*:*:*:*:x64:*,All Other Vulnerabilities,No confirmed exploitation or public exploit code identified.,7.5,0.01592,0.73589,False,False,unproven,,,,,,False,False,False,None,Null pointer dereference in Windows Local Security Authority Subsystem Service (LSASS) allows an unauthorized attacker to deny service over a network.
CVE-2026-40378,cpe:2.3:o:microsoft:windows_server_2025:10.0.26100.4946:*:*:*:*:*:x64:*,All Other Vulnerabilities,No confirmed exploitation or public exploit code identified.,7.5,0.00816,0.54082,False,False,unproven,,,,,,False,False,False,None,Memory allocation with excessive size value in Windows Local Security Authority Subsystem Service (LSASS) allows an unauthorized attacker to deny service over a network.
CVE-2026-20934,cpe:2.3:o:microsoft:windows_server_2025:10.0.26100.4946:*:*:*:*:*:x64:*,All Other Vulnerabilities,No confirmed exploitation or public exploit code identified.,7.5,0.00815,0.54018,False,False,unproven,,,,,,False,False,False,None,Concurrent execution using shared resource with improper synchronization ('race condition') in Windows SMB Server allows an authorized attacker to elevate privileges over a network.
CVE-2026-32161,cpe:2.3:o:microsoft:windows_server_2025:10.0.26100.4946:*:*:*:*:*:x64:*,All Other Vulnerabilities,No confirmed exploitation or public exploit code identified.,7.5,0.00297,0.22203,False,False,unproven,,,,,,False,False,False,None,Concurrent execution using shared resource with improper synchronization ('race condition') in Windows Native WiFi Miniport Driver allows an unauthorized attacker to execute code over an adjacent network.
CVE-2026-50496,cpe:2.3:o:microsoft:windows_server_2025:10.0.26100.4946:*:*:*:*:*:x64:*,All Other Vulnerabilities,No confirmed exploitation or public exploit code identified.,7.5,0.01125,0.63537,False,False,unproven,,,,,,False,False,False,None,Out-of-bounds read in Windows Network Policy Server SNMP allows an unauthorized attacker to disclose information over a network.
CVE-2026-21243,cpe:2.3:o:microsoft:windows_server_2025:10.0.26100.4946:*:*:*:*:*:x64:*,All Other Vulnerabilities,No confirmed exploitation or public exploit code identified.,7.5,0.0134,0.6889,False,False,unproven,,,,,,False,False,False,None,Null pointer dereference in Windows LDAP - Lightweight Directory Access Protocol allows an unauthorized attacker to deny service over a network.
CVE-2026-50424,cpe:2.3:o:microsoft:windows_server_2025:10.0.26100.4946:*:*:*:*:*:x64:*,All Other Vulnerabilities,No confirmed exploitation or public exploit code identified.,7.5,0.00816,0.54082,False,False,unproven,,,,,,False,False,False,None,Untrusted pointer dereference in Windows Domain Controller allows an unauthorized attacker to deny service over a network.
CVE-2026-44799,cpe:2.3:o:microsoft:windows_server_2025:10.0.26100.4946:*:*:*:*:*:x64:*,All Other Vulnerabilities,No confirmed exploitation or public exploit code identified.,7.5,0.00461,0.38109,False,False,unproven,,,,,,False,False,False,None,Heap-based buffer overflow in Remote Desktop Client allows an unauthorized attacker to execute code over a network.
CVE-2026-50411,cpe:2.3:o:microsoft:windows_server_2025:10.0.26100.4946:*:*:*:*:*:x64:*,All Other Vulnerabilities,No confirmed exploitation or public exploit code identified.,7.5,0.0078,0.52888,False,False,unproven,,,,,,False,False,False,None,Stack-based buffer overflow in Active Directory Federation Services (AD FS) allows an unauthorized attacker to deny service over a network.
CVE-2025-59210,cpe:2.3:o:microsoft:windows_server_2025:10.0.26100.4946:*:*:*:*:*:x64:*,All Other Vulnerabilities,No confirmed exploitation or public exploit code identified.,7.4,0.00268,0.1901,False,False,unproven,,,,,,False,False,False,None,Windows Resilient File System (ReFS) Deduplication Service Elevation of Privilege Vulnerability
CVE-2025-54103,cpe:2.3:o:microsoft:windows_server_2025:10.0.26100.4946:*:*:*:*:*:x64:*,All Other Vulnerabilities,No confirmed exploitation or public exploit code identified.,7.4,0.0041,0.34106,False,False,unproven,,,,,,False,False,False,None,Use after free in Windows Management Services allows an unauthorized attacker to elevate privileges locally.
CVE-2025-55687,cpe:2.3:o:microsoft:windows_server_2025:10.0.26100.4946:*:*:*:*:*:x64:*,All Other Vulnerabilities,No confirmed exploitation or public exploit code identified.,7.4,0.00246,0.16048,False,False,unproven,,,,,,False,False,False,None,Concurrent execution using shared resource with improper synchronization ('race condition') in Windows Resilient File System (ReFS) allows an unauthorized attacker to elevate privileges locally.
CVE-2025-55335,cpe:2.3:o:microsoft:windows_server_2025:10.0.26100.4946:*:*:*:*:*:x64:*,All Other Vulnerabilities,No confirmed exploitation or public exploit code identified.,7.4,0.00246,0.16048,False,False,unproven,,,,,,False,False,False,None,Use after free in Windows NTFS allows an unauthorized attacker to elevate privileges locally.
CVE-2026-40413,cpe:2.3:o:microsoft:windows_server_2025:10.0.26100.4946:*:*:*:*:*:x64:*,All Other Vulnerabilities,No confirmed exploitation or public exploit code identified.,7.4,0.00401,0.33283,False,False,unproven,,,,,,False,False,False,None,Windows TCP/IP Denial of Service Vulnerability
CVE-2025-59189,cpe:2.3:o:microsoft:windows_server_2025:10.0.26100.4946:*:*:*:*:*:x64:*,All Other Vulnerabilities,No confirmed exploitation or public exploit code identified.,7.4,0.00238,0.1511,False,False,unproven,,,,,,False,False,False,None,Use after free in Microsoft Brokering File System allows an unauthorized attacker to elevate privileges locally.
CVE-2026-20844,cpe:2.3:o:microsoft:windows_server_2025:10.0.26100.4946:*:*:*:*:*:x64:*,All Other Vulnerabilities,No confirmed exploitation or public exploit code identified.,7.4,0.00326,0.25472,False,False,unproven,,,,,,False,False,False,None,Use after free in Windows Clipboard Server allows an unauthorized attacker to elevate privileges locally.
CVE-2026-40414,cpe:2.3:o:microsoft:windows_server_2025:10.0.26100.4946:*:*:*:*:*:x64:*,All Other Vulnerabilities,No confirmed exploitation or public exploit code identified.,7.4,0.00528,0.42216,False,False,unproven,,,,,,False,False,False,None,Windows TCP/IP Denial of Service Vulnerability
CVE-2025-55693,cpe:2.3:o:microsoft:windows_server_2025:10.0.26100.4946:*:*:*:*:*:x64:*,All Other Vulnerabilities,No confirmed exploitation or public exploit code identified.,7.4,0.01885,0.77739,False,False,unproven,,,,,,False,False,False,None,Use after free in Windows Kernel allows an unauthorized attacker to elevate privileges locally.
CVE-2025-48004,cpe:2.3:o:microsoft:windows_server_2025:10.0.26100.4946:*:*:*:*:*:x64:*,All Other Vulnerabilities,No confirmed exploitation or public exploit code identified.,7.4,0.0184,0.77155,False,False,unproven,,,,,,False,False,False,None,Use after free in Microsoft Brokering File System allows an unauthorized attacker to elevate privileges locally.
CVE-2025-59206,cpe:2.3:o:microsoft:windows_server_2025:10.0.26100.4946:*:*:*:*:*:x64:*,All Other Vulnerabilities,No confirmed exploitation or public exploit code identified.,7.4,0.00353,0.28365,False,False,unproven,,,,,,False,False,False,None,Windows Resilient File System (ReFS) Deduplication Service Elevation of Privilege Vulnerability
CVE-2026-54127,cpe:2.3:o:microsoft:windows_server_2025:10.0.26100.4946:*:*:*:*:*:x64:*,All Other Vulnerabilities,No confirmed exploitation or public exploit code identified.,7.4,0.00242,0.15538,False,False,unproven,,,,,,False,False,False,None,Use after free in Windows Hyper-V allows an unauthorized attacker to elevate privileges locally.
CVE-2026-25167,cpe:2.3:o:microsoft:windows_server_2025:10.0.26100.4946:*:*:*:*:*:x64:*,All Other Vulnerabilities,No confirmed exploitation or public exploit code identified.,7.4,0.00298,0.22368,False,False,unproven,,,,,,False,False,False,None,Use after free in Microsoft Brokering File System allows an unauthorized attacker to elevate privileges locally.
CVE-2026-32156,cpe:2.3:o:microsoft:windows_server_2025:10.0.26100.4946:*:*:*:*:*:x64:*,All Other Vulnerabilities,No confirmed exploitation or public exploit code identified.,7.4,0.00286,0.21069,False,False,unproven,,,,,,False,False,False,None,Use after free in Windows Universal Plug and Play (UPnP) Device Host allows an unauthorized attacker to execute code locally.
CVE-2026-50482,cpe:2.3:o:microsoft:windows_server_2025:10.0.26100.4946:*:*:*:*:*:x64:*,All Other Vulnerabilities,No confirmed exploitation or public exploit code identified.,7.3,0.00258,0.17636,False,False,unproven,,,,,,False,False,False,None,Heap-based buffer overflow in Windows NTFS allows an authorized attacker to execute code locally.
CVE-2025-62565,cpe:2.3:o:microsoft:windows_server_2025:10.0.26100.4946:*:*:*:*:*:x64:*,All Other Vulnerabilities,No confirmed exploitation or public exploit code identified.,7.3,0.00553,0.43575,False,False,unproven,,,,,,False,False,False,None,Use after free in Windows Shell allows an authorized attacker to elevate privileges locally.
CVE-2026-49790,cpe:2.3:o:microsoft:windows_server_2025:10.0.26100.4946:*:*:*:*:*:x64:*,All Other Vulnerabilities,No confirmed exploitation or public exploit code identified.,7.3,0.00258,0.17636,False,False,unproven,,,,,,False,False,False,None,Windows Universal Disk Format File System Driver (UDFS) Elevation of Privilege Vulnerability
CVE-2025-54116,cpe:2.3:o:microsoft:windows_server_2025:10.0.26100.4946:*:*:*:*:*:x64:*,All Other Vulnerabilities,No confirmed exploitation or public exploit code identified.,7.3,0.00524,0.42047,False,False,unproven,,,,,,False,False,False,None,Improper access control in Windows MultiPoint Services allows an authorized attacker to elevate privileges locally.
CVE-2026-49789,cpe:2.3:o:microsoft:windows_server_2025:10.0.26100.4946:*:*:*:*:*:x64:*,All Other Vulnerabilities,No confirmed exploitation or public exploit code identified.,7.3,0.00277,0.20131,False,False,unproven,,,,,,False,False,False,None,Stack-based buffer overflow in Windows NTFS allows an authorized attacker to elevate privileges locally.
CVE-2026-32149,cpe:2.3:o:microsoft:windows_server_2025:10.0.26100.4946:*:*:*:*:*:x64:*,All Other Vulnerabilities,No confirmed exploitation or public exploit code identified.,7.3,0.00317,0.24392,False,False,unproven,,,,,,False,False,False,None,Improper input validation in Windows Hyper-V allows an authorized attacker to execute code locally.
CVE-2026-21247,cpe:2.3:o:microsoft:windows_server_2025:10.0.26100.4946:*:*:*:*:*:x64:*,All Other Vulnerabilities,No confirmed exploitation or public exploit code identified.,7.3,0.00548,0.43296,False,False,unproven,,,,,,False,False,False,None,Improper input validation in Windows Hyper-V allows an authorized attacker to execute code locally.
CVE-2026-58640,cpe:2.3:o:microsoft:windows_server_2025:10.0.26100.4946:*:*:*:*:*:x64:*,All Other Vulnerabilities,No confirmed exploitation or public exploit code identified.,7.3,0.00241,0.1541,False,False,unproven,,,,,,False,False,False,None,Heap-based buffer overflow in Windows NTFS allows an authorized attacker to execute code locally.
CVE-2025-54911,cpe:2.3:o:microsoft:windows_server_2025:10.0.26100.4946:*:*:*:*:*:x64:*,All Other Vulnerabilities,No confirmed exploitation or public exploit code identified.,7.3,0.00642,0.47783,False,False,unproven,,,,,,False,False,False,None,Use after free in Windows BitLocker allows an authorized attacker to elevate privileges locally.
CVE-2025-25004,cpe:2.3:o:microsoft:windows_server_2025:10.0.26100.4946:*:*:*:*:*:x64:*,All Other Vulnerabilities,No confirmed exploitation or public exploit code identified.,7.3,0.00447,0.3718,False,False,unproven,,,,,,False,False,False,None,Improper access control in Microsoft PowerShell allows an authorized attacker to elevate privileges locally.
CVE-2025-55236,cpe:2.3:o:microsoft:windows_server_2025:10.0.26100.4946:*:*:*:*:*:x64:*,All Other Vulnerabilities,No confirmed exploitation or public exploit code identified.,7.3,0.00422,0.35191,False,False,unproven,,,,,,False,False,False,None,Time-of-check time-of-use (toctou) race condition in Graphics Kernel allows an authorized attacker to execute code locally.
CVE-2026-0261,cpe:2.3:o:paloaltonetworks:pan-os:11.2.4:h2:*:*:*:*:*:*,All Other Vulnerabilities,No confirmed exploitation or public exploit code identified.,7.2,0.01403,0.70252,False,False,unproven,,,,,,False,False,False,None,"Multiple command injection vulnerabilities in Palo Alto Networks PAN-OS® software enable an authenticated administrator to bypass system restrictions and run arbitrary commands as a root user. To be able to exploit this issue, the user must have access to the PAN-OS CLI or Web UI.



The security risk posed by this issue is significantly minimized when CLI access is restricted to a limited group of administrators and by restricting access to the management web interface to only trusted internal IP addresses according to our recommended  best practice deployment guidelines https://live.paloaltonetworks.com/t5/community-blogs/tips-amp-tricks-how-to-secure-the-management-access-of-your-palo/ba-p/464431 .



This issue is applicable to PAN-OS software on PA-Series and VM-Series firewalls and on Panorama (virtual and M-Series).



Cloud NGFW and Prisma Access® are not impacted by these vulnerabilities."
CVE-2026-0286,cpe:2.3:o:paloaltonetworks:pan-os:11.2.4:h2:*:*:*:*:*:*,All Other Vulnerabilities,No confirmed exploitation or public exploit code identified.,7.2,0.01159,0.64428,False,False,unproven,,,,,,False,False,False,None,"A command injection vulnerability in the management plane of Palo Alto Networks PAN-OS® software enables an authenticated administrator to execute arbitrary OS commands as root.



The security risk posed by this issue is significantly minimized when CLI access is restricted to a limited group of administrators.



This issue is applicable to PAN-OS software on PA-Series and VM-Series firewalls and on Panorama (virtual and M-Series).



Cloud NGFW and Prisma Access®  are not impacted by this vulnerability."
CVE-2025-4615,cpe:2.3:o:paloaltonetworks:pan-os:11.2.4:h2:*:*:*:*:*:*,All Other Vulnerabilities,No confirmed exploitation or public exploit code identified.,7.2,0.00737,0.5149,False,False,unproven,,,,,,False,False,False,None,"An improper input neutralization vulnerability in the management web interface of the Palo Alto Networks PAN-OS® software enables an authenticated administrator to bypass system restrictions and execute arbitrary commands.

The security risk posed by this issue is significantly minimized when CLI access is restricted to a limited group of administrators.

Cloud NGFW and Prisma® Access are not affected by this vulnerability."
CVE-2026-0272,cpe:2.3:o:paloaltonetworks:pan-os:11.2.4:h2:*:*:*:*:*:*,All Other Vulnerabilities,No confirmed exploitation or public exploit code identified.,7.2,0.00261,0.17997,False,False,unproven,,,,,,False,False,False,None,"A privilege escalation vulnerability in Palo Alto Networks PAN-OS® software allows an authenticated administrator with access to the Command Line Interface (CLI) to perform actions on the device with root privileges.



The security risk posed by this issue is significantly minimized when CLI access is restricted to a limited group of administrators and by restricting access to the management interface to only trusted internal IP addresses according to our recommended  best practice deployment guidelines https://live.paloaltonetworks.com/t5/community-blogs/tips-amp-tricks-how-to-secure-the-management-access-of-your-palo/ba-p/464431 .



This issue is applicable to PAN-OS software on PA-Series and VM-Series firewalls and on Panorama (virtual and M-Series).

Cloud NGFW, and Prisma® Access are not impacted by this vulnerability."
CVE-2026-0283,cpe:2.3:o:paloaltonetworks:pan-os:11.2.4:h2:*:*:*:*:*:*,All Other Vulnerabilities,No confirmed exploitation or public exploit code identified.,7.2,0.00212,0.11748,False,False,unproven,,,,,,False,False,False,None,"An authentication bypass vulnerability in Large Scale VPN ( LSVPN) functionality of Palo Alto Networks PAN-OS software allows an attacker with network access to bypass security restrictions and establish an unauthorized site-to-site VPN connection.

Panorama, Cloud NGFW, and Prisma® Access are not impacted by this vulnerability."
CVE-2026-0280,cpe:2.3:o:paloaltonetworks:pan-os:11.2.4:h2:*:*:*:*:*:*,All Other Vulnerabilities,No confirmed exploitation or public exploit code identified.,7.2,0.00188,0.08765,False,False,unproven,,,,,,False,False,False,None,"An IPv6 packet processing vulnerability in the dataplane of Palo Alto Networks PAN-OS® software enables an unauthenticated attacker to bypass firewall security policy enforcement, allowing network traffic that should be blocked to reach protected services.

Cloud NGFW and Panorama are not impacted by this vulnerability."
CVE-2026-0273,cpe:2.3:o:paloaltonetworks:pan-os:11.2.4:h2:*:*:*:*:*:*,All Other Vulnerabilities,No confirmed exploitation or public exploit code identified.,7.2,0.01339,0.68883,False,False,unproven,,,,,,False,False,False,None,"A command injection vulnerability in Palo Alto Networks PAN-OS® software enables an authenticated administrator to bypass system restrictions and run arbitrary commands as a root user. To be able to exploit this issue, the user must have access to the PAN-OS CLI or Web UI.

The security risk posed by this issue is significantly minimized when CLI access is restricted to a limited group of administrators and by restricting access to the management web interface to only trusted internal IP addresses according to our recommended  best practice deployment guidelines https://live.paloaltonetworks.com/t5/community-blogs/tips-amp-tricks-how-to-secure-the-management-access-of-your-palo/ba-p/464431 .

This issue is applicable to PAN-OS software on PA-Series and VM-Series firewalls and on Panorama (virtual and M-Series).

Cloud NGFW and Prisma® Access are not affected by this vulnerability."
CVE-2026-0281,cpe:2.3:o:paloaltonetworks:pan-os:11.2.4:h2:*:*:*:*:*:*,All Other Vulnerabilities,No confirmed exploitation or public exploit code identified.,7.1,0.00168,0.06528,False,False,unproven,,,,,,False,False,False,None,"An information disclosure vulnerability in Palo Alto Networks PAN-OS® software enables an unauthenticated attacker with network access to the management web interface to obtain web session tokens. This requires a legitimate user to first click on a malicious link provided by the attacker.

The security risk posed by this issue is minimized by restricting access to the management web interface to only trusted internal IP addresses according to our recommended  best practice deployment guidelines https://live.paloaltonetworks.com/t5/community-blogs/tips-amp-tricks-how-to-secure-the-management-access-of-your-palo/ba-p/464431 .

This issue is applicable to PAN-OS software on PA-Series and VM-Series firewalls and on Panorama (virtual and M-Series).

Cloud NGFW and Prisma® Access are not impacted by this vulnerability."
CVE-2026-50451,cpe:2.3:o:microsoft:windows_server_2025:10.0.26100.4946:*:*:*:*:*:x64:*,All Other Vulnerabilities,No confirmed exploitation or public exploit code identified.,7.1,0.00221,0.12891,False,False,unproven,,,,,,False,False,False,None,Missing authentication for critical function in Windows Routing and Remote Access Service (RRAS) allows an authorized attacker to elevate privileges locally.
CVE-2026-55144,cpe:2.3:o:microsoft:windows_server_2025:10.0.26100.4946:*:*:*:*:*:x64:*,All Other Vulnerabilities,No confirmed exploitation or public exploit code identified.,7.1,0.00164,0.06132,False,False,unproven,,,,,,False,False,False,None,Missing cryptographic step in Windows CryptoAPI allows an authorized attacker to perform tampering locally.
CVE-2026-49165,cpe:2.3:o:microsoft:windows_server_2025:10.0.26100.4946:*:*:*:*:*:x64:*,All Other Vulnerabilities,No confirmed exploitation or public exploit code identified.,7.1,0.00243,0.15678,False,False,unproven,,,,,,False,False,False,None,Use of uninitialized resource in Microsoft Windows App Store allows an authorized attacker to disclose information locally.
CVE-2026-50465,cpe:2.3:o:microsoft:windows_server_2025:10.0.26100.4946:*:*:*:*:*:x64:*,All Other Vulnerabilities,No confirmed exploitation or public exploit code identified.,7.1,0.00214,0.12079,False,False,unproven,,,,,,False,False,False,None,Improper access control in Microsoft Windows DNS allows an authorized attacker to perform tampering locally.
CVE-2026-26151,cpe:2.3:o:microsoft:windows_server_2025:10.0.26100.4946:*:*:*:*:*:x64:*,All Other Vulnerabilities,No confirmed exploitation or public exploit code identified.,7.1,0.0083,0.54522,False,False,unproven,,,,,,False,False,False,None,Insufficient ui warning of dangerous operations in Windows Remote Desktop allows an unauthorized attacker to perform spoofing over a network.
CVE-2026-50354,cpe:2.3:o:microsoft:windows_server_2025:10.0.26100.4946:*:*:*:*:*:x64:*,All Other Vulnerabilities,No confirmed exploitation or public exploit code identified.,7.1,0.0024,0.15338,False,False,unproven,,,,,,False,False,False,None,Use after free in Windows Kernel allows an authorized attacker to elevate privileges locally.
CVE-2026-47288,cpe:2.3:o:microsoft:windows_server_2025:10.0.26100.4946:*:*:*:*:*:x64:*,All Other Vulnerabilities,No confirmed exploitation or public exploit code identified.,7.1,0.00499,0.40471,False,False,unproven,,,,,,False,False,False,None,Integer overflow or wraparound in Windows Kerberos allows an authorized attacker to execute code over an adjacent network.
CVE-2026-49791,cpe:2.3:o:microsoft:windows_server_2025:10.0.26100.4946:*:*:*:*:*:x64:*,All Other Vulnerabilities,No confirmed exploitation or public exploit code identified.,7.1,0.00278,0.20253,False,False,unproven,,,,,,False,False,False,None,Improper link resolution before file access ('link following') in Windows Routing and Remote Access Service (RRAS) allows an authorized attacker to elevate privileges locally.
CVE-2026-50682,cpe:2.3:o:microsoft:windows_server_2025:10.0.26100.4946:*:*:*:*:*:x64:*,All Other Vulnerabilities,No confirmed exploitation or public exploit code identified.,7.1,0.00891,0.56396,False,False,unproven,,,,,,False,False,False,None,Out-of-bounds read in Windows Active Directory allows an authorized attacker to deny service over a network.
CVE-2025-59208,cpe:2.3:o:microsoft:windows_server_2025:10.0.26100.4946:*:*:*:*:*:x64:*,All Other Vulnerabilities,No confirmed exploitation or public exploit code identified.,7.1,0.00466,0.38382,False,False,unproven,,,,,,False,False,False,None,Out-of-bounds read in Windows MapUrlToZone allows an unauthorized attacker to disclose information over a network.
CVE-2026-40401,cpe:2.3:o:microsoft:windows_server_2025:10.0.26100.4946:*:*:*:*:*:x64:*,All Other Vulnerabilities,No confirmed exploitation or public exploit code identified.,7.1,0.00331,0.25973,False,False,unproven,,,,,,False,False,False,None,Windows TCP/IP Denial of Service Vulnerability
CVE-2025-62570,cpe:2.3:o:microsoft:windows_server_2025:10.0.26100.4946:*:*:*:*:*:x64:*,All Other Vulnerabilities,No confirmed exploitation or public exploit code identified.,7.1,0.00395,0.32672,False,False,unproven,,,,,,False,False,False,None,Improper access control in Windows Camera Frame Server Monitor allows an authorized attacker to disclose information locally.
CVE-2026-50390,cpe:2.3:o:microsoft:windows_server_2025:10.0.26100.4946:*:*:*:*:*:x64:*,All Other Vulnerabilities,No confirmed exploitation or public exploit code identified.,7.0,0.00296,0.22168,False,False,unproven,,,,,,False,False,False,None,Access of resource using incompatible type ('type confusion') in Windows Kernel allows an authorized attacker to elevate privileges locally.
CVE-2026-26182,cpe:2.3:o:microsoft:windows_server_2025:10.0.26100.4946:*:*:*:*:*:x64:*,All Other Vulnerabilities,No confirmed exploitation or public exploit code identified.,7.0,0.00203,0.10633,False,False,unproven,,,,,,False,False,False,None,Use after free in Windows Ancillary Function Driver for WinSock allows an authorized attacker to elevate privileges locally.
CVE-2026-62892,cpe:2.3:o:microsoft:windows_server_2025:10.0.26100.4946:*:*:*:*:*:x64:*,All Other Vulnerabilities,No confirmed exploitation or public exploit code identified.,7.0,0.00199,0.10079,False,False,unproven,,,,,,False,False,False,None,Use after free in Capability Access Management Service (camsvc) allows an authorized attacker to elevate privileges locally.
CVE-2025-55690,cpe:2.3:o:microsoft:windows_server_2025:10.0.26100.4946:*:*:*:*:*:x64:*,All Other Vulnerabilities,No confirmed exploitation or public exploit code identified.,7.0,0.00314,0.24147,False,False,unproven,,,,,,False,False,False,None,Use after free in Windows PrintWorkflowUserSvc allows an authorized attacker to elevate privileges locally.
CVE-2026-57093,cpe:2.3:o:microsoft:windows_server_2025:10.0.26100.4946:*:*:*:*:*:x64:*,All Other Vulnerabilities,No confirmed exploitation or public exploit code identified.,7.0,0.0026,0.17805,False,False,unproven,,,,,,False,False,False,None,Use after free in Windows Ancillary Function Driver for WinSock allows an authorized attacker to elevate privileges locally.
CVE-2026-70307,cpe:2.3:o:microsoft:windows_server_2025:10.0.26100.4946:*:*:*:*:*:x64:*,All Other Vulnerabilities,No confirmed exploitation or public exploit code identified.,7.0,0.00269,0.19055,False,False,unproven,,,,,,False,False,False,None,Use after free in Windows Ancillary Function Driver for WinSock allows an authorized attacker to elevate privileges locally.
CVE-2026-62690,cpe:2.3:o:microsoft:windows_server_2025:10.0.26100.4946:*:*:*:*:*:x64:*,All Other Vulnerabilities,No confirmed exploitation or public exploit code identified.,7.0,0.00189,0.08813,False,False,unproven,,,,,,False,False,False,None,Concurrent execution using shared resource with improper synchronization ('race condition') in Windows Push Notifications allows an authorized attacker to elevate privileges locally.
CVE-2026-50358,cpe:2.3:o:microsoft:windows_server_2025:10.0.26100.4946:*:*:*:*:*:x64:*,All Other Vulnerabilities,No confirmed exploitation or public exploit code identified.,7.0,0.0026,0.17805,False,False,unproven,,,,,,False,False,False,None,Use after free in Windows Media allows an authorized attacker to elevate privileges locally.
CVE-2026-32080,cpe:2.3:o:microsoft:windows_server_2025:10.0.26100.4946:*:*:*:*:*:x64:*,All Other Vulnerabilities,No confirmed exploitation or public exploit code identified.,7.0,0.00214,0.11947,False,False,unproven,,,,,,False,False,False,None,Use after free in Windows WalletService allows an authorized attacker to elevate privileges locally.
CVE-2026-50490,cpe:2.3:o:microsoft:windows_server_2025:10.0.26100.4946:*:*:*:*:*:x64:*,All Other Vulnerabilities,No confirmed exploitation or public exploit code identified.,7.0,0.0026,0.17804,False,False,unproven,,,,,,False,False,False,None,Use after free in Windows Installer allows an authorized attacker to elevate privileges locally.
CVE-2026-42911,cpe:2.3:o:microsoft:windows_server_2025:10.0.26100.4946:*:*:*:*:*:x64:*,All Other Vulnerabilities,No confirmed exploitation or public exploit code identified.,7.0,0.00234,0.1449,False,False,unproven,,,,,,False,False,False,None,Use after free in Windows Ancillary Function Driver for WinSock allows an authorized attacker to elevate privileges locally.
CVE-2026-26166,cpe:2.3:o:microsoft:windows_server_2025:10.0.26100.4946:*:*:*:*:*:x64:*,All Other Vulnerabilities,No confirmed exploitation or public exploit code identified.,7.0,0.00243,0.1571,False,False,unproven,,,,,,False,False,False,None,Double free in Windows Shell allows an authorized attacker to elevate privileges locally.
CVE-2026-50356,cpe:2.3:o:microsoft:windows_server_2025:10.0.26100.4946:*:*:*:*:*:x64:*,All Other Vulnerabilities,No confirmed exploitation or public exploit code identified.,7.0,0.00153,0.0494,False,False,unproven,,,,,,False,False,False,None,Concurrent execution using shared resource with improper synchronization ('race condition') in Microsoft Windows App Store allows an authorized attacker to elevate privileges locally.
CVE-2025-59215,cpe:2.3:o:microsoft:windows_server_2025:10.0.26100.4946:*:*:*:*:*:x64:*,All Other Vulnerabilities,No confirmed exploitation or public exploit code identified.,7.0,0.00298,0.22356,False,False,unproven,,,,,,False,False,False,None,Use after free in Microsoft Graphics Component allows an authorized attacker to elevate privileges locally.
CVE-2025-59261,cpe:2.3:o:microsoft:windows_server_2025:10.0.26100.4946:*:*:*:*:*:x64:*,All Other Vulnerabilities,No confirmed exploitation or public exploit code identified.,7.0,0.00178,0.07608,False,False,unproven,,,,,,False,False,False,None,Time-of-check time-of-use (toctou) race condition in Microsoft Graphics Component allows an authorized attacker to elevate privileges locally.
CVE-2026-20863,cpe:2.3:o:microsoft:windows_server_2025:10.0.26100.4946:*:*:*:*:*:x64:*,All Other Vulnerabilities,No confirmed exploitation or public exploit code identified.,7.0,0.0039,0.32098,False,False,unproven,,,,,,False,False,False,None,Double free in Windows Win32K - ICOMP allows an authorized attacker to elevate privileges locally.
CVE-2026-50393,cpe:2.3:o:microsoft:windows_server_2025:10.0.26100.4946:*:*:*:*:*:x64:*,All Other Vulnerabilities,No confirmed exploitation or public exploit code identified.,7.0,0.002,0.10243,False,False,unproven,,,,,,False,False,False,None,Use after free in Windows Kernel-Mode Drivers allows an authorized attacker to elevate privileges locally.
CVE-2025-59506,cpe:2.3:o:microsoft:windows_server_2025:10.0.26100.4946:*:*:*:*:*:x64:*,All Other Vulnerabilities,No confirmed exploitation or public exploit code identified.,7.0,0.00246,0.16163,False,False,unproven,,,,,,False,False,False,None,Concurrent execution using shared resource with improper synchronization ('race condition') in Windows DirectX allows an authorized attacker to elevate privileges locally.
CVE-2025-59508,cpe:2.3:o:microsoft:windows_server_2025:10.0.26100.4946:*:*:*:*:*:x64:*,All Other Vulnerabilities,No confirmed exploitation or public exploit code identified.,7.0,0.00246,0.16163,False,False,unproven,,,,,,False,False,False,None,Concurrent execution using shared resource with improper synchronization ('race condition') in Windows Speech allows an authorized attacker to elevate privileges locally.
CVE-2026-50669,cpe:2.3:o:microsoft:windows_server_2025:10.0.26100.4946:*:*:*:*:*:x64:*,All Other Vulnerabilities,No confirmed exploitation or public exploit code identified.,7.0,0.00153,0.04937,False,False,unproven,,,,,,False,False,False,None,Concurrent execution using shared resource with improper synchronization ('race condition') in Windows Telephony Service allows an authorized attacker to elevate privileges locally.
CVE-2026-45598,cpe:2.3:o:microsoft:windows_server_2025:10.0.26100.4946:*:*:*:*:*:x64:*,All Other Vulnerabilities,No confirmed exploitation or public exploit code identified.,7.0,0.00179,0.07743,False,False,unproven,,,,,,False,False,False,None,Concurrent execution using shared resource with improper synchronization ('race condition') in Windows Ancillary Function Driver for WinSock allows an authorized attacker to elevate privileges locally.
CVE-2026-34331,cpe:2.3:o:microsoft:windows_server_2025:10.0.26100.4946:*:*:*:*:*:x64:*,All Other Vulnerabilities,No confirmed exploitation or public exploit code identified.,7.0,0.0019,0.09041,False,False,unproven,,,,,,False,False,False,None,Concurrent execution using shared resource with improper synchronization ('race condition') in Windows Win32K - GRFX allows an authorized attacker to elevate privileges locally.
CVE-2026-50396,cpe:2.3:o:microsoft:windows_server_2025:10.0.26100.4946:*:*:*:*:*:x64:*,All Other Vulnerabilities,No confirmed exploitation or public exploit code identified.,7.0,0.002,0.10243,False,False,unproven,,,,,,False,False,False,None,Use after free in Windows Kernel-Mode Drivers allows an authorized attacker to elevate privileges locally.
CVE-2025-58732,cpe:2.3:o:microsoft:windows_server_2025:10.0.26100.4946:*:*:*:*:*:x64:*,All Other Vulnerabilities,No confirmed exploitation or public exploit code identified.,7.0,0.00446,0.37086,False,False,unproven,,,,,,False,False,False,None,Use after free in Inbox COM Objects allows an unauthorized attacker to execute code locally.
CVE-2025-59515,cpe:2.3:o:microsoft:windows_server_2025:10.0.26100.4946:*:*:*:*:*:x64:*,All Other Vulnerabilities,No confirmed exploitation or public exploit code identified.,7.0,0.00327,0.25577,False,False,unproven,,,,,,False,False,False,None,Use after free in Windows Broadcast DVR User Service allows an authorized attacker to elevate privileges locally.
CVE-2026-25178,cpe:2.3:o:microsoft:windows_server_2025:10.0.26100.4946:*:*:*:*:*:x64:*,All Other Vulnerabilities,No confirmed exploitation or public exploit code identified.,7.0,0.00273,0.19673,False,False,unproven,,,,,,False,False,False,None,Use after free in Windows Ancillary Function Driver for WinSock allows an authorized attacker to elevate privileges locally.
CVE-2026-41108,cpe:2.3:o:microsoft:windows_server_2025:10.0.26100.4946:*:*:*:*:*:x64:*,All Other Vulnerabilities,No confirmed exploitation or public exploit code identified.,7.0,0.00274,0.19776,False,False,unproven,,,,,,False,False,False,None,Heap-based buffer overflow in Microsoft Windows DNS allows an authorized attacker to elevate privileges locally.
CVE-2026-40410,cpe:2.3:o:microsoft:windows_server_2025:10.0.26100.4946:*:*:*:*:*:x64:*,All Other Vulnerabilities,No confirmed exploitation or public exploit code identified.,7.0,0.00243,0.1571,False,False,unproven,,,,,,False,False,False,None,Use after free in Windows SMB Client allows an authorized attacker to elevate privileges locally.
CVE-2026-49802,cpe:2.3:o:microsoft:windows_server_2025:10.0.26100.4946:*:*:*:*:*:x64:*,All Other Vulnerabilities,No confirmed exploitation or public exploit code identified.,7.0,0.00153,0.04935,False,False,unproven,,,,,,False,False,False,None,Concurrent execution using shared resource with improper synchronization ('race condition') in Windows USB Print Driver allows an authorized attacker to elevate privileges locally.
CVE-2026-61361,cpe:2.3:o:microsoft:windows_server_2025:10.0.26100.4946:*:*:*:*:*:x64:*,All Other Vulnerabilities,No confirmed exploitation or public exploit code identified.,7.0,0.00246,0.16112,False,False,unproven,,,,,,False,False,False,None,Use after free in Windows DHCP Client allows an authorized attacker to execute code locally.
CVE-2025-50174,cpe:2.3:o:microsoft:windows_server_2025:10.0.26100.4946:*:*:*:*:*:x64:*,All Other Vulnerabilities,No confirmed exploitation or public exploit code identified.,7.0,0.00323,0.2509,False,False,unproven,,,,,,False,False,False,None,Use after free in Windows Device Association Broker service allows an authorized attacker to elevate privileges locally.
CVE-2026-50322,cpe:2.3:o:microsoft:windows_server_2025:10.0.26100.4946:*:*:*:*:*:x64:*,All Other Vulnerabilities,No confirmed exploitation or public exploit code identified.,7.0,0.00188,0.08788,False,False,unproven,,,,,,False,False,False,None,Concurrent execution using shared resource with improper synchronization ('race condition') in Windows Runtime allows an authorized attacker to elevate privileges locally.
CVE-2026-54129,cpe:2.3:o:microsoft:windows_server_2025:10.0.26100.4946:*:*:*:*:*:x64:*,All Other Vulnerabilities,No confirmed exploitation or public exploit code identified.,7.0,0.00213,0.11915,False,False,unproven,,,,,,False,False,False,None,Use after free in Windows Hyper-V allows an authorized attacker to elevate privileges locally.
CVE-2026-45597,cpe:2.3:o:microsoft:windows_server_2025:10.0.26100.4946:*:*:*:*:*:x64:*,All Other Vulnerabilities,No confirmed exploitation or public exploit code identified.,7.0,0.00186,0.08549,False,False,unproven,,,,,,False,False,False,None,Concurrent execution using shared resource with improper synchronization ('race condition') in UI Automation Manager (uiamanager.dll) allows an authorized attacker to elevate privileges locally.
CVE-2026-34335,cpe:2.3:o:microsoft:windows_server_2025:10.0.26100.4946:*:*:*:*:*:x64:*,All Other Vulnerabilities,No confirmed exploitation or public exploit code identified.,7.0,0.00234,0.1449,False,False,unproven,,,,,,False,False,False,None,Use after free in Windows Ancillary Function Driver for WinSock allows an authorized attacker to elevate privileges locally.
CVE-2026-48572,cpe:2.3:o:microsoft:windows_server_2025:10.0.26100.4946:*:*:*:*:*:x64:*,All Other Vulnerabilities,No confirmed exploitation or public exploit code identified.,7.0,0.00164,0.06067,False,False,unproven,,,,,,False,False,False,None,Concurrent execution using shared resource with improper synchronization ('race condition') in Windows App Installer allows an authorized attacker to elevate privileges locally.
CVE-2026-50323,cpe:2.3:o:microsoft:windows_server_2025:10.0.26100.4946:*:*:*:*:*:x64:*,All Other Vulnerabilities,No confirmed exploitation or public exploit code identified.,7.0,0.00214,0.11946,False,False,unproven,,,,,,False,False,False,None,Use after free in Windows Runtime allows an authorized attacker to elevate privileges locally.
CVE-2025-55691,cpe:2.3:o:microsoft:windows_server_2025:10.0.26100.4946:*:*:*:*:*:x64:*,All Other Vulnerabilities,No confirmed exploitation or public exploit code identified.,7.0,0.00294,0.21942,False,False,unproven,,,,,,False,False,False,None,Use after free in Windows PrintWorkflowUserSvc allows an authorized attacker to elevate privileges locally.
CVE-2026-50452,cpe:2.3:o:microsoft:windows_server_2025:10.0.26100.4946:*:*:*:*:*:x64:*,All Other Vulnerabilities,No confirmed exploitation or public exploit code identified.,7.0,0.00259,0.17665,False,False,unproven,,,,,,False,False,False,None,Concurrent execution using shared resource with improper synchronization ('race condition') in Windows Runtime allows an unauthorized attacker to elevate privileges over a network.
CVE-2026-45601,cpe:2.3:o:microsoft:windows_server_2025:10.0.26100.4946:*:*:*:*:*:x64:*,All Other Vulnerabilities,No confirmed exploitation or public exploit code identified.,7.0,0.00179,0.07744,False,False,unproven,,,,,,False,False,False,None,Concurrent execution using shared resource with improper synchronization ('race condition') in Windows Ancillary Function Driver for WinSock allows an authorized attacker to elevate privileges locally.
CVE-2026-20836,cpe:2.3:o:microsoft:windows_server_2025:10.0.26100.4946:*:*:*:*:*:x64:*,All Other Vulnerabilities,No confirmed exploitation or public exploit code identified.,7.0,0.00299,0.22422,False,False,unproven,,,,,,False,False,False,None,Concurrent execution using shared resource with improper synchronization ('race condition') in Graphics Kernel allows an authorized attacker to elevate privileges locally.
CVE-2026-32086,cpe:2.3:o:microsoft:windows_server_2025:10.0.26100.4946:*:*:*:*:*:x64:*,All Other Vulnerabilities,No confirmed exploitation or public exploit code identified.,7.0,0.00158,0.05418,False,False,unproven,,,,,,False,False,False,None,Concurrent execution using shared resource with improper synchronization ('race condition') in Function Discovery Service (fdwsd.dll) allows an authorized attacker to elevate privileges locally.
CVE-2026-32082,cpe:2.3:o:microsoft:windows_server_2025:10.0.26100.4946:*:*:*:*:*:x64:*,All Other Vulnerabilities,No confirmed exploitation or public exploit code identified.,7.0,0.002,0.10182,False,False,unproven,,,,,,False,False,False,None,Concurrent execution using shared resource with improper synchronization ('race condition') in Windows SSDP Service allows an authorized attacker to elevate privileges locally.
CVE-2026-45603,cpe:2.3:o:microsoft:windows_server_2025:10.0.26100.4946:*:*:*:*:*:x64:*,All Other Vulnerabilities,No confirmed exploitation or public exploit code identified.,7.0,0.00179,0.07743,False,False,unproven,,,,,,False,False,False,None,Concurrent execution using shared resource with improper synchronization ('race condition') in Windows Ancillary Function Driver for WinSock allows an authorized attacker to elevate privileges locally.
CVE-2026-45640,cpe:2.3:o:microsoft:windows_server_2025:10.0.26100.4946:*:*:*:*:*:x64:*,All Other Vulnerabilities,No confirmed exploitation or public exploit code identified.,7.0,0.00234,0.1449,False,False,unproven,,,,,,False,False,False,None,Use after free in Windows Bluetooth Port Driver allows an authorized attacker to elevate privileges locally.
CVE-2025-55684,cpe:2.3:o:microsoft:windows_server_2025:10.0.26100.4946:*:*:*:*:*:x64:*,All Other Vulnerabilities,No confirmed exploitation or public exploit code identified.,7.0,0.00294,0.21942,False,False,unproven,,,,,,False,False,False,None,Use after free in Windows PrintWorkflowUserSvc allows an authorized attacker to elevate privileges locally.
CVE-2026-24295,cpe:2.3:o:microsoft:windows_server_2025:10.0.26100.4946:*:*:*:*:*:x64:*,All Other Vulnerabilities,No confirmed exploitation or public exploit code identified.,7.0,0.00205,0.10824,False,False,unproven,,,,,,False,False,False,None,Concurrent execution using shared resource with improper synchronization ('race condition') in Windows Device Association Service allows an authorized attacker to elevate privileges locally.
CVE-2026-62766,cpe:2.3:o:microsoft:windows_server_2025:10.0.26100.4946:*:*:*:*:*:x64:*,All Other Vulnerabilities,No confirmed exploitation or public exploit code identified.,7.0,0.01522,0.72462,False,False,unproven,,,,,,False,False,False,None,Double free in Windows Kerberos allows an authorized attacker to elevate privileges locally.
CVE-2026-42836,cpe:2.3:o:microsoft:windows_server_2025:10.0.26100.4946:*:*:*:*:*:x64:*,All Other Vulnerabilities,No confirmed exploitation or public exploit code identified.,7.0,0.00198,0.0989,False,False,unproven,,,,,,False,False,False,None,Concurrent execution using shared resource with improper synchronization ('race condition') in Function Discovery Service (fdwsd.dll) allows an authorized attacker to elevate privileges locally.
CVE-2026-27908,cpe:2.3:o:microsoft:windows_server_2025:10.0.26100.4946:*:*:*:*:*:x64:*,All Other Vulnerabilities,No confirmed exploitation or public exploit code identified.,7.0,0.01552,0.72986,False,False,unproven,,,,,,False,False,False,None,Use after free in Windows TDI Translation Driver (tdx.sys) allows an authorized attacker to elevate privileges locally.
CVE-2025-54108,cpe:2.3:o:microsoft:windows_server_2025:10.0.26100.4946:*:*:*:*:*:x64:*,All Other Vulnerabilities,No confirmed exploitation or public exploit code identified.,7.0,0.00282,0.20694,False,False,unproven,,,,,,False,False,False,None,Concurrent execution using shared resource with improper synchronization ('race condition') in Capability Access Management Service (camsvc) allows an authorized attacker to elevate privileges locally.
CVE-2026-26173,cpe:2.3:o:microsoft:windows_server_2025:10.0.26100.4946:*:*:*:*:*:x64:*,All Other Vulnerabilities,No confirmed exploitation or public exploit code identified.,7.0,0.00162,0.05904,False,False,unproven,,,,,,False,False,False,None,Concurrent execution using shared resource with improper synchronization ('race condition') in Windows Ancillary Function Driver for WinSock allows an authorized attacker to elevate privileges locally.
CVE-2025-59193,cpe:2.3:o:microsoft:windows_server_2025:10.0.26100.4946:*:*:*:*:*:x64:*,All Other Vulnerabilities,No confirmed exploitation or public exploit code identified.,7.0,0.00178,0.07627,False,False,unproven,,,,,,False,False,False,None,Concurrent execution using shared resource with improper synchronization ('race condition') in Windows Management Services allows an authorized attacker to elevate privileges locally.
CVE-2025-54115,cpe:2.3:o:microsoft:windows_server_2025:10.0.26100.4946:*:*:*:*:*:x64:*,All Other Vulnerabilities,No confirmed exploitation or public exploit code identified.,7.0,0.00414,0.34496,False,False,unproven,,,,,,False,False,False,None,Concurrent execution using shared resource with improper synchronization ('race condition') in Windows Hyper-V allows an authorized attacker to elevate privileges locally.
CVE-2026-20808,cpe:2.3:o:microsoft:windows_server_2025:10.0.26100.4946:*:*:*:*:*:x64:*,All Other Vulnerabilities,No confirmed exploitation or public exploit code identified.,7.0,0.00309,0.23466,False,False,unproven,,,,,,False,False,False,None,Concurrent execution using shared resource with improper synchronization ('race condition') in Printer Association Object allows an authorized attacker to elevate privileges locally.
CVE-2025-59220,cpe:2.3:o:microsoft:windows_server_2025:10.0.26100.4946:*:*:*:*:*:x64:*,All Other Vulnerabilities,No confirmed exploitation or public exploit code identified.,7.0,0.00232,0.14272,False,False,unproven,,,,,,False,False,False,None,Concurrent execution using shared resource with improper synchronization ('race condition') in Windows Bluetooth Service allows an authorized attacker to elevate privileges locally.
CVE-2025-62217,cpe:2.3:o:microsoft:windows_server_2025:10.0.26100.4946:*:*:*:*:*:x64:*,All Other Vulnerabilities,No confirmed exploitation or public exploit code identified.,7.0,0.0025,0.16631,False,False,unproven,,,,,,False,False,False,None,Concurrent execution using shared resource with improper synchronization ('race condition') in Windows Ancillary Function Driver for WinSock allows an authorized attacker to elevate privileges locally.
CVE-2026-48571,cpe:2.3:o:microsoft:windows_server_2025:10.0.26100.4946:*:*:*:*:*:x64:*,All Other Vulnerabilities,No confirmed exploitation or public exploit code identified.,7.0,0.00214,0.11947,False,False,unproven,,,,,,False,False,False,None,Use after free in Windows App Installer allows an authorized attacker to elevate privileges locally.
CVE-2026-34342,cpe:2.3:o:microsoft:windows_server_2025:10.0.26100.4946:*:*:*:*:*:x64:*,All Other Vulnerabilities,No confirmed exploitation or public exploit code identified.,7.0,0.0029,0.2143,False,False,unproven,,,,,,False,False,False,None,Concurrent execution using shared resource with improper synchronization ('race condition') in Windows Print Spooler Components allows an authorized attacker to elevate privileges locally.
CVE-2026-21234,cpe:2.3:o:microsoft:windows_server_2025:10.0.26100.4946:*:*:*:*:*:x64:*,All Other Vulnerabilities,No confirmed exploitation or public exploit code identified.,7.0,0.00261,0.17949,False,False,unproven,,,,,,False,False,False,None,Concurrent execution using shared resource with improper synchronization ('race condition') in Windows Connected Devices Platform Service allows an authorized attacker to elevate privileges locally.
CVE-2026-58526,cpe:2.3:o:microsoft:windows_server_2025:10.0.26100.4946:*:*:*:*:*:x64:*,All Other Vulnerabilities,No confirmed exploitation or public exploit code identified.,7.0,0.00148,0.04517,False,False,unproven,,,,,,False,False,False,None,Use after free in Windows Storage allows an authorized attacker to elevate privileges locally.
CVE-2026-59122,cpe:2.3:o:microsoft:windows_server_2025:10.0.26100.4946:*:*:*:*:*:x64:*,All Other Vulnerabilities,No confirmed exploitation or public exploit code identified.,7.0,0.00189,0.08813,False,False,unproven,,,,,,False,False,False,None,Concurrent execution using shared resource with improper synchronization ('race condition') in Windows Telephony Service allows an authorized attacker to elevate privileges locally.
CVE-2025-54099,cpe:2.3:o:microsoft:windows_server_2025:10.0.26100.4946:*:*:*:*:*:x64:*,All Other Vulnerabilities,No confirmed exploitation or public exploit code identified.,7.0,0.00375,0.30658,False,False,unproven,,,,,,False,False,False,None,Stack-based buffer overflow in Windows Ancillary Function Driver for WinSock allows an authorized attacker to elevate privileges locally.
CVE-2026-32070,cpe:2.3:o:microsoft:windows_server_2025:10.0.26100.4946:*:*:*:*:*:x64:*,All Other Vulnerabilities,No confirmed exploitation or public exploit code identified.,7.0,0.0032,0.24724,False,False,unproven,,,,,,False,False,False,None,Use after free in Windows Common Log File System Driver allows an authorized attacker to elevate privileges locally.
CVE-2026-65788,cpe:2.3:o:microsoft:windows_server_2025:10.0.26100.4946:*:*:*:*:*:x64:*,All Other Vulnerabilities,No confirmed exploitation or public exploit code identified.,7.0,0.01548,0.72916,False,False,unproven,,,,,,False,False,False,None,Use after free in Desktop Window Manager allows an authorized attacker to elevate privileges locally.
CVE-2025-59507,cpe:2.3:o:microsoft:windows_server_2025:10.0.26100.4946:*:*:*:*:*:x64:*,All Other Vulnerabilities,No confirmed exploitation or public exploit code identified.,7.0,0.00246,0.16163,False,False,unproven,,,,,,False,False,False,None,Concurrent execution using shared resource with improper synchronization ('race condition') in Windows Speech allows an authorized attacker to elevate privileges locally.
CVE-2026-25179,cpe:2.3:o:microsoft:windows_server_2025:10.0.26100.4946:*:*:*:*:*:x64:*,All Other Vulnerabilities,No confirmed exploitation or public exploit code identified.,7.0,0.0033,0.25845,False,False,unproven,,,,,,False,False,False,None,Improper validation of specified type of input in Windows Ancillary Function Driver for WinSock allows an authorized attacker to elevate privileges locally.
CVE-2026-62788,cpe:2.3:o:microsoft:windows_server_2025:10.0.26100.4946:*:*:*:*:*:x64:*,All Other Vulnerabilities,No confirmed exploitation or public exploit code identified.,7.0,0.00278,0.20263,False,False,unproven,,,,,,False,False,False,None,Use after free in Windows Kernel allows an authorized attacker to elevate privileges locally.
CVE-2026-56173,cpe:2.3:o:microsoft:windows_server_2025:10.0.26100.4946:*:*:*:*:*:x64:*,All Other Vulnerabilities,No confirmed exploitation or public exploit code identified.,7.0,0.00246,0.16071,False,False,unproven,,,,,,False,False,False,None,Use after free in Windows WebView allows an authorized attacker to elevate privileges locally.
CVE-2025-59202,cpe:2.3:o:microsoft:windows_server_2025:10.0.26100.4946:*:*:*:*:*:x64:*,All Other Vulnerabilities,No confirmed exploitation or public exploit code identified.,7.0,0.00323,0.25091,False,False,unproven,,,,,,False,False,False,None,Use after free in Windows Remote Desktop Services allows an authorized attacker to elevate privileges locally.
CVE-2025-54114,cpe:2.3:o:microsoft:windows_server_2025:10.0.26100.4946:*:*:*:*:*:x64:*,All Other Vulnerabilities,No confirmed exploitation or public exploit code identified.,7.0,0.00282,0.20693,False,False,unproven,,,,,,False,False,False,None,Concurrent execution using shared resource with improper synchronization ('race condition') in Windows Connected Devices Platform Service allows an authorized attacker to elevate privileges locally.
CVE-2026-50325,cpe:2.3:o:microsoft:windows_server_2025:10.0.26100.4946:*:*:*:*:*:x64:*,All Other Vulnerabilities,No confirmed exploitation or public exploit code identified.,7.0,0.00213,0.11929,False,False,unproven,,,,,,False,False,False,None,Improper access control in Windows Win32K allows an authorized attacker to elevate privileges locally.
CVE-2026-45653,cpe:2.3:o:microsoft:windows_server_2025:10.0.26100.4946:*:*:*:*:*:x64:*,All Other Vulnerabilities,No confirmed exploitation or public exploit code identified.,7.0,0.00251,0.16707,False,False,unproven,,,,,,False,False,False,None,Heap-based buffer overflow in Windows Kernel allows an authorized attacker to elevate privileges locally.
CVE-2025-55688,cpe:2.3:o:microsoft:windows_server_2025:10.0.26100.4946:*:*:*:*:*:x64:*,All Other Vulnerabilities,No confirmed exploitation or public exploit code identified.,7.0,0.00294,0.21942,False,False,unproven,,,,,,False,False,False,None,Use after free in Windows PrintWorkflowUserSvc allows an authorized attacker to elevate privileges locally.
CVE-2026-58619,cpe:2.3:o:microsoft:windows_server_2025:10.0.26100.4946:*:*:*:*:*:x64:*,All Other Vulnerabilities,No confirmed exploitation or public exploit code identified.,7.0,0.00229,0.13907,False,False,unproven,,,,,,False,False,False,None,Use after free in Windows Sensor Data Service allows an authorized attacker to elevate privileges locally.
CVE-2026-27929,cpe:2.3:o:microsoft:windows_server_2025:10.0.26100.4946:*:*:*:*:*:x64:*,All Other Vulnerabilities,No confirmed exploitation or public exploit code identified.,7.0,0.00186,0.08549,False,False,unproven,,,,,,False,False,False,None,Time-of-check time-of-use (toctou) race condition in Windows LUAFV allows an authorized attacker to elevate privileges locally.
CVE-2026-54111,cpe:2.3:o:microsoft:windows_server_2025:10.0.26100.4946:*:*:*:*:*:x64:*,All Other Vulnerabilities,No confirmed exploitation or public exploit code identified.,7.0,0.00153,0.04938,False,False,unproven,,,,,,False,False,False,None,Concurrent execution using shared resource with improper synchronization ('race condition') in Windows USB Print Driver allows an authorized attacker to elevate privileges locally.
CVE-2026-32083,cpe:2.3:o:microsoft:windows_server_2025:10.0.26100.4946:*:*:*:*:*:x64:*,All Other Vulnerabilities,No confirmed exploitation or public exploit code identified.,7.0,0.002,0.10182,False,False,unproven,,,,,,False,False,False,None,Concurrent execution using shared resource with improper synchronization ('race condition') in Windows SSDP Service allows an authorized attacker to elevate privileges locally.
CVE-2026-32219,cpe:2.3:o:microsoft:windows_server_2025:10.0.26100.4946:*:*:*:*:*:x64:*,All Other Vulnerabilities,No confirmed exploitation or public exploit code identified.,7.0,0.00179,0.07744,False,False,unproven,,,,,,False,False,False,None,Double free in Microsoft Brokering File System allows an authorized attacker to elevate privileges locally.
CVE-2026-61348,cpe:2.3:o:microsoft:windows_server_2025:10.0.26100.4946:*:*:*:*:*:x64:*,All Other Vulnerabilities,No confirmed exploitation or public exploit code identified.,7.0,0.0159,0.73561,False,False,unproven,,,,,,False,False,False,None,Use after free in Windows Ancillary Function Driver for WinSock allows an authorized attacker to elevate privileges locally.
CVE-2026-25170,cpe:2.3:o:microsoft:windows_server_2025:10.0.26100.4946:*:*:*:*:*:x64:*,All Other Vulnerabilities,No confirmed exploitation or public exploit code identified.,7.0,0.00273,0.19673,False,False,unproven,,,,,,False,False,False,None,Use after free in Windows Hyper-V allows an authorized attacker to elevate privileges locally.
CVE-2026-49183,cpe:2.3:o:microsoft:windows_server_2025:10.0.26100.4946:*:*:*:*:*:x64:*,All Other Vulnerabilities,No confirmed exploitation or public exploit code identified.,7.0,0.00153,0.04935,False,False,unproven,,,,,,False,False,False,None,Concurrent execution using shared resource with improper synchronization ('race condition') in Windows Clipboard Server allows an authorized attacker to elevate privileges locally.
CVE-2026-25171,cpe:2.3:o:microsoft:windows_server_2025:10.0.26100.4946:*:*:*:*:*:x64:*,All Other Vulnerabilities,No confirmed exploitation or public exploit code identified.,7.0,0.00273,0.19673,False,False,unproven,,,,,,False,False,False,None,Use after free in Windows Authentication Methods allows an authorized attacker to elevate privileges locally.
CVE-2026-32150,cpe:2.3:o:microsoft:windows_server_2025:10.0.26100.4946:*:*:*:*:*:x64:*,All Other Vulnerabilities,No confirmed exploitation or public exploit code identified.,7.0,0.00158,0.05418,False,False,unproven,,,,,,False,False,False,None,Concurrent execution using shared resource with improper synchronization ('race condition') in Function Discovery Service (fdwsd.dll) allows an authorized attacker to elevate privileges locally.
CVE-2025-58730,cpe:2.3:o:microsoft:windows_server_2025:10.0.26100.4946:*:*:*:*:*:x64:*,All Other Vulnerabilities,No confirmed exploitation or public exploit code identified.,7.0,0.00327,0.25478,False,False,unproven,,,,,,False,False,False,None,Use after free in Inbox COM Objects allows an unauthorized attacker to execute code locally.
CVE-2026-21253,cpe:2.3:o:microsoft:windows_server_2025:10.0.26100.4946:*:*:*:*:*:x64:*,All Other Vulnerabilities,No confirmed exploitation or public exploit code identified.,7.0,0.00767,0.52511,False,False,unproven,,,,,,False,False,False,None,Use after free in Mailslot File System allows an authorized attacker to elevate privileges locally.
CVE-2026-65678,cpe:2.3:o:microsoft:windows_server_2025:10.0.26100.4946:*:*:*:*:*:x64:*,All Other Vulnerabilities,No confirmed exploitation or public exploit code identified.,7.0,0.00214,0.11976,False,False,unproven,,,,,,False,False,False,None,Use after free in Windows Win32K allows an authorized attacker to elevate privileges locally.
CVE-2025-59196,cpe:2.3:o:microsoft:windows_server_2025:10.0.26100.4946:*:*:*:*:*:x64:*,All Other Vulnerabilities,No confirmed exploitation or public exploit code identified.,7.0,0.00243,0.15732,False,False,unproven,,,,,,False,False,False,None,Concurrent execution using shared resource with improper synchronization ('race condition') in Windows SSDP Service allows an authorized attacker to elevate privileges locally.
CVE-2026-27926,cpe:2.3:o:microsoft:windows_server_2025:10.0.26100.4946:*:*:*:*:*:x64:*,All Other Vulnerabilities,No confirmed exploitation or public exploit code identified.,7.0,0.0018,0.07809,False,False,unproven,,,,,,False,False,False,None,Concurrent execution using shared resource with improper synchronization ('race condition') in Windows Cloud Files Mini Filter Driver allows an authorized attacker to elevate privileges locally.
CVE-2026-50472,cpe:2.3:o:microsoft:windows_server_2025:10.0.26100.4946:*:*:*:*:*:x64:*,All Other Vulnerabilities,No confirmed exploitation or public exploit code identified.,7.0,0.00246,0.16111,False,False,unproven,,,,,,False,False,False,None,Heap-based buffer overflow in Windows LUAFV allows an authorized attacker to elevate privileges locally.
CVE-2025-58734,cpe:2.3:o:microsoft:windows_server_2025:10.0.26100.4946:*:*:*:*:*:x64:*,All Other Vulnerabilities,No confirmed exploitation or public exploit code identified.,7.0,0.00327,0.25478,False,False,unproven,,,,,,False,False,False,None,Use after free in Inbox COM Objects allows an unauthorized attacker to execute code locally.
CVE-2026-49805,cpe:2.3:o:microsoft:windows_server_2025:10.0.26100.4946:*:*:*:*:*:x64:*,All Other Vulnerabilities,No confirmed exploitation or public exploit code identified.,7.0,0.03303,0.87482,False,False,unproven,,,,,,False,False,False,None,Improper access control in Windows Win32K allows an authorized attacker to elevate privileges locally.
CVE-2026-54996,cpe:2.3:o:microsoft:windows_server_2025:10.0.26100.4946:*:*:*:*:*:x64:*,All Other Vulnerabilities,No confirmed exploitation or public exploit code identified.,7.0,0.00153,0.04937,False,False,unproven,,,,,,False,False,False,None,Concurrent execution using shared resource with improper synchronization ('race condition') in Windows USB Print Driver allows an authorized attacker to elevate privileges locally.
CVE-2026-24285,cpe:2.3:o:microsoft:windows_server_2025:10.0.26100.4946:*:*:*:*:*:x64:*,All Other Vulnerabilities,No confirmed exploitation or public exploit code identified.,7.0,0.00462,0.3816,False,False,unproven,,,,,,False,False,False,None,Use after free in Windows Win32K allows an authorized attacker to elevate privileges locally.
CVE-2026-20869,cpe:2.3:o:microsoft:windows_server_2025:10.0.26100.4946:*:*:*:*:*:x64:*,All Other Vulnerabilities,No confirmed exploitation or public exploit code identified.,7.0,0.00299,0.22422,False,False,unproven,,,,,,False,False,False,None,Concurrent execution using shared resource with improper synchronization ('race condition') in Windows Local Session Manager (LSM) allows an authorized attacker to elevate privileges locally.
CVE-2026-62753,cpe:2.3:o:microsoft:windows_server_2025:10.0.26100.4946:*:*:*:*:*:x64:*,All Other Vulnerabilities,No confirmed exploitation or public exploit code identified.,7.0,0.00199,0.1008,False,False,unproven,,,,,,False,False,False,None,Heap-based buffer overflow in Windows HTTP.sys allows an authorized attacker to elevate privileges locally.
CVE-2025-54093,cpe:2.3:o:microsoft:windows_server_2025:10.0.26100.4946:*:*:*:*:*:x64:*,All Other Vulnerabilities,No confirmed exploitation or public exploit code identified.,7.0,0.00374,0.30522,False,False,unproven,,,,,,False,False,False,None,Time-of-check time-of-use (toctou) race condition in Windows TCP/IP allows an authorized attacker to elevate privileges locally.
CVE-2026-50348,cpe:2.3:o:microsoft:windows_server_2025:10.0.26100.4946:*:*:*:*:*:x64:*,All Other Vulnerabilities,No confirmed exploitation or public exploit code identified.,7.0,0.00336,0.26481,False,False,unproven,,,,,,False,False,False,None,Concurrent execution using shared resource with improper synchronization ('race condition') in Windows Runtime allows an unauthorized attacker to elevate privileges over a network.
CVE-2026-32093,cpe:2.3:o:microsoft:windows_server_2025:10.0.26100.4946:*:*:*:*:*:x64:*,All Other Vulnerabilities,No confirmed exploitation or public exploit code identified.,7.0,0.01116,0.63315,False,False,unproven,,,,,,False,False,False,None,Concurrent execution using shared resource with improper synchronization ('race condition') in Function Discovery Service (fdwsd.dll) allows an authorized attacker to elevate privileges locally.
CVE-2026-32068,cpe:2.3:o:microsoft:windows_server_2025:10.0.26100.4946:*:*:*:*:*:x64:*,All Other Vulnerabilities,No confirmed exploitation or public exploit code identified.,7.0,0.00164,0.06067,False,False,unproven,,,,,,False,False,False,None,Concurrent execution using shared resource with improper synchronization ('race condition') in Windows SSDP Service allows an authorized attacker to elevate privileges locally.
CVE-2026-58637,cpe:2.3:o:microsoft:windows_server_2025:10.0.26100.4946:*:*:*:*:*:x64:*,All Other Vulnerabilities,No confirmed exploitation or public exploit code identified.,7.0,0.00229,0.13906,False,False,unproven,,,,,,False,False,False,None,Use after free in Windows Client-Side Caching (CSC) Service allows an authorized attacker to elevate privileges locally.
CVE-2025-55685,cpe:2.3:o:microsoft:windows_server_2025:10.0.26100.4946:*:*:*:*:*:x64:*,All Other Vulnerabilities,No confirmed exploitation or public exploit code identified.,7.0,0.00323,0.25091,False,False,unproven,,,,,,False,False,False,None,Use after free in Windows PrintWorkflowUserSvc allows an authorized attacker to elevate privileges locally.
CVE-2026-50410,cpe:2.3:o:microsoft:windows_server_2025:10.0.26100.4946:*:*:*:*:*:x64:*,All Other Vulnerabilities,No confirmed exploitation or public exploit code identified.,7.0,0.00199,0.10053,False,False,unproven,,,,,,False,False,False,None,Use after free in Windows Runtime allows an authorized attacker to elevate privileges locally.
CVE-2025-62573,cpe:2.3:o:microsoft:windows_server_2025:10.0.26100.4946:*:*:*:*:*:x64:*,All Other Vulnerabilities,No confirmed exploitation or public exploit code identified.,7.0,0.00241,0.15453,False,False,unproven,,,,,,False,False,False,None,Use after free in Windows DirectX allows an authorized attacker to elevate privileges locally.
CVE-2026-34347,cpe:2.3:o:microsoft:windows_server_2025:10.0.26100.4946:*:*:*:*:*:x64:*,All Other Vulnerabilities,No confirmed exploitation or public exploit code identified.,7.0,0.00261,0.17934,False,False,unproven,,,,,,False,False,False,None,Use after free in Windows Win32K - GRFX allows an authorized attacker to elevate privileges locally.
CVE-2026-50371,cpe:2.3:o:microsoft:windows_server_2025:10.0.26100.4946:*:*:*:*:*:x64:*,All Other Vulnerabilities,No confirmed exploitation or public exploit code identified.,7.0,0.00188,0.08787,False,False,unproven,,,,,,False,False,False,None,Concurrent execution using shared resource with improper synchronization ('race condition') in Windows LUAFV allows an authorized attacker to elevate privileges locally.
CVE-2025-55331,cpe:2.3:o:microsoft:windows_server_2025:10.0.26100.4946:*:*:*:*:*:x64:*,All Other Vulnerabilities,No confirmed exploitation or public exploit code identified.,7.0,0.00323,0.2509,False,False,unproven,,,,,,False,False,False,None,Use after free in Windows PrintWorkflowUserSvc allows an authorized attacker to elevate privileges locally.
CVE-2026-61939,cpe:2.3:o:microsoft:windows_server_2025:10.0.26100.4946:*:*:*:*:*:x64:*,All Other Vulnerabilities,No confirmed exploitation or public exploit code identified.,7.0,0.00246,0.1607,False,False,unproven,,,,,,False,False,False,None,Use after free in Winlogon allows an authorized attacker to elevate privileges locally.
CVE-2026-50449,cpe:2.3:o:microsoft:windows_server_2025:10.0.26100.4946:*:*:*:*:*:x64:*,All Other Vulnerabilities,No confirmed exploitation or public exploit code identified.,7.0,0.00199,0.10054,False,False,unproven,,,,,,False,False,False,None,Use after free in Windows Runtime allows an authorized attacker to elevate privileges locally.
CVE-2026-50384,cpe:2.3:o:microsoft:windows_server_2025:10.0.26100.4946:*:*:*:*:*:x64:*,All Other Vulnerabilities,No confirmed exploitation or public exploit code identified.,7.0,0.00153,0.04939,False,False,unproven,,,,,,False,False,False,None,Concurrent execution using shared resource with improper synchronization ('race condition') in Windows Clip Service allows an authorized attacker to elevate privileges locally.
CVE-2025-54105,cpe:2.3:o:microsoft:windows_server_2025:10.0.26100.4946:*:*:*:*:*:x64:*,All Other Vulnerabilities,No confirmed exploitation or public exploit code identified.,7.0,0.00282,0.20694,False,False,unproven,,,,,,False,False,False,None,Concurrent execution using shared resource with improper synchronization ('race condition') in Microsoft Brokering File System allows an authorized attacker to elevate privileges locally.
CVE-2026-27921,cpe:2.3:o:microsoft:windows_server_2025:10.0.26100.4946:*:*:*:*:*:x64:*,All Other Vulnerabilities,No confirmed exploitation or public exploit code identified.,7.0,0.01191,0.65309,False,False,unproven,,,,,,False,False,False,None,Concurrent execution using shared resource with improper synchronization ('race condition') in Windows TCP/IP allows an authorized attacker to elevate privileges locally.
CVE-2026-47648,cpe:2.3:o:microsoft:windows_server_2025:10.0.26100.4946:*:*:*:*:*:x64:*,All Other Vulnerabilities,No confirmed exploitation or public exploit code identified.,7.0,0.00218,0.12571,False,False,unproven,,,,,,False,False,False,None,Untrusted search path in Windows Storage allows an authorized attacker to elevate privileges locally.
CVE-2026-50491,cpe:2.3:o:microsoft:windows_server_2025:10.0.26100.4946:*:*:*:*:*:x64:*,All Other Vulnerabilities,No confirmed exploitation or public exploit code identified.,7.0,0.0026,0.17804,False,False,unproven,,,,,,False,False,False,None,Out-of-bounds read in Code Integrity DLL (ci.dll) allows an authorized attacker to elevate privileges locally.
CVE-2026-62749,cpe:2.3:o:microsoft:windows_server_2025:10.0.26100.4946:*:*:*:*:*:x64:*,All Other Vulnerabilities,No confirmed exploitation or public exploit code identified.,7.0,0.00199,0.1008,False,False,unproven,,,,,,False,False,False,None,Use after free in Windows Kernel allows an authorized attacker to elevate privileges locally.
CVE-2026-33839,cpe:2.3:o:microsoft:windows_server_2025:10.0.26100.4946:*:*:*:*:*:x64:*,All Other Vulnerabilities,No confirmed exploitation or public exploit code identified.,7.0,0.0019,0.09042,False,False,unproven,,,,,,False,False,False,None,Concurrent execution using shared resource with improper synchronization ('race condition') in Windows Win32K - GRFX allows an authorized attacker to elevate privileges locally.
CVE-2025-53807,cpe:2.3:o:microsoft:windows_server_2025:10.0.26100.4946:*:*:*:*:*:x64:*,All Other Vulnerabilities,No confirmed exploitation or public exploit code identified.,7.0,0.00282,0.20694,False,False,unproven,,,,,,False,False,False,None,Concurrent execution using shared resource with improper synchronization ('race condition') in Microsoft Graphics Component allows an authorized attacker to elevate privileges locally.
CVE-2026-32075,cpe:2.3:o:microsoft:windows_server_2025:10.0.26100.4946:*:*:*:*:*:x64:*,All Other Vulnerabilities,No confirmed exploitation or public exploit code identified.,7.0,0.00268,0.18941,False,False,unproven,,,,,,False,False,False,None,Use after free in Windows Universal Plug and Play (UPnP) Device Host allows an authorized attacker to elevate privileges locally.
CVE-2026-42825,cpe:2.3:o:microsoft:windows_server_2025:10.0.26100.4946:*:*:*:*:*:x64:*,All Other Vulnerabilities,No confirmed exploitation or public exploit code identified.,7.0,0.00226,0.13574,False,False,unproven,,,,,,False,False,False,None,Use after free in Windows Telephony Service allows an authorized attacker to elevate privileges locally.
CVE-2026-45596,cpe:2.3:o:microsoft:windows_server_2025:10.0.26100.4946:*:*:*:*:*:x64:*,All Other Vulnerabilities,No confirmed exploitation or public exploit code identified.,7.0,0.00179,0.07743,False,False,unproven,,,,,,False,False,False,None,Use after free in Windows Ancillary Function Driver for WinSock allows an authorized attacker to elevate privileges locally.
CVE-2026-61346,cpe:2.3:o:microsoft:windows_server_2025:10.0.26100.4946:*:*:*:*:*:x64:*,All Other Vulnerabilities,No confirmed exploitation or public exploit code identified.,7.0,0.00246,0.16111,False,False,unproven,,,,,,False,False,False,None,Use after free in Windows Graphics Kernel allows an authorized attacker to elevate privileges locally.
CVE-2026-26165,cpe:2.3:o:microsoft:windows_server_2025:10.0.26100.4946:*:*:*:*:*:x64:*,All Other Vulnerabilities,No confirmed exploitation or public exploit code identified.,7.0,0.00252,0.16859,False,False,unproven,,,,,,False,False,False,None,Use after free in Windows Shell allows an authorized attacker to elevate privileges locally.
CVE-2026-21237,cpe:2.3:o:microsoft:windows_server_2025:10.0.26100.4946:*:*:*:*:*:x64:*,All Other Vulnerabilities,No confirmed exploitation or public exploit code identified.,7.0,0.00261,0.17949,False,False,unproven,,,,,,False,False,False,None,Concurrent execution using shared resource with improper synchronization ('race condition') in Windows Subsystem for Linux allows an authorized attacker to elevate privileges locally.
CVE-2026-50297,cpe:2.3:o:microsoft:windows_server_2025:10.0.26100.4946:*:*:*:*:*:x64:*,All Other Vulnerabilities,No confirmed exploitation or public exploit code identified.,7.0,0.00213,0.11929,False,False,unproven,,,,,,False,False,False,None,Improper access control in Windows Win32K allows an authorized attacker to elevate privileges locally.
CVE-2026-62728,cpe:2.3:o:microsoft:windows_server_2025:10.0.26100.4946:*:*:*:*:*:x64:*,All Other Vulnerabilities,No confirmed exploitation or public exploit code identified.,7.0,0.00189,0.08814,False,False,unproven,,,,,,False,False,False,None,Time-of-check time-of-use (toctou) race condition in Windows Common Log File System Driver allows an authorized attacker to elevate privileges locally.
CVE-2026-62780,cpe:2.3:o:microsoft:windows_server_2025:10.0.26100.4946:*:*:*:*:*:x64:*,All Other Vulnerabilities,No confirmed exploitation or public exploit code identified.,7.0,0.00202,0.1051,False,False,unproven,,,,,,False,False,False,None,Use after free in Windows Kernel allows an authorized attacker to elevate privileges locally.
CVE-2026-61938,cpe:2.3:o:microsoft:windows_server_2025:10.0.26100.4946:*:*:*:*:*:x64:*,All Other Vulnerabilities,No confirmed exploitation or public exploit code identified.,7.0,0.00252,0.16834,False,False,unproven,,,,,,False,False,False,None,Use after free in Windows Installer allows an authorized attacker to elevate privileges locally.
CVE-2025-59194,cpe:2.3:o:microsoft:windows_server_2025:10.0.26100.4946:*:*:*:*:*:x64:*,All Other Vulnerabilities,No confirmed exploitation or public exploit code identified.,7.0,0.02496,0.83313,False,False,unproven,,,,,,False,False,False,None,Use of uninitialized resource in Windows Kernel allows an authorized attacker to elevate privileges locally.
CVE-2026-24296,cpe:2.3:o:microsoft:windows_server_2025:10.0.26100.4946:*:*:*:*:*:x64:*,All Other Vulnerabilities,No confirmed exploitation or public exploit code identified.,7.0,0.00205,0.10824,False,False,unproven,,,,,,False,False,False,None,Concurrent execution using shared resource with improper synchronization ('race condition') in Windows Device Association Service allows an authorized attacker to elevate privileges locally.
CVE-2026-50459,cpe:2.3:o:microsoft:windows_server_2025:10.0.26100.4946:*:*:*:*:*:x64:*,All Other Vulnerabilities,No confirmed exploitation or public exploit code identified.,7.0,0.00197,0.09797,False,False,unproven,,,,,,False,False,False,None,Use after free in Windows Kernel allows an unauthorized attacker to elevate privileges locally.
CVE-2025-58725,cpe:2.3:o:microsoft:windows_server_2025:10.0.26100.4946:*:*:*:*:*:x64:*,All Other Vulnerabilities,No confirmed exploitation or public exploit code identified.,7.0,0.00236,0.14869,False,False,unproven,,,,,,False,False,False,None,Heap-based buffer overflow in Windows COM allows an authorized attacker to elevate privileges locally.
CVE-2026-27922,cpe:2.3:o:microsoft:windows_server_2025:10.0.26100.4946:*:*:*:*:*:x64:*,All Other Vulnerabilities,No confirmed exploitation or public exploit code identified.,7.0,0.00203,0.10633,False,False,unproven,,,,,,False,False,False,None,Use after free in Windows Ancillary Function Driver for WinSock allows an authorized attacker to elevate privileges locally.
CVE-2026-50372,cpe:2.3:o:microsoft:windows_server_2025:10.0.26100.4946:*:*:*:*:*:x64:*,All Other Vulnerabilities,No confirmed exploitation or public exploit code identified.,7.0,0.00246,0.1607,False,False,unproven,,,,,,False,False,False,None,Buffer over-read in Windows Redirected Drive Buffering allows an authorized attacker to elevate privileges locally.
CVE-2025-58735,cpe:2.3:o:microsoft:windows_server_2025:10.0.26100.4946:*:*:*:*:*:x64:*,All Other Vulnerabilities,No confirmed exploitation or public exploit code identified.,7.0,0.00446,0.37086,False,False,unproven,,,,,,False,False,False,None,Use after free in Inbox COM Objects allows an unauthorized attacker to execute code locally.
CVE-2025-59195,cpe:2.3:o:microsoft:windows_server_2025:10.0.26100.4946:*:*:*:*:*:x64:*,All Other Vulnerabilities,No confirmed exploitation or public exploit code identified.,7.0,0.00234,0.14511,False,False,unproven,,,,,,False,False,False,None,Concurrent execution using shared resource with improper synchronization ('race condition') in Microsoft Graphics Component allows an authorized attacker to deny service locally.
CVE-2026-50345,cpe:2.3:o:microsoft:windows_server_2025:10.0.26100.4946:*:*:*:*:*:x64:*,All Other Vulnerabilities,No confirmed exploitation or public exploit code identified.,7.0,0.00188,0.08787,False,False,unproven,,,,,,False,False,False,None,Concurrent execution using shared resource with improper synchronization ('race condition') in Windows Runtime allows an authorized attacker to elevate privileges locally.
CVE-2025-55689,cpe:2.3:o:microsoft:windows_server_2025:10.0.26100.4946:*:*:*:*:*:x64:*,All Other Vulnerabilities,No confirmed exploitation or public exploit code identified.,7.0,0.00323,0.25091,False,False,unproven,,,,,,False,False,False,None,Use after free in Windows PrintWorkflowUserSvc allows an authorized attacker to elevate privileges locally.
CVE-2026-50672,cpe:2.3:o:microsoft:windows_server_2025:10.0.26100.4946:*:*:*:*:*:x64:*,All Other Vulnerabilities,No confirmed exploitation or public exploit code identified.,7.0,0.00153,0.04939,False,False,unproven,,,,,,False,False,False,None,Use after free in Windows NTFS allows an authorized attacker to elevate privileges locally.
CVE-2026-21221,cpe:2.3:o:microsoft:windows_server_2025:10.0.26100.4946:*:*:*:*:*:x64:*,All Other Vulnerabilities,No confirmed exploitation or public exploit code identified.,7.0,0.00228,0.1375,False,False,unproven,,,,,,False,False,False,None,Concurrent execution using shared resource with improper synchronization ('race condition') in Capability Access Management Service (camsvc) allows an authorized attacker to elevate privileges locally.
CVE-2026-50503,cpe:2.3:o:microsoft:windows_server_2025:10.0.26100.4946:*:*:*:*:*:x64:*,All Other Vulnerabilities,No confirmed exploitation or public exploit code identified.,7.0,0.00188,0.08788,False,False,unproven,,,,,,False,False,False,None,Concurrent execution using shared resource with improper synchronization ('race condition') in Windows Runtime allows an authorized attacker to elevate privileges locally.
CVE-2026-20815,cpe:2.3:o:microsoft:windows_server_2025:10.0.26100.4946:*:*:*:*:*:x64:*,All Other Vulnerabilities,No confirmed exploitation or public exploit code identified.,7.0,0.00309,0.23465,False,False,unproven,,,,,,False,False,False,None,Concurrent execution using shared resource with improper synchronization ('race condition') in Capability Access Management Service (camsvc) allows an authorized attacker to elevate privileges locally.
CVE-2025-58727,cpe:2.3:o:microsoft:windows_server_2025:10.0.26100.4946:*:*:*:*:*:x64:*,All Other Vulnerabilities,No confirmed exploitation or public exploit code identified.,7.0,0.00185,0.08368,False,False,unproven,,,,,,False,False,False,None,Concurrent execution using shared resource with improper synchronization ('race condition') in Windows Connected Devices Platform Service allows an authorized attacker to elevate privileges locally.
CVE-2026-33100,cpe:2.3:o:microsoft:windows_server_2025:10.0.26100.4946:*:*:*:*:*:x64:*,All Other Vulnerabilities,No confirmed exploitation or public exploit code identified.,7.0,0.00178,0.07653,False,False,unproven,,,,,,False,False,False,None,Use after free in Windows Ancillary Function Driver for WinSock allows an authorized attacker to elevate privileges locally.
CVE-2026-62774,cpe:2.3:o:microsoft:windows_server_2025:10.0.26100.4946:*:*:*:*:*:x64:*,All Other Vulnerabilities,No confirmed exploitation or public exploit code identified.,7.0,0.00199,0.10079,False,False,unproven,,,,,,False,False,False,None,Use after free in Windows Graphics Kernel allows an authorized attacker to elevate privileges locally.
CVE-2025-58737,cpe:2.3:o:microsoft:windows_server_2025:10.0.26100.4946:*:*:*:*:*:x64:*,All Other Vulnerabilities,No confirmed exploitation or public exploit code identified.,7.0,0.00328,0.25602,False,False,unproven,,,,,,False,False,False,None,Use after free in Windows Remote Desktop allows an unauthorized attacker to execute code locally.
CVE-2025-53802,cpe:2.3:o:microsoft:windows_server_2025:10.0.26100.4946:*:*:*:*:*:x64:*,All Other Vulnerabilities,No confirmed exploitation or public exploit code identified.,7.0,0.00375,0.30608,False,False,unproven,,,,,,False,False,False,None,Use after free in Windows Bluetooth Service allows an authorized attacker to elevate privileges locally.
CVE-2025-49734,cpe:2.3:o:microsoft:windows_server_2025:10.0.26100.4946:*:*:*:*:*:x64:*,All Other Vulnerabilities,No confirmed exploitation or public exploit code identified.,7.0,0.00323,0.25137,False,False,unproven,,,,,,False,False,False,None,Improper restriction of communication channel to intended endpoints in Windows PowerShell allows an authorized attacker to elevate privileges locally.
CVE-2025-58738,cpe:2.3:o:microsoft:windows_server_2025:10.0.26100.4946:*:*:*:*:*:x64:*,All Other Vulnerabilities,No confirmed exploitation or public exploit code identified.,7.0,0.00327,0.25477,False,False,unproven,,,,,,False,False,False,None,Use after free in Inbox COM Objects allows an unauthorized attacker to execute code locally.
CVE-2026-50397,cpe:2.3:o:microsoft:windows_server_2025:10.0.26100.4946:*:*:*:*:*:x64:*,All Other Vulnerabilities,No confirmed exploitation or public exploit code identified.,7.0,0.00199,0.10081,False,False,unproven,,,,,,False,False,False,None,Use after free in Windows Kernel allows an authorized attacker to elevate privileges locally.
CVE-2026-50674,cpe:2.3:o:microsoft:windows_server_2025:10.0.26100.4946:*:*:*:*:*:x64:*,All Other Vulnerabilities,No confirmed exploitation or public exploit code identified.,7.0,0.0026,0.17803,False,False,unproven,,,,,,False,False,False,None,Use after free in Windows USB Print Driver allows an authorized attacker to elevate privileges locally.
CVE-2025-62213,cpe:2.3:o:microsoft:windows_server_2025:10.0.26100.4946:*:*:*:*:*:x64:*,All Other Vulnerabilities,No confirmed exploitation or public exploit code identified.,7.0,0.01595,0.73624,False,False,unproven,,,,,,False,False,False,None,Use after free in Windows Ancillary Function Driver for WinSock allows an authorized attacker to elevate privileges locally.
CVE-2026-25184,cpe:2.3:o:microsoft:windows_server_2025:10.0.26100.4946:*:*:*:*:*:x64:*,All Other Vulnerabilities,No confirmed exploitation or public exploit code identified.,7.0,0.00183,0.08178,False,False,unproven,,,,,,False,False,False,None,Concurrent execution using shared resource with improper synchronization ('race condition') in Applocker Filter Driver (applockerfltr.sys) allows an authorized attacker to elevate privileges locally.
CVE-2026-61366,cpe:2.3:o:microsoft:windows_server_2025:10.0.26100.4946:*:*:*:*:*:x64:*,All Other Vulnerabilities,No confirmed exploitation or public exploit code identified.,7.0,0.00246,0.16111,False,False,unproven,,,,,,False,False,False,None,Double free in Windows Network Connection Broker allows an authorized attacker to elevate privileges locally.
CVE-2026-50392,cpe:2.3:o:microsoft:windows_server_2025:10.0.26100.4946:*:*:*:*:*:x64:*,All Other Vulnerabilities,No confirmed exploitation or public exploit code identified.,7.0,0.0022,0.12691,False,False,unproven,,,,,,False,False,False,None,Use after free in Windows Secure Kernel Mode allows an authorized attacker to elevate privileges locally.
CVE-2026-26177,cpe:2.3:o:microsoft:windows_server_2025:10.0.26100.4946:*:*:*:*:*:x64:*,All Other Vulnerabilities,No confirmed exploitation or public exploit code identified.,7.0,0.00203,0.10632,False,False,unproven,,,,,,False,False,False,None,Use after free in Windows Ancillary Function Driver for WinSock allows an authorized attacker to elevate privileges locally.
CVE-2026-65776,cpe:2.3:o:microsoft:windows_server_2025:10.0.26100.4946:*:*:*:*:*:x64:*,All Other Vulnerabilities,No confirmed exploitation or public exploit code identified.,7.0,0.00225,0.13421,False,False,unproven,,,,,,False,False,False,None,Use after free in Windows Win32K allows an authorized attacker to elevate privileges locally.
CVE-2026-34340,cpe:2.3:o:microsoft:windows_server_2025:10.0.26100.4946:*:*:*:*:*:x64:*,All Other Vulnerabilities,No confirmed exploitation or public exploit code identified.,7.0,0.00207,0.11047,False,False,unproven,,,,,,False,False,False,None,Use after free in Windows Projected File System allows an authorized attacker to elevate privileges locally.
CVE-2025-55340,cpe:2.3:o:microsoft:windows_server_2025:10.0.26100.4946:*:*:*:*:*:x64:*,All Other Vulnerabilities,No confirmed exploitation or public exploit code identified.,7.0,0.00289,0.21371,False,False,unproven,,,,,,False,False,False,None,Improper authentication in Windows Remote Desktop Protocol allows an authorized attacker to bypass a security feature locally.
CVE-2025-59205,cpe:2.3:o:microsoft:windows_server_2025:10.0.26100.4946:*:*:*:*:*:x64:*,All Other Vulnerabilities,No confirmed exploitation or public exploit code identified.,7.0,0.00185,0.08368,False,False,unproven,,,,,,False,False,False,None,Concurrent execution using shared resource with improper synchronization ('race condition') in Microsoft Graphics Component allows an authorized attacker to elevate privileges locally.
CVE-2025-60717,cpe:2.3:o:microsoft:windows_server_2025:10.0.26100.4946:*:*:*:*:*:x64:*,All Other Vulnerabilities,No confirmed exploitation or public exploit code identified.,7.0,0.00327,0.25577,False,False,unproven,,,,,,False,False,False,None,Use after free in Windows Broadcast DVR User Service allows an authorized attacker to elevate privileges locally.
CVE-2026-42984,cpe:2.3:o:microsoft:windows_server_2025:10.0.26100.4946:*:*:*:*:*:x64:*,All Other Vulnerabilities,No confirmed exploitation or public exploit code identified.,7.0,0.00251,0.16708,False,False,unproven,,,,,,False,False,False,None,Use after free in Windows Kernel allows an authorized attacker to elevate privileges locally.
CVE-2026-50307,cpe:2.3:o:microsoft:windows_server_2025:10.0.26100.4946:*:*:*:*:*:x64:*,All Other Vulnerabilities,No confirmed exploitation or public exploit code identified.,7.0,0.002,0.10243,False,False,unproven,,,,,,False,False,False,None,Use after free in Windows TCP/IP allows an authorized attacker to elevate privileges locally.
CVE-2026-54989,cpe:2.3:o:microsoft:windows_server_2025:10.0.26100.4946:*:*:*:*:*:x64:*,All Other Vulnerabilities,No confirmed exploitation or public exploit code identified.,7.0,0.002,0.10243,False,False,unproven,,,,,,False,False,False,None,Use after free in Quality Windows Audio/Video Experience (QWAVE) service allows an authorized attacker to elevate privileges locally.
CVE-2026-50359,cpe:2.3:o:microsoft:windows_server_2025:10.0.26100.4946:*:*:*:*:*:x64:*,All Other Vulnerabilities,No confirmed exploitation or public exploit code identified.,7.0,0.0026,0.17804,False,False,unproven,,,,,,False,False,False,None,Use after free in Microsoft XML Core Services allows an authorized attacker to elevate privileges locally.
CVE-2026-58544,cpe:2.3:o:microsoft:windows_server_2025:10.0.26100.4946:*:*:*:*:*:x64:*,All Other Vulnerabilities,No confirmed exploitation or public exploit code identified.,7.0,0.00229,0.13907,False,False,unproven,,,,,,False,False,False,None,Use after free in Windows Management Services allows an authorized attacker to elevate privileges locally.
CVE-2025-55678,cpe:2.3:o:microsoft:windows_server_2025:10.0.26100.4946:*:*:*:*:*:x64:*,All Other Vulnerabilities,No confirmed exploitation or public exploit code identified.,7.0,0.00273,0.1964,False,False,unproven,,,,,,False,False,False,None,Use after free in Windows DirectX allows an authorized attacker to elevate privileges locally.
CVE-2025-58731,cpe:2.3:o:microsoft:windows_server_2025:10.0.26100.4946:*:*:*:*:*:x64:*,All Other Vulnerabilities,No confirmed exploitation or public exploit code identified.,7.0,0.00327,0.25477,False,False,unproven,,,,,,False,False,False,None,Use after free in Inbox COM Objects allows an unauthorized attacker to execute code locally.
CVE-2026-61929,cpe:2.3:o:microsoft:windows_server_2025:10.0.26100.4946:*:*:*:*:*:x64:*,All Other Vulnerabilities,No confirmed exploitation or public exploit code identified.,7.0,0.01548,0.72916,False,False,unproven,,,,,,False,False,False,None,Use after free in Windows Kernel allows an authorized attacker to elevate privileges locally.
CVE-2026-62773,cpe:2.3:o:microsoft:windows_server_2025:10.0.26100.4946:*:*:*:*:*:x64:*,All Other Vulnerabilities,No confirmed exploitation or public exploit code identified.,7.0,0.00199,0.10079,False,False,unproven,,,,,,False,False,False,None,Use after free in Windows Kerberos allows an authorized attacker to elevate privileges locally.
CVE-2026-33104,cpe:2.3:o:microsoft:windows_server_2025:10.0.26100.4946:*:*:*:*:*:x64:*,All Other Vulnerabilities,No confirmed exploitation or public exploit code identified.,7.0,0.00207,0.11087,False,False,unproven,,,,,,False,False,False,None,Concurrent execution using shared resource with improper synchronization ('race condition') in Windows Win32K - GRFX allows an authorized attacker to elevate privileges locally.
CVE-2026-49784,cpe:2.3:o:microsoft:windows_server_2025:10.0.26100.4946:*:*:*:*:*:x64:*,All Other Vulnerabilities,No confirmed exploitation or public exploit code identified.,7.0,0.00153,0.04936,False,False,unproven,,,,,,False,False,False,None,Concurrent execution using shared resource with improper synchronization ('race condition') in Microsoft Windows App Store allows an authorized attacker to elevate privileges locally.
CVE-2026-50403,cpe:2.3:o:microsoft:windows_server_2025:10.0.26100.4946:*:*:*:*:*:x64:*,All Other Vulnerabilities,No confirmed exploitation or public exploit code identified.,7.0,0.00153,0.04939,False,False,unproven,,,,,,False,False,False,None,Concurrent execution using shared resource with improper synchronization ('race condition') in Windows Runtime allows an authorized attacker to elevate privileges locally.
CVE-2026-27917,cpe:2.3:o:microsoft:windows_server_2025:10.0.26100.4946:*:*:*:*:*:x64:*,All Other Vulnerabilities,No confirmed exploitation or public exploit code identified.,7.0,0.00243,0.15709,False,False,unproven,,,,,,False,False,False,None,Use after free in Windows WFP NDIS Lightweight Filter Driver (wfplwfs.sys) allows an authorized attacker to elevate privileges locally.
CVE-2026-61927,cpe:2.3:o:microsoft:windows_server_2025:10.0.26100.4946:*:*:*:*:*:x64:*,All Other Vulnerabilities,No confirmed exploitation or public exploit code identified.,7.0,0.00189,0.08814,False,False,unproven,,,,,,False,False,False,None,Use after free in Windows Bind Filter Driver allows an authorized attacker to elevate privileges locally.
CVE-2026-49803,cpe:2.3:o:microsoft:windows_server_2025:10.0.26100.4946:*:*:*:*:*:x64:*,All Other Vulnerabilities,No confirmed exploitation or public exploit code identified.,7.0,0.00153,0.04937,False,False,unproven,,,,,,False,False,False,None,Concurrent execution using shared resource with improper synchronization ('race condition') in Windows AppX Deployment Service allows an authorized attacker to elevate privileges locally.
CVE-2025-59216,cpe:2.3:o:microsoft:windows_server_2025:10.0.26100.4946:*:*:*:*:*:x64:*,All Other Vulnerabilities,No confirmed exploitation or public exploit code identified.,7.0,0.00232,0.14272,False,False,unproven,,,,,,False,False,False,None,Concurrent execution using shared resource with improper synchronization ('race condition') in Microsoft Graphics Component allows an authorized attacker to elevate privileges locally.
CVE-2026-32087,cpe:2.3:o:microsoft:windows_server_2025:10.0.26100.4946:*:*:*:*:*:x64:*,All Other Vulnerabilities,No confirmed exploitation or public exploit code identified.,7.0,0.00252,0.16798,False,False,unproven,,,,,,False,False,False,None,Heap-based buffer overflow in Function Discovery Service (fdwsd.dll) allows an authorized attacker to elevate privileges locally.
CVE-2026-35416,cpe:2.3:o:microsoft:windows_server_2025:10.0.26100.4946:*:*:*:*:*:x64:*,All Other Vulnerabilities,No confirmed exploitation or public exploit code identified.,7.0,0.01647,0.74439,False,False,unproven,,,,,,False,False,False,None,Access of resource using incompatible type ('type confusion') in Windows Ancillary Function Driver for WinSock allows an authorized attacker to elevate privileges locally.
CVE-2026-49806,cpe:2.3:o:microsoft:windows_server_2025:10.0.26100.4946:*:*:*:*:*:x64:*,All Other Vulnerabilities,No confirmed exploitation or public exploit code identified.,7.0,0.00153,0.04936,False,False,unproven,,,,,,False,False,False,None,Concurrent execution using shared resource with improper synchronization ('race condition') in Windows USB Print Driver allows an authorized attacker to elevate privileges locally.
CVE-2025-62469,cpe:2.3:o:microsoft:windows_server_2025:10.0.26100.4946:*:*:*:*:*:x64:*,All Other Vulnerabilities,No confirmed exploitation or public exploit code identified.,7.0,0.00241,0.15453,False,False,unproven,,,,,,False,False,False,None,Concurrent execution using shared resource with improper synchronization ('race condition') in Microsoft Brokering File System allows an authorized attacker to elevate privileges locally.
CVE-2026-23671,cpe:2.3:o:microsoft:windows_server_2025:10.0.26100.4946:*:*:*:*:*:x64:*,All Other Vulnerabilities,No confirmed exploitation or public exploit code identified.,7.0,0.00205,0.10824,False,False,unproven,,,,,,False,False,False,None,Concurrent execution using shared resource with improper synchronization ('race condition') in Windows Bluetooth RFCOM Protocol Driver allows an authorized attacker to elevate privileges locally.
CVE-2025-62569,cpe:2.3:o:microsoft:windows_server_2025:10.0.26100.4946:*:*:*:*:*:x64:*,All Other Vulnerabilities,No confirmed exploitation or public exploit code identified.,7.0,0.0032,0.2476,False,False,unproven,,,,,,False,False,False,None,Use after free in Microsoft Brokering File System allows an authorized attacker to elevate privileges locally.
CVE-2026-20814,cpe:2.3:o:microsoft:windows_server_2025:10.0.26100.4946:*:*:*:*:*:x64:*,All Other Vulnerabilities,No confirmed exploitation or public exploit code identified.,7.0,0.00309,0.23466,False,False,unproven,,,,,,False,False,False,None,Concurrent execution using shared resource with improper synchronization ('race condition') in Graphics Kernel allows an authorized attacker to elevate privileges locally.
CVE-2025-55686,cpe:2.3:o:microsoft:windows_server_2025:10.0.26100.4946:*:*:*:*:*:x64:*,All Other Vulnerabilities,No confirmed exploitation or public exploit code identified.,7.0,0.00323,0.25092,False,False,unproven,,,,,,False,False,False,None,Use after free in Windows PrintWorkflowUserSvc allows an authorized attacker to elevate privileges locally.
CVE-2026-59125,cpe:2.3:o:microsoft:windows_server_2025:10.0.26100.4946:*:*:*:*:*:x64:*,All Other Vulnerabilities,No confirmed exploitation or public exploit code identified.,7.0,0.00246,0.16112,False,False,unproven,,,,,,False,False,False,None,Use after free in Virtual Hard Disk (VHD) Miniport Driver allows an authorized attacker to elevate privileges locally.
CVE-2025-59282,cpe:2.3:o:microsoft:windows_server_2025:10.0.26100.4946:*:*:*:*:*:x64:*,All Other Vulnerabilities,No confirmed exploitation or public exploit code identified.,7.0,0.00588,0.45309,False,False,unproven,,,,,,False,False,False,None,Concurrent execution using shared resource with improper synchronization ('race condition') in Inbox COM Objects allows an unauthorized attacker to execute code locally.
CVE-2026-50296,cpe:2.3:o:microsoft:windows_server_2025:10.0.26100.4946:*:*:*:*:*:x64:*,All Other Vulnerabilities,No confirmed exploitation or public exploit code identified.,7.0,0.00199,0.10053,False,False,unproven,,,,,,False,False,False,None,Use after free in Graphics Kernel allows an authorized attacker to elevate privileges locally.
CVE-2026-34341,cpe:2.3:o:microsoft:windows_server_2025:10.0.26100.4946:*:*:*:*:*:x64:*,All Other Vulnerabilities,No confirmed exploitation or public exploit code identified.,7.0,0.00199,0.10053,False,False,unproven,,,,,,False,False,False,None,Double free in Windows Link-Layer Discovery Protocol (LLDP) allows an authorized attacker to elevate privileges locally.
CVE-2026-21242,cpe:2.3:o:microsoft:windows_server_2025:10.0.26100.4946:*:*:*:*:*:x64:*,All Other Vulnerabilities,No confirmed exploitation or public exploit code identified.,7.0,0.0034,0.26989,False,False,unproven,,,,,,False,False,False,None,Use after free in Windows Subsystem for Linux allows an authorized attacker to elevate privileges locally.
CVE-2026-32073,cpe:2.3:o:microsoft:windows_server_2025:10.0.26100.4946:*:*:*:*:*:x64:*,All Other Vulnerabilities,No confirmed exploitation or public exploit code identified.,7.0,0.00351,0.28125,False,False,unproven,,,,,,False,False,False,None,Use after free in Windows Ancillary Function Driver for WinSock allows an authorized attacker to elevate privileges locally.
CVE-2026-49162,cpe:2.3:o:microsoft:windows_server_2025:10.0.26100.4946:*:*:*:*:*:x64:*,All Other Vulnerabilities,No confirmed exploitation or public exploit code identified.,7.0,0.00199,0.10053,False,False,unproven,,,,,,False,False,False,None,Use after free in Microsoft Brokering File System allows an authorized attacker to elevate privileges locally.
CVE-2026-20830,cpe:2.3:o:microsoft:windows_server_2025:10.0.26100.4946:*:*:*:*:*:x64:*,All Other Vulnerabilities,No confirmed exploitation or public exploit code identified.,7.0,0.00299,0.22422,False,False,unproven,,,,,,False,False,False,None,Concurrent execution using shared resource with improper synchronization ('race condition') in Capability Access Management Service (camsvc) allows an authorized attacker to elevate privileges locally.
CVE-2026-62908,cpe:2.3:o:microsoft:windows_server_2025:10.0.26100.4946:*:*:*:*:*:x64:*,All Other Vulnerabilities,No confirmed exploitation or public exploit code identified.,7.0,0.00153,0.04954,False,False,unproven,,,,,,False,False,False,None,Concurrent execution using shared resource with improper synchronization ('race condition') in Windows Backup Engine allows an authorized attacker to elevate privileges locally.
CVE-2025-59289,cpe:2.3:o:microsoft:windows_server_2025:10.0.26100.4946:*:*:*:*:*:x64:*,All Other Vulnerabilities,No confirmed exploitation or public exploit code identified.,7.0,0.0022,0.12785,False,False,unproven,,,,,,False,False,False,None,Double free in Windows Bluetooth Service allows an authorized attacker to elevate privileges locally.
CVE-2026-34345,cpe:2.3:o:microsoft:windows_server_2025:10.0.26100.4946:*:*:*:*:*:x64:*,All Other Vulnerabilities,No confirmed exploitation or public exploit code identified.,7.0,0.00204,0.10721,False,False,unproven,,,,,,False,False,False,None,Access of resource using incompatible type ('type confusion') in Windows Ancillary Function Driver for WinSock allows an authorized attacker to elevate privileges locally.
CVE-2025-58736,cpe:2.3:o:microsoft:windows_server_2025:10.0.26100.4946:*:*:*:*:*:x64:*,All Other Vulnerabilities,No confirmed exploitation or public exploit code identified.,7.0,0.00327,0.25477,False,False,unproven,,,,,,False,False,False,None,Use after free in Inbox COM Objects allows an unauthorized attacker to execute code locally.
CVE-2026-26152,cpe:2.3:o:microsoft:windows_server_2025:10.0.26100.4946:*:*:*:*:*:x64:*,All Other Vulnerabilities,No confirmed exploitation or public exploit code identified.,7.0,0.00234,0.14489,False,False,unproven,,,,,,False,False,False,None,Insecure storage of sensitive information in Windows Cryptographic Services allows an authorized attacker to elevate privileges locally.
CVE-2025-60716,cpe:2.3:o:microsoft:windows_server_2025:10.0.26100.4946:*:*:*:*:*:x64:*,All Other Vulnerabilities,No confirmed exploitation or public exploit code identified.,7.0,0.00359,0.2897,False,False,unproven,,,,,,False,False,False,None,Use after free in Windows DirectX allows an authorized attacker to elevate privileges locally.
CVE-2026-59126,cpe:2.3:o:microsoft:windows_server_2025:10.0.26100.4946:*:*:*:*:*:x64:*,All Other Vulnerabilities,No confirmed exploitation or public exploit code identified.,7.0,0.00189,0.08814,False,False,unproven,,,,,,False,False,False,None,Concurrent execution using shared resource with improper synchronization ('race condition') in Windows Event Logging Service allows an authorized attacker to elevate privileges locally.
CVE-2026-20842,cpe:2.3:o:microsoft:windows_server_2025:10.0.26100.4946:*:*:*:*:*:x64:*,All Other Vulnerabilities,No confirmed exploitation or public exploit code identified.,7.0,0.0039,0.32097,False,False,unproven,,,,,,False,False,False,None,Use after free in Windows DWM allows an authorized attacker to elevate privileges locally.
CVE-2026-42912,cpe:2.3:o:microsoft:windows_server_2025:10.0.26100.4946:*:*:*:*:*:x64:*,All Other Vulnerabilities,No confirmed exploitation or public exploit code identified.,7.0,0.00205,0.10881,False,False,unproven,,,,,,False,False,False,None,Concurrent execution using shared resource with improper synchronization ('race condition') in Windows Telephony Service allows an authorized attacker to elevate privileges locally.
CVE-2025-55223,cpe:2.3:o:microsoft:windows_server_2025:10.0.26100.4946:*:*:*:*:*:x64:*,All Other Vulnerabilities,No confirmed exploitation or public exploit code identified.,7.0,0.00292,0.21641,False,False,unproven,,,,,,False,False,False,None,Concurrent execution using shared resource with improper synchronization ('race condition') in Graphics Kernel allows an authorized attacker to elevate privileges locally.
CVE-2025-54112,cpe:2.3:o:microsoft:windows_server_2025:10.0.26100.4946:*:*:*:*:*:x64:*,All Other Vulnerabilities,No confirmed exploitation or public exploit code identified.,7.0,0.00375,0.30607,False,False,unproven,,,,,,False,False,False,None,Use after free in Microsoft Virtual Hard Drive allows an authorized attacker to elevate privileges locally.
CVE-2026-26174,cpe:2.3:o:microsoft:windows_server_2025:10.0.26100.4946:*:*:*:*:*:x64:*,All Other Vulnerabilities,No confirmed exploitation or public exploit code identified.,7.0,0.00186,0.08549,False,False,unproven,,,,,,False,False,False,None,Concurrent execution using shared resource with improper synchronization ('race condition') in Windows Server Update Service allows an authorized attacker to elevate privileges locally.
CVE-2026-58629,cpe:2.3:o:microsoft:windows_server_2025:10.0.26100.4946:*:*:*:*:*:x64:*,All Other Vulnerabilities,No confirmed exploitation or public exploit code identified.,7.0,0.00229,0.13907,False,False,unproven,,,,,,False,False,False,None,Use after free in Windows DirectX allows an authorized attacker to elevate privileges locally.
CVE-2025-58733,cpe:2.3:o:microsoft:windows_server_2025:10.0.26100.4946:*:*:*:*:*:x64:*,All Other Vulnerabilities,No confirmed exploitation or public exploit code identified.,7.0,0.00327,0.25478,False,False,unproven,,,,,,False,False,False,None,Use after free in Inbox COM Objects allows an unauthorized attacker to execute code locally.
CVE-2026-50507,cpe:2.3:o:microsoft:windows_server_2025:10.0.26100.4946:*:*:*:*:*:x64:*,All Other Vulnerabilities,No confirmed exploitation or public exploit code identified.,6.8,0.05011,0.91516,False,False,unproven,,,,,,False,False,False,None,Missing authentication for critical function in Windows BitLocker allows an unauthorized attacker to bypass a security feature with a physical attack.
CVE-2026-50426,cpe:2.3:o:microsoft:windows_server_2025:10.0.26100.4946:*:*:*:*:*:x64:*,All Other Vulnerabilities,No confirmed exploitation or public exploit code identified.,6.8,0.00359,0.28974,False,False,unproven,,,,,,False,False,False,None,Relative path traversal in DNS Server allows an authorized attacker to execute code over an adjacent network.
CVE-2026-50668,cpe:2.3:o:microsoft:windows_server_2025:10.0.26100.4946:*:*:*:*:*:x64:*,All Other Vulnerabilities,No confirmed exploitation or public exploit code identified.,6.8,0.00305,0.23041,False,False,unproven,,,,,,False,False,False,None,Heap-based buffer overflow in Windows NTFS allows an unauthorized attacker to elevate privileges with a physical attack.
CVE-2026-50492,cpe:2.3:o:microsoft:windows_server_2025:10.0.26100.4946:*:*:*:*:*:x64:*,All Other Vulnerabilities,No confirmed exploitation or public exploit code identified.,6.8,0.00408,0.33988,False,False,unproven,,,,,,False,False,False,None,Heap-based buffer overflow in Windows Resilient File System (ReFS) allows an unauthorized attacker to execute code with a physical attack.
CVE-2026-58528,cpe:2.3:o:microsoft:windows_server_2025:10.0.26100.4946:*:*:*:*:*:x64:*,All Other Vulnerabilities,No confirmed exploitation or public exploit code identified.,6.8,0.00488,0.39855,False,False,unproven,,,,,,False,False,False,None,Out-of-bounds read in Windows USB Audio Class driver (usbaudio.sys) allows an unauthorized attacker to disclose information with a physical attack.
CVE-2026-62702,cpe:2.3:o:microsoft:windows_server_2025:10.0.26100.4946:*:*:*:*:*:x64:*,All Other Vulnerabilities,No confirmed exploitation or public exploit code identified.,6.8,0.00943,0.58068,False,False,unproven,,,,,,False,False,False,None,Null pointer dereference in Windows Graphics Kernel allows an unauthorized attacker to deny service over a network.
CVE-2026-49168,cpe:2.3:o:microsoft:windows_server_2025:10.0.26100.4946:*:*:*:*:*:x64:*,All Other Vulnerabilities,No confirmed exploitation or public exploit code identified.,6.8,0.00305,0.23041,False,False,unproven,,,,,,False,False,False,None,Integer overflow or wraparound in Windows Storage Spaces Direct allows an unauthorized attacker to elevate privileges with a physical attack.
CVE-2026-45608,cpe:2.3:o:microsoft:windows_server_2025:10.0.26100.4946:*:*:*:*:*:x64:*,All Other Vulnerabilities,No confirmed exploitation or public exploit code identified.,6.8,0.00338,0.2667,False,False,unproven,,,,,,False,False,False,None,Out-of-bounds read in Windows DHCP Client allows an unauthorized attacker to disclose information locally.
CVE-2026-50299,cpe:2.3:o:microsoft:windows_server_2025:10.0.26100.4946:*:*:*:*:*:x64:*,All Other Vulnerabilities,No confirmed exploitation or public exploit code identified.,6.8,0.00327,0.25507,False,False,unproven,,,,,,False,False,False,None,Integer overflow or wraparound in Windows Storage Spaces Direct allows an unauthorized attacker to execute code with a physical attack.
CVE-2026-50298,cpe:2.3:o:microsoft:windows_server_2025:10.0.26100.4946:*:*:*:*:*:x64:*,All Other Vulnerabilities,No confirmed exploitation or public exploit code identified.,6.8,0.00327,0.25507,False,False,unproven,,,,,,False,False,False,None,Integer overflow or wraparound in Windows Spaceport.sys allows an unauthorized attacker to elevate privileges with a physical attack.
CVE-2026-62699,cpe:2.3:o:microsoft:windows_server_2025:10.0.26100.4946:*:*:*:*:*:x64:*,All Other Vulnerabilities,No confirmed exploitation or public exploit code identified.,6.8,0.00409,0.3402,False,False,unproven,,,,,,False,False,False,None,Heap-based buffer overflow in Windows Universal Disk Format File System Driver (UDFS) allows an unauthorized attacker to execute code with a physical attack.
CVE-2026-21530,cpe:2.3:o:microsoft:windows_server_2025:10.0.26100.4946:*:*:*:*:*:x64:*,All Other Vulnerabilities,No confirmed exploitation or public exploit code identified.,6.7,0.00319,0.2468,False,False,unproven,,,,,,False,False,False,None,Double free in Windows Rich Text Edit allows an authorized attacker to elevate privileges locally.
CVE-2025-54104,cpe:2.3:o:microsoft:windows_server_2025:10.0.26100.4946:*:*:*:*:*:x64:*,All Other Vulnerabilities,No confirmed exploitation or public exploit code identified.,6.7,0.00494,0.40211,False,False,unproven,,,,,,False,False,False,None,Access of resource using incompatible type ('type confusion') in Windows Defender Firewall Service allows an authorized attacker to elevate privileges locally.
CVE-2026-20876,cpe:2.3:o:microsoft:windows_server_2025:10.0.26100.4946:*:*:*:*:*:x64:*,All Other Vulnerabilities,No confirmed exploitation or public exploit code identified.,6.7,0.00525,0.42082,False,False,unproven,,,,,,False,False,False,None,Heap-based buffer overflow in Windows Virtualization-Based Security (VBS) Enclave allows an authorized attacker to elevate privileges locally.
CVE-2025-53810,cpe:2.3:o:microsoft:windows_server_2025:10.0.26100.4946:*:*:*:*:*:x64:*,All Other Vulnerabilities,No confirmed exploitation or public exploit code identified.,6.7,0.00467,0.38443,False,False,unproven,,,,,,False,False,False,None,Access of resource using incompatible type ('type confusion') in Windows Defender Firewall Service allows an authorized attacker to elevate privileges locally.
CVE-2026-65795,cpe:2.3:o:microsoft:windows_server_2025:10.0.26100.4946:*:*:*:*:*:x64:*,All Other Vulnerabilities,No confirmed exploitation or public exploit code identified.,6.7,0.00256,0.17411,False,False,unproven,,,,,,False,False,False,None,No cwe for this issue in Windows DNS allows an authorized attacker to elevate privileges locally.
CVE-2026-70304,cpe:2.3:o:microsoft:windows_server_2025:10.0.26100.4946:*:*:*:*:*:x64:*,All Other Vulnerabilities,No confirmed exploitation or public exploit code identified.,6.7,0.00332,0.26087,False,False,unproven,,,,,,False,False,False,None,Heap-based buffer overflow in Windows DNS allows an authorized attacker to elevate privileges locally.
CVE-2026-32170,cpe:2.3:o:microsoft:windows_server_2025:10.0.26100.4946:*:*:*:*:*:x64:*,All Other Vulnerabilities,No confirmed exploitation or public exploit code identified.,6.7,0.00319,0.2468,False,False,unproven,,,,,,False,False,False,None,Double free in Windows Rich Text Edit allows an authorized attacker to elevate privileges locally.
CVE-2025-54109,cpe:2.3:o:microsoft:windows_server_2025:10.0.26100.4946:*:*:*:*:*:x64:*,All Other Vulnerabilities,No confirmed exploitation or public exploit code identified.,6.7,0.00467,0.38442,False,False,unproven,,,,,,False,False,False,None,Access of resource using incompatible type ('type confusion') in Windows Defender Firewall Service allows an authorized attacker to elevate privileges locally.
CVE-2025-54915,cpe:2.3:o:microsoft:windows_server_2025:10.0.26100.4946:*:*:*:*:*:x64:*,All Other Vulnerabilities,No confirmed exploitation or public exploit code identified.,6.7,0.00482,0.3944,False,False,unproven,,,,,,False,False,False,None,Access of resource using incompatible type ('type confusion') in Windows Defender Firewall Service allows an authorized attacker to elevate privileges locally.
CVE-2026-41097,cpe:2.3:o:microsoft:windows_server_2025:10.0.26100.4946:*:*:*:*:*:x64:*,All Other Vulnerabilities,No confirmed exploitation or public exploit code identified.,6.7,0.01421,0.70575,False,False,unproven,,,,,,False,False,False,None,Reliance on a component that is not updateable in Windows Secure Boot allows an authorized attacker to bypass a security feature locally.
CVE-2026-65797,cpe:2.3:o:microsoft:windows_server_2025:10.0.26100.4946:*:*:*:*:*:x64:*,All Other Vulnerabilities,No confirmed exploitation or public exploit code identified.,6.7,0.00256,0.17364,False,False,unproven,,,,,,False,False,False,None,Numeric truncation error in Windows DNS allows an authorized attacker to elevate privileges locally.
CVE-2025-54094,cpe:2.3:o:microsoft:windows_server_2025:10.0.26100.4946:*:*:*:*:*:x64:*,All Other Vulnerabilities,No confirmed exploitation or public exploit code identified.,6.7,0.00467,0.38443,False,False,unproven,,,,,,False,False,False,None,Access of resource using incompatible type ('type confusion') in Windows Defender Firewall Service allows an authorized attacker to elevate privileges locally.
CVE-2026-62881,cpe:2.3:o:microsoft:windows_server_2025:10.0.26100.4946:*:*:*:*:*:x64:*,All Other Vulnerabilities,No confirmed exploitation or public exploit code identified.,6.7,0.00332,0.26087,False,False,unproven,,,,,,False,False,False,None,Numeric truncation error in Windows DNS allows an authorized attacker to elevate privileges locally.
CVE-2025-53808,cpe:2.3:o:microsoft:windows_server_2025:10.0.26100.4946:*:*:*:*:*:x64:*,All Other Vulnerabilities,No confirmed exploitation or public exploit code identified.,6.7,0.00467,0.38442,False,False,unproven,,,,,,False,False,False,None,Access of resource using incompatible type ('type confusion') in Windows Defender Firewall Service allows an authorized attacker to elevate privileges locally.
CVE-2026-62769,cpe:2.3:o:microsoft:windows_server_2025:10.0.26100.4946:*:*:*:*:*:x64:*,All Other Vulnerabilities,No confirmed exploitation or public exploit code identified.,6.7,0.00332,0.26088,False,False,unproven,,,,,,False,False,False,None,Numeric truncation error in Windows DNS allows an authorized attacker to elevate privileges locally.
CVE-2026-65798,cpe:2.3:o:microsoft:windows_server_2025:10.0.26100.4946:*:*:*:*:*:x64:*,All Other Vulnerabilities,No confirmed exploitation or public exploit code identified.,6.7,0.00256,0.1741,False,False,unproven,,,,,,False,False,False,None,Numeric truncation error in Windows DNS allows an authorized attacker to elevate privileges locally.
CVE-2026-65799,cpe:2.3:o:microsoft:windows_server_2025:10.0.26100.4946:*:*:*:*:*:x64:*,All Other Vulnerabilities,No confirmed exploitation or public exploit code identified.,6.7,0.00256,0.17411,False,False,unproven,,,,,,False,False,False,None,Integer overflow or wraparound in Windows DNS allows an authorized attacker to elevate privileges locally.
CVE-2025-55226,cpe:2.3:o:microsoft:windows_server_2025:10.0.26100.4946:*:*:*:*:*:x64:*,All Other Vulnerabilities,No confirmed exploitation or public exploit code identified.,6.7,0.00477,0.39152,False,False,unproven,,,,,,False,False,False,None,Concurrent execution using shared resource with improper synchronization ('race condition') in Graphics Kernel allows an authorized attacker to execute code locally.
CVE-2026-62883,cpe:2.3:o:microsoft:windows_server_2025:10.0.26100.4946:*:*:*:*:*:x64:*,All Other Vulnerabilities,No confirmed exploitation or public exploit code identified.,6.7,0.00256,0.17411,False,False,unproven,,,,,,False,False,False,None,Numeric truncation error in Windows DNS allows an authorized attacker to elevate privileges locally.
CVE-2026-61920,cpe:2.3:o:microsoft:windows_server_2025:10.0.26100.4946:*:*:*:*:*:x64:*,All Other Vulnerabilities,No confirmed exploitation or public exploit code identified.,6.6,0.00495,0.40235,False,False,unproven,,,,,,False,False,False,None,Concurrent execution using shared resource with improper synchronization ('race condition') in Windows DNS allows an authorized attacker to execute code over a network.
CVE-2026-49804,cpe:2.3:o:microsoft:windows_server_2025:10.0.26100.4946:*:*:*:*:*:x64:*,All Other Vulnerabilities,No confirmed exploitation or public exploit code identified.,6.6,0.0036,0.29072,False,False,unproven,,,,,,False,False,False,None,Heap-based buffer overflow in Windows USB Video Driver allows an unauthorized attacker to elevate privileges with a physical attack.
CVE-2026-0282,cpe:2.3:o:paloaltonetworks:pan-os:11.2.4:h2:*:*:*:*:*:*,All Other Vulnerabilities,No confirmed exploitation or public exploit code identified.,6.5,0.00177,0.07517,False,False,unproven,,,,,,False,False,False,None,"A file deletion vulnerability in Palo Alto Networks PAN-OS® software enables an unauthenticated attacker with network access to the management web interface to delete files from a temporary directory.

The security risk posed by this issue is minimized by restricting access to the management web interface to only trusted internal IP addresses according to our recommended  best practice deployment guidelines https://live.paloaltonetworks.com/t5/community-blogs/tips-amp-tricks-how-to-secure-the-management-access-of-your-palo/ba-p/464431 .

This issue is applicable to PAN-OS software on PA-Series and VM-Series firewalls and on Panorama (virtual and M-Series).

Cloud NGFW and Prisma® Access are not impacted by this vulnerability."
CVE-2025-59214,cpe:2.3:o:microsoft:windows_server_2025:10.0.26100.4946:*:*:*:*:*:x64:*,All Other Vulnerabilities,No confirmed exploitation or public exploit code identified.,6.5,0.01776,0.76308,False,False,unproven,,,,,,False,False,False,None,Exposure of sensitive information to an unauthorized actor in Windows File Explorer allows an unauthorized attacker to perform spoofing over a network.
CVE-2025-55700,cpe:2.3:o:microsoft:windows_server_2025:10.0.26100.4946:*:*:*:*:*:x64:*,All Other Vulnerabilities,No confirmed exploitation or public exploit code identified.,6.5,0.00909,0.56976,False,False,unproven,,,,,,False,False,False,None,Out-of-bounds read in Windows Routing and Remote Access Service (RRAS) allows an unauthorized attacker to disclose information over a network.
CVE-2026-57976,cpe:2.3:o:microsoft:windows_server_2025:10.0.26100.4946:*:*:*:*:*:x64:*,All Other Vulnerabilities,No confirmed exploitation or public exploit code identified.,6.5,0.00755,0.52097,False,False,unproven,,,,,,False,False,False,None,Null pointer dereference in Active Directory Domain Services allows an authorized attacker to deny service over a network.
CVE-2026-58546,cpe:2.3:o:microsoft:windows_server_2025:10.0.26100.4946:*:*:*:*:*:x64:*,All Other Vulnerabilities,No confirmed exploitation or public exploit code identified.,6.5,0.00503,0.40713,False,False,unproven,,,,,,False,False,False,None,Use of uninitialized resource in Windows RDP allows an unauthorized attacker to disclose information over a network.
CVE-2025-53806,cpe:2.3:o:microsoft:windows_server_2025:10.0.26100.4946:*:*:*:*:*:x64:*,All Other Vulnerabilities,No confirmed exploitation or public exploit code identified.,6.5,0.01157,0.64374,False,False,unproven,,,,,,False,False,False,None,Buffer over-read in Windows Routing and Remote Access Service (RRAS) allows an unauthorized attacker to disclose information over a network.
CVE-2026-61345,cpe:2.3:o:microsoft:windows_server_2025:10.0.26100.4946:*:*:*:*:*:x64:*,All Other Vulnerabilities,No confirmed exploitation or public exploit code identified.,6.5,0.01042,0.61203,False,False,unproven,,,,,,False,False,False,None,Null pointer dereference in Microsoft Remote Registry Service allows an authorized attacker to deny service over a network.
CVE-2025-60708,cpe:2.3:o:microsoft:windows_server_2025:10.0.26100.4946:*:*:*:*:*:x64:*,All Other Vulnerabilities,No confirmed exploitation or public exploit code identified.,6.5,0.00461,0.38095,False,False,unproven,,,,,,False,False,False,None,Untrusted pointer dereference in Storvsp.sys Driver allows an authorized attacker to deny service locally.
CVE-2026-62720,cpe:2.3:o:microsoft:windows_server_2025:10.0.26100.4946:*:*:*:*:*:x64:*,All Other Vulnerabilities,No confirmed exploitation or public exploit code identified.,6.5,0.00468,0.38495,False,False,unproven,,,,,,False,False,False,None,Integer underflow (wrap or wraparound) in Windows DHCP Server allows an unauthorized attacker to disclose information over an adjacent network.
CVE-2025-64670,cpe:2.3:o:microsoft:windows_server_2025:10.0.26100.4946:*:*:*:*:*:x64:*,All Other Vulnerabilities,No confirmed exploitation or public exploit code identified.,6.5,0.0098,0.59274,False,False,unproven,,,,,,False,False,False,None,Exposure of sensitive information to an unauthorized actor in Microsoft Graphics Component allows an authorized attacker to disclose information over a network.
CVE-2026-35422,cpe:2.3:o:microsoft:windows_server_2025:10.0.26100.4946:*:*:*:*:*:x64:*,All Other Vulnerabilities,No confirmed exploitation or public exploit code identified.,6.5,0.00614,0.4654,False,False,unproven,,,,,,False,False,False,None,Authentication bypass using an alternate path or channel in Windows TCP/IP allows an authorized attacker to bypass a security feature over a network.
CVE-2026-61924,cpe:2.3:o:microsoft:windows_server_2025:10.0.26100.4946:*:*:*:*:*:x64:*,All Other Vulnerabilities,No confirmed exploitation or public exploit code identified.,6.5,0.00829,0.54501,False,False,unproven,,,,,,False,False,False,None,Out-of-bounds read in Remote Desktop Client allows an unauthorized attacker to disclose information over a network.
CVE-2026-20812,cpe:2.3:o:microsoft:windows_server_2025:10.0.26100.4946:*:*:*:*:*:x64:*,All Other Vulnerabilities,No confirmed exploitation or public exploit code identified.,6.5,0.01159,0.64444,False,False,unproven,,,,,,False,False,False,None,Improper input validation in Windows LDAP - Lightweight Directory Access Protocol allows an authorized attacker to perform tampering over a network.
CVE-2026-50504,cpe:2.3:o:microsoft:windows_server_2025:10.0.26100.4946:*:*:*:*:*:x64:*,All Other Vulnerabilities,No confirmed exploitation or public exploit code identified.,6.5,0.00622,0.46925,False,False,unproven,,,,,,False,False,False,None,Buffer over-read in Remote Desktop Client allows an unauthorized attacker to disclose information over a network.
CVE-2025-58729,cpe:2.3:o:microsoft:windows_server_2025:10.0.26100.4946:*:*:*:*:*:x64:*,All Other Vulnerabilities,No confirmed exploitation or public exploit code identified.,6.5,0.00986,0.59436,False,False,unproven,,,,,,False,False,False,None,Improper validation of specified type of input in Windows Local Session Manager (LSM) allows an authorized attacker to deny service over a network.
CVE-2026-34350,cpe:2.3:o:microsoft:windows_server_2025:10.0.26100.4946:*:*:*:*:*:x64:*,All Other Vulnerabilities,No confirmed exploitation or public exploit code identified.,6.5,0.00782,0.52964,False,False,unproven,,,,,,False,False,False,None,Null pointer dereference in Windows Storport Miniport Driver allows an unauthorized attacker to deny service over a network.
CVE-2026-62714,cpe:2.3:o:microsoft:windows_server_2025:10.0.26100.4946:*:*:*:*:*:x64:*,All Other Vulnerabilities,No confirmed exploitation or public exploit code identified.,6.5,0.00468,0.38494,False,False,unproven,,,,,,False,False,False,None,Integer underflow (wrap or wraparound) in Windows DHCP Server allows an unauthorized attacker to disclose information over an adjacent network.
CVE-2026-62782,cpe:2.3:o:microsoft:windows_server_2025:10.0.26100.4946:*:*:*:*:*:x64:*,All Other Vulnerabilities,No confirmed exploitation or public exploit code identified.,6.5,0.00868,0.5573,False,False,unproven,,,,,,False,False,False,None,Out-of-bounds read in Windows SMB Client allows an unauthorized attacker to disclose information over a network.
CVE-2026-61921,cpe:2.3:o:microsoft:windows_server_2025:10.0.26100.4946:*:*:*:*:*:x64:*,All Other Vulnerabilities,No confirmed exploitation or public exploit code identified.,6.5,0.00829,0.54501,False,False,unproven,,,,,,False,False,False,None,Out-of-bounds read in Remote Desktop Client allows an unauthorized attacker to disclose information over a network.
CVE-2026-42907,cpe:2.3:o:microsoft:windows_server_2025:10.0.26100.4946:*:*:*:*:*:x64:*,All Other Vulnerabilities,No confirmed exploitation or public exploit code identified.,6.5,0.00816,0.54095,False,False,unproven,,,,,,False,False,False,None,Exposure of sensitive information to an unauthorized actor in Windows Shell allows an authorized attacker to disclose information over a network.
CVE-2025-58717,cpe:2.3:o:microsoft:windows_server_2025:10.0.26100.4946:*:*:*:*:*:x64:*,All Other Vulnerabilities,No confirmed exploitation or public exploit code identified.,6.5,0.00909,0.56976,False,False,unproven,,,,,,False,False,False,None,Out-of-bounds read in Windows Routing and Remote Access Service (RRAS) allows an unauthorized attacker to disclose information over a network.
CVE-2026-62745,cpe:2.3:o:microsoft:windows_server_2025:10.0.26100.4946:*:*:*:*:*:x64:*,All Other Vulnerabilities,No confirmed exploitation or public exploit code identified.,6.5,0.00361,0.29154,False,False,unproven,,,,,,False,False,False,None,Integer underflow (wrap or wraparound) in Windows DHCP Server allows an unauthorized attacker to disclose information over an adjacent network.
CVE-2025-54095,cpe:2.3:o:microsoft:windows_server_2025:10.0.26100.4946:*:*:*:*:*:x64:*,All Other Vulnerabilities,No confirmed exploitation or public exploit code identified.,6.5,0.01157,0.64376,False,False,unproven,,,,,,False,False,False,None,Out-of-bounds read in Windows Routing and Remote Access Service (RRAS) allows an unauthorized attacker to disclose information over a network.
CVE-2026-62718,cpe:2.3:o:microsoft:windows_server_2025:10.0.26100.4946:*:*:*:*:*:x64:*,All Other Vulnerabilities,No confirmed exploitation or public exploit code identified.,6.5,0.0048,0.39347,False,False,unproven,,,,,,False,False,False,None,Integer underflow (wrap or wraparound) in Windows DHCP Server allows an unauthorized attacker to disclose information over an adjacent network.
CVE-2025-59257,cpe:2.3:o:microsoft:windows_server_2025:10.0.26100.4946:*:*:*:*:*:x64:*,All Other Vulnerabilities,No confirmed exploitation or public exploit code identified.,6.5,0.01412,0.70414,False,False,unproven,,,,,,False,False,False,None,Improper validation of specified type of input in Windows Local Session Manager (LSM) allows an authorized attacker to deny service over a network.
CVE-2026-27925,cpe:2.3:o:microsoft:windows_server_2025:10.0.26100.4946:*:*:*:*:*:x64:*,All Other Vulnerabilities,No confirmed exploitation or public exploit code identified.,6.5,0.0036,0.29108,False,False,unproven,,,,,,False,False,False,None,Use after free in Windows Universal Plug and Play (UPnP) Device Host allows an unauthorized attacker to disclose information over an adjacent network.
CVE-2026-58535,cpe:2.3:o:microsoft:windows_server_2025:10.0.26100.4946:*:*:*:*:*:x64:*,All Other Vulnerabilities,No confirmed exploitation or public exploit code identified.,6.5,0.00868,0.5573,False,False,unproven,,,,,,False,False,False,None,Use of uninitialized resource in Windows RDP allows an unauthorized attacker to disclose information over a network.
CVE-2026-58539,cpe:2.3:o:microsoft:windows_server_2025:10.0.26100.4946:*:*:*:*:*:x64:*,All Other Vulnerabilities,No confirmed exploitation or public exploit code identified.,6.5,0.00868,0.5573,False,False,unproven,,,,,,False,False,False,None,Out-of-bounds read in Windows RDP allows an unauthorized attacker to disclose information over a network.
CVE-2025-53797,cpe:2.3:o:microsoft:windows_server_2025:10.0.26100.4946:*:*:*:*:*:x64:*,All Other Vulnerabilities,No confirmed exploitation or public exploit code identified.,6.5,0.01157,0.64374,False,False,unproven,,,,,,False,False,False,None,Buffer over-read in Windows Routing and Remote Access Service (RRAS) allows an unauthorized attacker to disclose information over a network.
CVE-2026-49799,cpe:2.3:o:microsoft:windows_server_2025:10.0.26100.4946:*:*:*:*:*:x64:*,All Other Vulnerabilities,No confirmed exploitation or public exploit code identified.,6.5,0.00791,0.5325,False,False,unproven,,,,,,False,False,False,None,Uncontrolled resource consumption in Windows Local Security Authority Subsystem Service (LSASS) allows an authorized attacker to deny service over a network.
CVE-2026-34348,cpe:2.3:o:microsoft:windows_server_2025:10.0.26100.4946:*:*:*:*:*:x64:*,All Other Vulnerabilities,No confirmed exploitation or public exploit code identified.,6.5,0.00907,0.56914,False,False,unproven,,,,,,False,False,False,None,Protection mechanism failure in Windows Event Logging Service allows an authorized attacker to disclose information over a network.
CVE-2026-42903,cpe:2.3:o:microsoft:windows_server_2025:10.0.26100.4946:*:*:*:*:*:x64:*,All Other Vulnerabilities,No confirmed exploitation or public exploit code identified.,6.5,0.00903,0.5678,False,False,unproven,,,,,,False,False,False,None,Null pointer dereference in Windows Kerberos allows an authorized attacker to deny service over a network.
CVE-2025-55225,cpe:2.3:o:microsoft:windows_server_2025:10.0.26100.4946:*:*:*:*:*:x64:*,All Other Vulnerabilities,No confirmed exploitation or public exploit code identified.,6.5,0.01215,0.65985,False,False,unproven,,,,,,False,False,False,None,Out-of-bounds read in Windows Routing and Remote Access Service (RRAS) allows an unauthorized attacker to disclose information over a network.
CVE-2025-53798,cpe:2.3:o:microsoft:windows_server_2025:10.0.26100.4946:*:*:*:*:*:x64:*,All Other Vulnerabilities,No confirmed exploitation or public exploit code identified.,6.5,0.01157,0.64375,False,False,unproven,,,,,,False,False,False,None,Buffer over-read in Windows Routing and Remote Access Service (RRAS) allows an unauthorized attacker to disclose information over a network.
CVE-2026-50376,cpe:2.3:o:microsoft:windows_server_2025:10.0.26100.4946:*:*:*:*:*:x64:*,All Other Vulnerabilities,No confirmed exploitation or public exploit code identified.,6.5,0.00868,0.55729,False,False,unproven,,,,,,False,False,False,None,Use of uninitialized resource in Windows RDP allows an unauthorized attacker to disclose information over a network.
CVE-2026-55003,cpe:2.3:o:microsoft:windows_server_2025:10.0.26100.4946:*:*:*:*:*:x64:*,All Other Vulnerabilities,No confirmed exploitation or public exploit code identified.,6.5,0.00651,0.48234,False,False,unproven,,,,,,False,False,False,None,Use of uninitialized resource in Windows RDP allows an unauthorized attacker to disclose information over a network.
CVE-2025-62473,cpe:2.3:o:microsoft:windows_server_2025:10.0.26100.4946:*:*:*:*:*:x64:*,All Other Vulnerabilities,No confirmed exploitation or public exploit code identified.,6.5,0.01054,0.61547,False,False,unproven,,,,,,False,False,False,None,Buffer over-read in Windows Routing and Remote Access Service (RRAS) allows an unauthorized attacker to disclose information over a network.
CVE-2026-65794,cpe:2.3:o:microsoft:windows_server_2025:10.0.26100.4946:*:*:*:*:*:x64:*,All Other Vulnerabilities,No confirmed exploitation or public exploit code identified.,6.5,0.00651,0.48234,False,False,unproven,,,,,,False,False,False,None,Buffer over-read in Windows SMB Client allows an unauthorized attacker to disclose information over a network.
CVE-2026-50497,cpe:2.3:o:microsoft:windows_server_2025:10.0.26100.4946:*:*:*:*:*:x64:*,All Other Vulnerabilities,No confirmed exploitation or public exploit code identified.,6.5,0.00868,0.5573,False,False,unproven,,,,,,False,False,False,None,Off-by-one error in Windows Remote Desktop Protocol allows an unauthorized attacker to disclose information over a network.
CVE-2026-50445,cpe:2.3:o:microsoft:windows_server_2025:10.0.26100.4946:*:*:*:*:*:x64:*,All Other Vulnerabilities,No confirmed exploitation or public exploit code identified.,6.5,0.00651,0.48234,False,False,unproven,,,,,,False,False,False,None,Buffer over-read in Windows RDP allows an unauthorized attacker to disclose information over a network.
CVE-2025-59185,cpe:2.3:o:microsoft:windows_server_2025:10.0.26100.4946:*:*:*:*:*:x64:*,All Other Vulnerabilities,No confirmed exploitation or public exploit code identified.,6.5,0.01071,0.62046,False,False,unproven,,,,,,False,False,False,None,External control of file name or path in Windows Core Shell allows an unauthorized attacker to perform spoofing over a network.
CVE-2026-26155,cpe:2.3:o:microsoft:windows_server_2025:10.0.26100.4946:*:*:*:*:*:x64:*,All Other Vulnerabilities,No confirmed exploitation or public exploit code identified.,6.5,0.00893,0.56463,False,False,unproven,,,,,,False,False,False,None,Microsoft Local Security Authority Subsystem Service Information Disclosure Vulnerability
CVE-2026-50366,cpe:2.3:o:microsoft:windows_server_2025:10.0.26100.4946:*:*:*:*:*:x64:*,All Other Vulnerabilities,No confirmed exploitation or public exploit code identified.,6.5,0.00755,0.52097,False,False,unproven,,,,,,False,False,False,None,Null pointer dereference in Active Directory Domain Services allows an authorized attacker to deny service over a network.
CVE-2026-57979,cpe:2.3:o:microsoft:windows_server_2025:10.0.26100.4946:*:*:*:*:*:x64:*,All Other Vulnerabilities,No confirmed exploitation or public exploit code identified.,6.5,0.00651,0.48233,False,False,unproven,,,,,,False,False,False,None,Out-of-bounds read in Windows RDP allows an unauthorized attacker to disclose information over a network.
CVE-2025-62463,cpe:2.3:o:microsoft:windows_server_2025:10.0.26100.4946:*:*:*:*:*:x64:*,All Other Vulnerabilities,No confirmed exploitation or public exploit code identified.,6.5,0.00451,0.37413,False,False,unproven,,,,,,False,False,False,None,Null pointer dereference in Windows DirectX allows an authorized attacker to deny service locally.
CVE-2026-62742,cpe:2.3:o:microsoft:windows_server_2025:10.0.26100.4946:*:*:*:*:*:x64:*,All Other Vulnerabilities,No confirmed exploitation or public exploit code identified.,6.5,0.0048,0.39348,False,False,unproven,,,,,,False,False,False,None,Integer underflow (wrap or wraparound) in Windows DHCP Server allows an unauthorized attacker to disclose information over an adjacent network.
CVE-2025-53809,cpe:2.3:o:microsoft:windows_server_2025:10.0.26100.4946:*:*:*:*:*:x64:*,All Other Vulnerabilities,No confirmed exploitation or public exploit code identified.,6.5,0.01465,0.71439,False,False,unproven,,,,,,False,False,False,None,Improper input validation in Windows Local Security Authority Subsystem Service (LSASS) allows an authorized attacker to deny service over a network.
CVE-2026-62750,cpe:2.3:o:microsoft:windows_server_2025:10.0.26100.4946:*:*:*:*:*:x64:*,All Other Vulnerabilities,No confirmed exploitation or public exploit code identified.,6.5,0.00574,0.44642,False,False,unproven,,,,,,False,False,False,None,Partial string comparison in Windows HTTP Protocol Stack allows an unauthorized attacker to perform tampering over an adjacent network.
CVE-2026-65785,cpe:2.3:o:microsoft:windows_server_2025:10.0.26100.4946:*:*:*:*:*:x64:*,All Other Vulnerabilities,No confirmed exploitation or public exploit code identified.,6.5,0.00378,0.3088,False,False,unproven,,,,,,False,False,False,None,Uncontrolled resource consumption in Windows DHCP Client allows an unauthorized attacker to deny service over an adjacent network.
CVE-2025-53796,cpe:2.3:o:microsoft:windows_server_2025:10.0.26100.4946:*:*:*:*:*:x64:*,All Other Vulnerabilities,No confirmed exploitation or public exploit code identified.,6.5,0.01157,0.64375,False,False,unproven,,,,,,False,False,False,None,Buffer over-read in Windows Routing and Remote Access Service (RRAS) allows an unauthorized attacker to disclose information over a network.
CVE-2026-59138,cpe:2.3:o:microsoft:windows_server_2025:10.0.26100.4946:*:*:*:*:*:x64:*,All Other Vulnerabilities,No confirmed exploitation or public exploit code identified.,6.5,0.01042,0.61203,False,False,unproven,,,,,,False,False,False,None,Null pointer dereference in Microsoft Remote Registry Service allows an authorized attacker to deny service over a network.
CVE-2026-62715,cpe:2.3:o:microsoft:windows_server_2025:10.0.26100.4946:*:*:*:*:*:x64:*,All Other Vulnerabilities,No confirmed exploitation or public exploit code identified.,6.5,0.0048,0.39348,False,False,unproven,,,,,,False,False,False,None,Integer underflow (wrap or wraparound) in Windows DHCP Server allows an unauthorized attacker to disclose information over an adjacent network.
CVE-2025-58739,cpe:2.3:o:microsoft:windows_server_2025:10.0.26100.4946:*:*:*:*:*:x64:*,All Other Vulnerabilities,No confirmed exploitation or public exploit code identified.,6.5,0.00764,0.5237,False,False,unproven,,,,,,False,False,False,None,Exposure of sensitive information to an unauthorized actor in Windows File Explorer allows an unauthorized attacker to perform spoofing over a network.
CVE-2026-57982,cpe:2.3:o:microsoft:windows_server_2025:10.0.26100.4946:*:*:*:*:*:x64:*,All Other Vulnerabilities,No confirmed exploitation or public exploit code identified.,6.5,0.00953,0.58379,False,False,unproven,,,,,,False,False,False,None,Use of uninitialized resource in Windows RDP allows an authorized attacker to disclose information over a network.
CVE-2025-59244,cpe:2.3:o:microsoft:windows_server_2025:10.0.26100.4946:*:*:*:*:*:x64:*,All Other Vulnerabilities,No confirmed exploitation or public exploit code identified.,6.5,0.00764,0.5237,False,False,unproven,,,,,,False,False,False,None,External control of file name or path in Windows Core Shell allows an unauthorized attacker to perform spoofing over a network.
CVE-2026-61918,cpe:2.3:o:microsoft:windows_server_2025:10.0.26100.4946:*:*:*:*:*:x64:*,All Other Vulnerabilities,No confirmed exploitation or public exploit code identified.,6.5,0.00869,0.55765,False,False,unproven,,,,,,False,False,False,None,Out-of-bounds read in Remote Desktop Client allows an unauthorized attacker to disclose information over a network.
CVE-2025-62465,cpe:2.3:o:microsoft:windows_server_2025:10.0.26100.4946:*:*:*:*:*:x64:*,All Other Vulnerabilities,No confirmed exploitation or public exploit code identified.,6.5,0.00451,0.37414,False,False,unproven,,,,,,False,False,False,None,Null pointer dereference in Windows DirectX allows an authorized attacker to deny service locally.
CVE-2025-59259,cpe:2.3:o:microsoft:windows_server_2025:10.0.26100.4946:*:*:*:*:*:x64:*,All Other Vulnerabilities,No confirmed exploitation or public exploit code identified.,6.5,0.01412,0.70414,False,False,unproven,,,,,,False,False,False,None,Improper validation of specified type of input in Windows Local Session Manager (LSM) allows an authorized attacker to deny service over a network.
CVE-2026-62716,cpe:2.3:o:microsoft:windows_server_2025:10.0.26100.4946:*:*:*:*:*:x64:*,All Other Vulnerabilities,No confirmed exploitation or public exploit code identified.,6.5,0.00468,0.38495,False,False,unproven,,,,,,False,False,False,None,Integer underflow (wrap or wraparound) in Windows DHCP Server allows an unauthorized attacker to disclose information over an adjacent network.
CVE-2026-62814,cpe:2.3:o:microsoft:windows_server_2025:10.0.26100.4946:*:*:*:*:*:x64:*,All Other Vulnerabilities,No confirmed exploitation or public exploit code identified.,6.5,0.00537,0.42741,False,False,unproven,,,,,,False,False,False,None,Integer underflow (wrap or wraparound) in Windows DHCP Server allows an unauthorized attacker to disclose information over an adjacent network.
CVE-2025-54097,cpe:2.3:o:microsoft:windows_server_2025:10.0.26100.4946:*:*:*:*:*:x64:*,All Other Vulnerabilities,No confirmed exploitation or public exploit code identified.,6.5,0.01157,0.64376,False,False,unproven,,,,,,False,False,False,None,Out-of-bounds read in Windows Routing and Remote Access Service (RRAS) allows an unauthorized attacker to disclose information over a network.
CVE-2026-20847,cpe:2.3:o:microsoft:windows_server_2025:10.0.26100.4946:*:*:*:*:*:x64:*,All Other Vulnerabilities,No confirmed exploitation or public exploit code identified.,6.5,0.01351,0.69139,False,False,unproven,,,,,,False,False,False,None,Exposure of sensitive information to an unauthorized actor in Windows Shell allows an authorized attacker to perform spoofing over a network.
CVE-2026-20925,cpe:2.3:o:microsoft:windows_server_2025:10.0.26100.4946:*:*:*:*:*:x64:*,All Other Vulnerabilities,No confirmed exploitation or public exploit code identified.,6.5,0.17944,0.96925,False,False,unproven,,,,,,False,False,False,None,External control of file name or path in Windows NTLM allows an unauthorized attacker to perform spoofing over a network.
CVE-2026-32151,cpe:2.3:o:microsoft:windows_server_2025:10.0.26100.4946:*:*:*:*:*:x64:*,All Other Vulnerabilities,No confirmed exploitation or public exploit code identified.,6.5,0.00747,0.51815,False,False,unproven,,,,,,False,False,False,None,Exposure of sensitive information to an unauthorized actor in Windows Shell allows an authorized attacker to disclose information over a network.
CVE-2026-54126,cpe:2.3:o:microsoft:windows_server_2025:10.0.26100.4946:*:*:*:*:*:x64:*,All Other Vulnerabilities,No confirmed exploitation or public exploit code identified.,6.5,0.00651,0.48234,False,False,unproven,,,,,,False,False,False,None,Out-of-bounds read in Windows RDP allows an unauthorized attacker to disclose information over a network.
CVE-2026-58533,cpe:2.3:o:microsoft:windows_server_2025:10.0.26100.4946:*:*:*:*:*:x64:*,All Other Vulnerabilities,No confirmed exploitation or public exploit code identified.,6.5,0.00868,0.55729,False,False,unproven,,,,,,False,False,False,None,Use of uninitialized resource in Windows RDP allows an unauthorized attacker to disclose information over a network.
CVE-2026-20872,cpe:2.3:o:microsoft:windows_server_2025:10.0.26100.4946:*:*:*:*:*:x64:*,All Other Vulnerabilities,No confirmed exploitation or public exploit code identified.,6.5,0.19801,0.97181,False,False,unproven,,,,,,False,False,False,None,External control of file name or path in Windows NTLM allows an unauthorized attacker to perform spoofing over a network.
CVE-2025-54096,cpe:2.3:o:microsoft:windows_server_2025:10.0.26100.4946:*:*:*:*:*:x64:*,All Other Vulnerabilities,No confirmed exploitation or public exploit code identified.,6.5,0.01157,0.64375,False,False,unproven,,,,,,False,False,False,None,Out-of-bounds read in Windows Routing and Remote Access Service (RRAS) allows an unauthorized attacker to disclose information over a network.
CVE-2026-56168,cpe:2.3:o:microsoft:windows_server_2025:10.0.26100.4946:*:*:*:*:*:x64:*,All Other Vulnerabilities,No confirmed exploitation or public exploit code identified.,6.5,0.00791,0.53249,False,False,unproven,,,,,,False,False,False,None,Null pointer dereference in Windows SMB Server allows an authorized attacker to deny service over a network.
CVE-2026-57097,cpe:2.3:o:microsoft:windows_server_2025:10.0.26100.4946:*:*:*:*:*:x64:*,All Other Vulnerabilities,No confirmed exploitation or public exploit code identified.,6.4,0.00322,0.24925,False,False,unproven,,,,,,False,False,False,None,Untrusted search path in Microsoft XML allows an unauthorized attacker to bypass a security feature with a physical attack.
CVE-2026-62708,cpe:2.3:o:microsoft:windows_server_2025:10.0.26100.4946:*:*:*:*:*:x64:*,All Other Vulnerabilities,No confirmed exploitation or public exploit code identified.,6.4,0.00316,0.24358,False,False,unproven,,,,,,False,False,False,None,Use after free in Windows Kernel allows an unauthorized attacker to elevate privileges with a physical attack.
CVE-2026-21265,cpe:2.3:o:microsoft:windows_server_2025:10.0.26100.4946:*:*:*:*:*:x64:*,All Other Vulnerabilities,No confirmed exploitation or public exploit code identified.,6.4,0.01,0.59899,False,False,unproven,,,,,,False,False,False,None,"Windows Secure Boot stores Microsoft certificates in the UEFI KEK and DB. These original certificates are approaching expiration, and devices containing affected certificate versions must update them to maintain Secure Boot functionality and avoid compromising security by losing security fixes related to Windows boot manager or Secure Boot.
The operating system’s certificate update protection mechanism relies on firmware components that might contain defects, which can cause certificate trust updates to fail or behave unpredictably. This leads to potential disruption of the Secure Boot trust chain and requires careful validation and deployment to restore intended security guarantees.



Certificate Authority (CA)
Location
Purpose
Expiration Date




Microsoft Corporation KEK CA 2011
KEK
Signs updates to the DB and DBX
06/24/2026


Microsoft Corporation UEFI CA 2011
DB
Signs 3rd party boot loaders, Option ROMs, etc.
06/27/2026


Microsoft Windows Production PCA 2011
DB
Signs the Windows Boot Manager
10/19/2026



For more information see this CVE and Windows Secure Boot certificate expiration and CA updates."
CVE-2026-55000,cpe:2.3:o:microsoft:windows_server_2025:10.0.26100.4946:*:*:*:*:*:x64:*,All Other Vulnerabilities,No confirmed exploitation or public exploit code identified.,6.4,0.00247,0.16284,False,False,unproven,,,,,,False,False,False,None,Use after free in Windows USB Print Driver allows an unauthorized attacker to elevate privileges with a physical attack.
CVE-2025-48813,cpe:2.3:o:microsoft:windows_server_2025:10.0.26100.4946:*:*:*:*:*:x64:*,All Other Vulnerabilities,No confirmed exploitation or public exploit code identified.,6.3,0.00234,0.14567,False,False,unproven,,,,,,False,False,False,None,Use of a key past its expiration date in Virtual Secure Mode allows an authorized attacker to perform spoofing locally.
CVE-2025-60723,cpe:2.3:o:microsoft:windows_server_2025:10.0.26100.4946:*:*:*:*:*:x64:*,All Other Vulnerabilities,No confirmed exploitation or public exploit code identified.,6.3,0.00802,0.53614,False,False,unproven,,,,,,False,False,False,None,Concurrent execution using shared resource with improper synchronization ('race condition') in Windows DirectX allows an authorized attacker to deny service over a network.
CVE-2026-50374,cpe:2.3:o:microsoft:windows_server_2025:10.0.26100.4946:*:*:*:*:*:x64:*,All Other Vulnerabilities,No confirmed exploitation or public exploit code identified.,6.3,0.00323,0.2511,False,False,unproven,,,,,,False,False,False,None,Use after free in Windows Cloud Files Mini Filter Driver allows an authorized attacker to elevate privileges with a physical attack.
CVE-2026-50375,cpe:2.3:o:microsoft:windows_server_2025:10.0.26100.4946:*:*:*:*:*:x64:*,All Other Vulnerabilities,No confirmed exploitation or public exploit code identified.,6.3,0.01813,0.76814,False,False,unproven,,,,,,False,False,False,None,Heap-based buffer overflow in Windows DirectX allows an authorized attacker to elevate privileges locally.
CVE-2026-58543,cpe:2.3:o:microsoft:windows_server_2025:10.0.26100.4946:*:*:*:*:*:x64:*,All Other Vulnerabilities,No confirmed exploitation or public exploit code identified.,6.3,0.00171,0.06856,False,False,unproven,,,,,,False,False,False,None,Concurrent execution using shared resource with improper synchronization ('race condition') in Windows USB Print Driver allows an authorized attacker to elevate privileges with a physical attack.
CVE-2026-50294,cpe:2.3:o:microsoft:windows_server_2025:10.0.26100.4946:*:*:*:*:*:x64:*,All Other Vulnerabilities,No confirmed exploitation or public exploit code identified.,6.2,0.00374,0.30482,False,False,unproven,,,,,,False,False,False,None,Exposure of sensitive system information to an unauthorized control sphere in Windows Kernel allows an unauthorized attacker to disclose information locally.
CVE-2026-20821,cpe:2.3:o:microsoft:windows_server_2025:10.0.26100.4946:*:*:*:*:*:x64:*,All Other Vulnerabilities,No confirmed exploitation or public exploit code identified.,6.2,0.00719,0.5081,False,False,unproven,,,,,,False,False,False,None,Exposure of sensitive information to an unauthorized actor in Windows Remote Procedure Call allows an unauthorized attacker to disclose information locally.
CVE-2026-20818,cpe:2.3:o:microsoft:windows_server_2025:10.0.26100.4946:*:*:*:*:*:x64:*,All Other Vulnerabilities,No confirmed exploitation or public exploit code identified.,6.2,0.00719,0.5081,False,False,unproven,,,,,,False,False,False,None,Insertion of sensitive information into log file in Windows Kernel allows an unauthorized attacker to disclose information locally.
CVE-2026-25168,cpe:2.3:o:microsoft:windows_server_2025:10.0.26100.4946:*:*:*:*:*:x64:*,All Other Vulnerabilities,No confirmed exploitation or public exploit code identified.,6.2,0.0046,0.37993,False,False,unproven,,,,,,False,False,False,None,Null pointer dereference in Microsoft Graphics Component allows an unauthorized attacker to deny service locally.
CVE-2026-40380,cpe:2.3:o:microsoft:windows_server_2025:10.0.26100.4946:*:*:*:*:*:x64:*,All Other Vulnerabilities,No confirmed exploitation or public exploit code identified.,6.2,0.00462,0.38143,False,False,unproven,,,,,,False,False,False,None,Heap-based buffer overflow in Volume Manager Extension Driver allows an authorized attacker to execute code with a physical attack.
CVE-2025-59258,cpe:2.3:o:microsoft:windows_server_2025:10.0.26100.4946:*:*:*:*:*:x64:*,All Other Vulnerabilities,No confirmed exploitation or public exploit code identified.,6.2,0.00555,0.43667,False,False,unproven,,,,,,False,False,False,None,Insertion of sensitive information into log file in Active Directory Federation Services allows an unauthorized attacker to disclose information locally.
CVE-2026-32072,cpe:2.3:o:microsoft:windows_server_2025:10.0.26100.4946:*:*:*:*:*:x64:*,All Other Vulnerabilities,No confirmed exploitation or public exploit code identified.,6.2,0.00287,0.21179,False,False,unproven,,,,,,False,False,False,None,Improper authentication in Windows Active Directory allows an unauthorized attacker to perform spoofing locally.
CVE-2026-57095,cpe:2.3:o:microsoft:windows_server_2025:10.0.26100.4946:*:*:*:*:*:x64:*,All Other Vulnerabilities,No confirmed exploitation or public exploit code identified.,6.2,0.00456,0.37759,False,False,unproven,,,,,,False,False,False,None,Exposure of sensitive information to an unauthorized actor in Windows Win32K allows an unauthorized attacker to elevate privileges locally.
CVE-2026-50420,cpe:2.3:o:microsoft:windows_server_2025:10.0.26100.4946:*:*:*:*:*:x64:*,All Other Vulnerabilities,No confirmed exploitation or public exploit code identified.,6.2,0.0038,0.31132,False,False,unproven,,,,,,False,False,False,None,Out-of-bounds read in Windows HTTP.sys allows an unauthorized attacker to disclose information locally.
CVE-2026-20851,cpe:2.3:o:microsoft:windows_server_2025:10.0.26100.4946:*:*:*:*:*:x64:*,All Other Vulnerabilities,No confirmed exploitation or public exploit code identified.,6.2,0.00588,0.45292,False,False,unproven,,,,,,False,False,False,None,Out-of-bounds read in Capability Access Management Service (camsvc) allows an unauthorized attacker to disclose information locally.
CVE-2026-25169,cpe:2.3:o:microsoft:windows_server_2025:10.0.26100.4946:*:*:*:*:*:x64:*,All Other Vulnerabilities,No confirmed exploitation or public exploit code identified.,6.2,0.00454,0.37611,False,False,unproven,,,,,,False,False,False,None,Divide by zero in Microsoft Graphics Component allows an unauthorized attacker to deny service locally.
CVE-2026-49807,cpe:2.3:o:microsoft:windows_server_2025:10.0.26100.4946:*:*:*:*:*:x64:*,All Other Vulnerabilities,No confirmed exploitation or public exploit code identified.,6.2,0.00374,0.30482,False,False,unproven,,,,,,False,False,False,None,Exposure of sensitive information to an unauthorized actor in Windows DirectX allows an unauthorized attacker to disclose information locally.
CVE-2026-0279,cpe:2.3:o:paloaltonetworks:pan-os:11.2.4:h2:*:*:*:*:*:*,All Other Vulnerabilities,No confirmed exploitation or public exploit code identified.,6.1,0.00335,0.26339,False,False,unproven,,,,,,False,False,False,None,"Multiple cross site scripting vulnerabilities in the User-ID™ Authentication Portal (aka Captive Portal) service, GlobalProtect™ gateway/portal features and Clientless VPN of Palo Alto Networks PAN-OS® software enables a malicious unauthenticated user to store or execute malicious JavaScript payload.


The security risk posed by this issue is minimized when the management interface and access to the User-ID™ Authentication Portal is restricted to only trusted internal IP addresses according to our recommended  best practice deployment guidelines https://live.paloaltonetworks.com/t5/community-blogs/tips-amp-tricks-how-to-secure-the-management-access-of-your-palo/ba-p/464431 .

This issue is applicable to PAN-OS software on PA-Series and VM-Series firewalls and on Panorama (virtual and M-Series).

Cloud NGFW is not affected by this vulnerability."
CVE-2025-55330,cpe:2.3:o:microsoft:windows_server_2025:10.0.26100.4946:*:*:*:*:*:x64:*,All Other Vulnerabilities,No confirmed exploitation or public exploit code identified.,6.1,0.00538,0.42771,False,False,unproven,,,,,,False,False,False,None,Improper enforcement of behavioral workflow in Windows BitLocker allows an unauthorized attacker to bypass a security feature with a physical attack.
CVE-2026-49174,cpe:2.3:o:microsoft:windows_server_2025:10.0.26100.4946:*:*:*:*:*:x64:*,All Other Vulnerabilities,No confirmed exploitation or public exploit code identified.,6.1,0.00198,0.09941,False,False,unproven,,,,,,False,False,False,None,Missing authentication for critical function in Microsoft Windows DNS allows an authorized attacker to perform tampering locally.
CVE-2025-55338,cpe:2.3:o:microsoft:windows_server_2025:10.0.26100.4946:*:*:*:*:*:x64:*,All Other Vulnerabilities,No confirmed exploitation or public exploit code identified.,6.1,0.02981,0.8613,False,False,unproven,,,,,,False,False,False,None,Missing Ability to Patch ROM Code in Windows BitLocker allows an unauthorized attacker to bypass a security feature with a physical attack.
CVE-2026-50661,cpe:2.3:o:microsoft:windows_server_2025:10.0.26100.4946:*:*:*:*:*:x64:*,All Other Vulnerabilities,No confirmed exploitation or public exploit code identified.,6.1,0.00723,0.50967,False,False,unproven,,,,,,False,False,False,None,Protection mechanism failure in Windows BitLocker allows an unauthorized attacker to bypass a security feature with a physical attack.
CVE-2026-50383,cpe:2.3:o:microsoft:windows_server_2025:10.0.26100.4946:*:*:*:*:*:x64:*,All Other Vulnerabilities,No confirmed exploitation or public exploit code identified.,6.1,0.00298,0.22396,False,False,unproven,,,,,,False,False,False,None,Buffer over-read in Windows Print Spooler Components allows an authorized attacker to disclose information locally.
CVE-2026-50495,cpe:2.3:o:microsoft:windows_server_2025:10.0.26100.4946:*:*:*:*:*:x64:*,All Other Vulnerabilities,No confirmed exploitation or public exploit code identified.,6.1,0.00281,0.20614,False,False,unproven,,,,,,False,False,False,None,Improper access control in Microsoft Windows DNS allows an authorized attacker to perform tampering locally.
CVE-2025-55333,cpe:2.3:o:microsoft:windows_server_2025:10.0.26100.4946:*:*:*:*:*:x64:*,All Other Vulnerabilities,No confirmed exploitation or public exploit code identified.,6.1,0.00824,0.54341,False,False,unproven,,,,,,False,False,False,None,Incomplete comparison with missing factors in Windows BitLocker allows an unauthorized attacker to bypass a security feature with a physical attack.
CVE-2025-55337,cpe:2.3:o:microsoft:windows_server_2025:10.0.26100.4946:*:*:*:*:*:x64:*,All Other Vulnerabilities,No confirmed exploitation or public exploit code identified.,6.1,0.00482,0.39444,False,False,unproven,,,,,,False,False,False,None,Improper enforcement of behavioral workflow in Windows BitLocker allows an unauthorized attacker to bypass a security feature with a physical attack.
CVE-2026-32088,cpe:2.3:o:microsoft:windows_server_2025:10.0.26100.4946:*:*:*:*:*:x64:*,All Other Vulnerabilities,No confirmed exploitation or public exploit code identified.,6.1,0.00193,0.0933,False,False,unproven,,,,,,False,False,False,None,Concurrent execution using shared resource with improper synchronization ('race condition') in Windows Biometric Service allows an unauthorized attacker to bypass a security feature with a physical attack.
CVE-2025-55332,cpe:2.3:o:microsoft:windows_server_2025:10.0.26100.4946:*:*:*:*:*:x64:*,All Other Vulnerabilities,No confirmed exploitation or public exploit code identified.,6.1,0.00538,0.42771,False,False,unproven,,,,,,False,False,False,None,Improper enforcement of behavioral workflow in Windows BitLocker allows an unauthorized attacker to bypass a security feature with a physical attack.
CVE-2026-26169,cpe:2.3:o:microsoft:windows_server_2025:10.0.26100.4946:*:*:*:*:*:x64:*,All Other Vulnerabilities,No confirmed exploitation or public exploit code identified.,6.1,0.02418,0.82759,False,False,unproven,,,,,,False,False,False,None,Buffer over-read in Windows Kernel Memory allows an authorized attacker to disclose information locally.
CVE-2025-55682,cpe:2.3:o:microsoft:windows_server_2025:10.0.26100.4946:*:*:*:*:*:x64:*,All Other Vulnerabilities,No confirmed exploitation or public exploit code identified.,6.1,0.00482,0.39444,False,False,unproven,,,,,,False,False,False,None,Improper enforcement of behavioral workflow in Windows BitLocker allows an unauthorized attacker to bypass a security feature with a physical attack.
CVE-2026-50453,cpe:2.3:o:microsoft:windows_server_2025:10.0.26100.4946:*:*:*:*:*:x64:*,All Other Vulnerabilities,No confirmed exploitation or public exploit code identified.,6.1,0.00364,0.29512,False,False,unproven,,,,,,False,False,False,None,Out-of-bounds read in Windows USB Audio Class driver (usbaudio.sys) allows an unauthorized attacker to disclose information with a physical attack.
CVE-2026-58638,cpe:2.3:o:microsoft:windows_server_2025:10.0.26100.4946:*:*:*:*:*:x64:*,All Other Vulnerabilities,No confirmed exploitation or public exploit code identified.,6.0,0.00229,0.13936,False,False,unproven,,,,,,False,False,False,None,Missing cryptographic step in Windows Boot Loader allows an authorized attacker to bypass a security feature locally.
CVE-2026-56649,cpe:2.3:o:microsoft:windows_server_2025:10.0.26100.4946:*:*:*:*:*:x64:*,All Other Vulnerabilities,No confirmed exploitation or public exploit code identified.,5.9,0.00651,0.48232,False,False,unproven,,,,,,False,False,False,None,Concurrent execution using shared resource with improper synchronization ('race condition') in Windows Network File System allows an unauthorized attacker to execute code over a network.
CVE-2026-68819,cpe:2.3:o:microsoft:windows_server_2025:10.0.26100.4946:*:*:*:*:*:x64:*,All Other Vulnerabilities,No confirmed exploitation or public exploit code identified.,5.9,0.00684,0.49543,False,False,unproven,,,,,,False,False,False,None,Buffer over-read in Windows Network File System allows an unauthorized attacker to deny service over a network.
CVE-2026-50324,cpe:2.3:o:microsoft:windows_server_2025:10.0.26100.4946:*:*:*:*:*:x64:*,All Other Vulnerabilities,No confirmed exploitation or public exploit code identified.,5.9,0.00782,0.52955,False,False,unproven,,,,,,False,False,False,None,Loop with unreachable exit condition ('infinite loop') in Active Directory Federation Services (AD FS) allows an unauthorized attacker to deny service over a network.
CVE-2026-0269,cpe:2.3:o:paloaltonetworks:pan-os:11.2.4:h2:*:*:*:*:*:*,All Other Vulnerabilities,No confirmed exploitation or public exploit code identified.,5.7,0.00224,0.13228,False,False,unproven,,,,,,False,False,False,None,"A memory corruption vulnerability in the processing of tunnel traffic in Palo Alto Networks PAN-OS® software allows an authenticated user to initiate system reboots using a maliciously crafted packet. Repeated attempts to initiate a reboot causes the firewall to enter maintenance mode.



Panorama, Cloud NGFW, and Prisma® Access are not impacted by this vulnerability."
CVE-2026-23670,cpe:2.3:o:microsoft:windows_server_2025:10.0.26100.4946:*:*:*:*:*:x64:*,All Other Vulnerabilities,No confirmed exploitation or public exploit code identified.,5.7,0.00272,0.19523,False,False,unproven,,,,,,False,False,False,None,Untrusted pointer dereference in Windows Virtualization-Based Security (VBS) Enclave allows an authorized attacker to bypass a security feature locally.
CVE-2026-59131,cpe:2.3:o:microsoft:windows_server_2025:10.0.26100.4946:*:*:*:*:*:x64:*,All Other Vulnerabilities,No confirmed exploitation or public exploit code identified.,5.6,0.00284,0.20925,False,False,unproven,,,,,,False,False,False,None,No cwe for this issue in AMD Zen allows an authorized attacker to disclose information locally.
CVE-2026-59130,cpe:2.3:o:microsoft:windows_server_2025:10.0.26100.4946:*:*:*:*:*:x64:*,All Other Vulnerabilities,No confirmed exploitation or public exploit code identified.,5.6,0.00337,0.2658,False,False,unproven,,,,,,False,False,False,None,No cwe for this issue in AMD Zen allows an authorized attacker to disclose information locally.
CVE-2026-42972,cpe:2.3:o:microsoft:windows_server_2025:10.0.26100.4946:*:*:*:*:*:x64:*,All Other Vulnerabilities,No confirmed exploitation or public exploit code identified.,5.5,0.00459,0.3795,False,False,unproven,,,,,,False,False,False,None,Exposure of sensitive information to an unauthorized actor in Windows Hyper-V allows an authorized attacker to disclose information locally.
CVE-2025-55325,cpe:2.3:o:microsoft:windows_server_2025:10.0.26100.4946:*:*:*:*:*:x64:*,All Other Vulnerabilities,No confirmed exploitation or public exploit code identified.,5.5,0.00482,0.39465,False,False,unproven,,,,,,False,False,False,None,Buffer over-read in Windows Storage Management Provider allows an authorized attacker to disclose information locally.
CVE-2026-20829,cpe:2.3:o:microsoft:windows_server_2025:10.0.26100.4946:*:*:*:*:*:x64:*,All Other Vulnerabilities,No confirmed exploitation or public exploit code identified.,5.5,0.00556,0.43707,False,False,unproven,,,,,,False,False,False,None,Out-of-bounds read in Windows TPM allows an authorized attacker to disclose information locally.
CVE-2026-45594,cpe:2.3:o:microsoft:windows_server_2025:10.0.26100.4946:*:*:*:*:*:x64:*,All Other Vulnerabilities,No confirmed exploitation or public exploit code identified.,5.5,0.00404,0.33595,False,False,unproven,,,,,,False,False,False,None,Exposure of sensitive information to an unauthorized actor in Windows Application Identity (AppID) Subsystem allows an authorized attacker to disclose information locally.
CVE-2025-55683,cpe:2.3:o:microsoft:windows_server_2025:10.0.26100.4946:*:*:*:*:*:x64:*,All Other Vulnerabilities,No confirmed exploitation or public exploit code identified.,5.5,0.00511,0.41207,False,False,unproven,,,,,,False,False,False,None,Exposure of sensitive information to an unauthorized actor in Windows Kernel allows an authorized attacker to disclose information locally.
CVE-2026-62746,cpe:2.3:o:microsoft:windows_server_2025:10.0.26100.4946:*:*:*:*:*:x64:*,All Other Vulnerabilities,No confirmed exploitation or public exploit code identified.,5.5,0.00387,0.3188,False,False,unproven,,,,,,False,False,False,None,Buffer over-read in Windows Win32K allows an authorized attacker to disclose information locally.
CVE-2026-58545,cpe:2.3:o:microsoft:windows_server_2025:10.0.26100.4946:*:*:*:*:*:x64:*,All Other Vulnerabilities,No confirmed exploitation or public exploit code identified.,5.5,0.00241,0.15407,False,False,unproven,,,,,,False,False,False,None,Improper access control in Windows Kernel allows an authorized attacker to bypass a security feature locally.
CVE-2026-20827,cpe:2.3:o:microsoft:windows_server_2025:10.0.26100.4946:*:*:*:*:*:x64:*,All Other Vulnerabilities,No confirmed exploitation or public exploit code identified.,5.5,0.00658,0.4852,False,False,unproven,,,,,,False,False,False,None,Exposure of sensitive information to an unauthorized actor in Tablet Windows User Interface (TWINUI) Subsystem allows an authorized attacker to disclose information locally.
CVE-2025-62209,cpe:2.3:o:microsoft:windows_server_2025:10.0.26100.4946:*:*:*:*:*:x64:*,All Other Vulnerabilities,No confirmed exploitation or public exploit code identified.,5.5,0.00515,0.41481,False,False,unproven,,,,,,False,False,False,None,Insertion of sensitive information into log file in Windows License Manager allows an authorized attacker to disclose information locally.
CVE-2026-50389,cpe:2.3:o:microsoft:windows_server_2025:10.0.26100.4946:*:*:*:*:*:x64:*,All Other Vulnerabilities,No confirmed exploitation or public exploit code identified.,5.5,0.00458,0.37914,False,False,unproven,,,,,,False,False,False,None,Exposure of sensitive information to an unauthorized actor in Windows File Explorer allows an authorized attacker to disclose information locally.
CVE-2026-32079,cpe:2.3:o:microsoft:windows_server_2025:10.0.26100.4946:*:*:*:*:*:x64:*,All Other Vulnerabilities,No confirmed exploitation or public exploit code identified.,5.5,0.00339,0.26848,False,False,unproven,,,,,,False,False,False,None,Exposure of sensitive information to an unauthorized actor in Windows File Explorer allows an authorized attacker to disclose information locally.
CVE-2026-50455,cpe:2.3:o:microsoft:windows_server_2025:10.0.26100.4946:*:*:*:*:*:x64:*,All Other Vulnerabilities,No confirmed exploitation or public exploit code identified.,5.5,0.00298,0.22397,False,False,unproven,,,,,,False,False,False,None,Use of uninitialized resource in Universal Plug and Play (upnp.dll) allows an authorized attacker to disclose information locally.
CVE-2026-56184,cpe:2.3:o:microsoft:windows_server_2025:10.0.26100.4946:*:*:*:*:*:x64:*,All Other Vulnerabilities,No confirmed exploitation or public exploit code identified.,5.5,0.00458,0.37915,False,False,unproven,,,,,,False,False,False,None,Exposure of sensitive information to an unauthorized actor in Windows Win32K allows an authorized attacker to disclose information locally.
CVE-2025-53804,cpe:2.3:o:microsoft:windows_server_2025:10.0.26100.4946:*:*:*:*:*:x64:*,All Other Vulnerabilities,No confirmed exploitation or public exploit code identified.,5.5,0.0065,0.48166,False,False,unproven,,,,,,False,False,False,None,Exposure of sensitive information to an unauthorized actor in Windows Kernel allows an authorized attacker to disclose information locally.
CVE-2026-50409,cpe:2.3:o:microsoft:windows_server_2025:10.0.26100.4946:*:*:*:*:*:x64:*,All Other Vulnerabilities,No confirmed exploitation or public exploit code identified.,5.5,0.00353,0.28417,False,False,unproven,,,,,,False,False,False,None,Exposure of sensitive information to an unauthorized actor in Windows Overlay Filter allows an authorized attacker to disclose information locally.
CVE-2026-61347,cpe:2.3:o:microsoft:windows_server_2025:10.0.26100.4946:*:*:*:*:*:x64:*,All Other Vulnerabilities,No confirmed exploitation or public exploit code identified.,5.5,0.00387,0.31879,False,False,unproven,,,,,,False,False,False,None,Buffer over-read in Windows Event Logging Service allows an authorized attacker to disclose information locally.
CVE-2025-55336,cpe:2.3:o:microsoft:windows_server_2025:10.0.26100.4946:*:*:*:*:*:x64:*,All Other Vulnerabilities,No confirmed exploitation or public exploit code identified.,5.5,0.00571,0.44515,False,False,unproven,,,,,,False,False,False,None,Exposure of sensitive information to an unauthorized actor in Windows Cloud Files Mini Filter Driver allows an authorized attacker to disclose information locally.
CVE-2026-65784,cpe:2.3:o:microsoft:windows_server_2025:10.0.26100.4946:*:*:*:*:*:x64:*,All Other Vulnerabilities,No confirmed exploitation or public exploit code identified.,5.5,0.00299,0.22428,False,False,unproven,,,,,,False,False,False,None,Out-of-bounds read in Windows NTFS allows an authorized attacker to disclose information locally.
CVE-2026-42971,cpe:2.3:o:microsoft:windows_server_2025:10.0.26100.4946:*:*:*:*:*:x64:*,All Other Vulnerabilities,No confirmed exploitation or public exploit code identified.,5.5,0.00459,0.3795,False,False,unproven,,,,,,False,False,False,None,Exposure of sensitive information to an unauthorized actor in Windows Push Notifications allows an authorized attacker to disclose information locally.
CVE-2026-42968,cpe:2.3:o:microsoft:windows_server_2025:10.0.26100.4946:*:*:*:*:*:x64:*,All Other Vulnerabilities,No confirmed exploitation or public exploit code identified.,5.5,0.00388,0.31911,False,False,unproven,,,,,,False,False,False,None,Out-of-bounds read in Windows Telephony Service allows an authorized attacker to disclose information locally.
CVE-2026-50377,cpe:2.3:o:microsoft:windows_server_2025:10.0.26100.4946:*:*:*:*:*:x64:*,All Other Vulnerabilities,No confirmed exploitation or public exploit code identified.,5.5,0.00382,0.31285,False,False,unproven,,,,,,False,False,False,None,Out-of-bounds read in Windows Kernel allows an authorized attacker to elevate privileges locally.
CVE-2025-55699,cpe:2.3:o:microsoft:windows_server_2025:10.0.26100.4946:*:*:*:*:*:x64:*,All Other Vulnerabilities,No confirmed exploitation or public exploit code identified.,5.5,0.00493,0.40089,False,False,unproven,,,,,,False,False,False,None,Exposure of sensitive information to an unauthorized actor in Windows Kernel allows an authorized attacker to disclose information locally.
CVE-2026-32215,cpe:2.3:o:microsoft:windows_server_2025:10.0.26100.4946:*:*:*:*:*:x64:*,All Other Vulnerabilities,No confirmed exploitation or public exploit code identified.,5.5,0.00421,0.35143,False,False,unproven,,,,,,False,False,False,None,Insertion of sensitive information into log file in Windows Kernel allows an authorized attacker to disclose information locally.
CVE-2026-50341,cpe:2.3:o:microsoft:windows_server_2025:10.0.26100.4946:*:*:*:*:*:x64:*,All Other Vulnerabilities,No confirmed exploitation or public exploit code identified.,5.5,0.00298,0.22398,False,False,unproven,,,,,,False,False,False,None,Buffer over-read in Windows NTFS allows an authorized attacker to disclose information locally.
CVE-2026-62887,cpe:2.3:o:microsoft:windows_server_2025:10.0.26100.4946:*:*:*:*:*:x64:*,All Other Vulnerabilities,No confirmed exploitation or public exploit code identified.,5.5,0.00298,0.22396,False,False,unproven,,,,,,False,False,False,None,Out-of-bounds read in Windows NTFS allows an authorized attacker to disclose information locally.
CVE-2025-53803,cpe:2.3:o:microsoft:windows_server_2025:10.0.26100.4946:*:*:*:*:*:x64:*,All Other Vulnerabilities,No confirmed exploitation or public exploit code identified.,5.5,0.0065,0.48166,False,False,unproven,,,,,,False,False,False,None,Generation of error message containing sensitive information in Windows Kernel allows an authorized attacker to disclose information locally.
CVE-2026-32181,cpe:2.3:o:microsoft:windows_server_2025:10.0.26100.4946:*:*:*:*:*:x64:*,All Other Vulnerabilities,No confirmed exploitation or public exploit code identified.,5.5,0.00416,0.34701,False,False,unproven,,,,,,False,False,False,None,Improper privilege management in Microsoft Windows allows an authorized attacker to deny service locally.
CVE-2026-45604,cpe:2.3:o:microsoft:windows_server_2025:10.0.26100.4946:*:*:*:*:*:x64:*,All Other Vulnerabilities,No confirmed exploitation or public exploit code identified.,5.5,0.00341,0.27076,False,False,unproven,,,,,,False,False,False,None,Out-of-bounds read in Windows Application Identity (AppID) Subsystem allows an authorized attacker to disclose information locally.
CVE-2026-50690,cpe:2.3:o:microsoft:windows_server_2025:10.0.26100.4946:*:*:*:*:*:x64:*,All Other Vulnerabilities,No confirmed exploitation or public exploit code identified.,5.5,0.00387,0.31837,False,False,unproven,,,,,,False,False,False,None,Use of uninitialized resource in Windows SMB allows an authorized attacker to disclose information locally.
CVE-2025-62468,cpe:2.3:o:microsoft:windows_server_2025:10.0.26100.4946:*:*:*:*:*:x64:*,All Other Vulnerabilities,No confirmed exploitation or public exploit code identified.,5.5,0.00512,0.41293,False,False,unproven,,,,,,False,False,False,None,Out-of-bounds read in Windows Defender Firewall Service allows an authorized attacker to disclose information locally.
CVE-2026-62730,cpe:2.3:o:microsoft:windows_server_2025:10.0.26100.4946:*:*:*:*:*:x64:*,All Other Vulnerabilities,No confirmed exploitation or public exploit code identified.,5.5,0.00387,0.3188,False,False,unproven,,,,,,False,False,False,None,Buffer over-read in Windows Wired AutoConfig Service allows an authorized attacker to disclose information locally.
CVE-2026-50430,cpe:2.3:o:microsoft:windows_server_2025:10.0.26100.4946:*:*:*:*:*:x64:*,All Other Vulnerabilities,No confirmed exploitation or public exploit code identified.,5.5,0.00353,0.28419,False,False,unproven,,,,,,False,False,False,None,Exposure of sensitive information to an unauthorized actor in Windows Push Notifications allows an authorized attacker to disclose information locally.
CVE-2026-50434,cpe:2.3:o:microsoft:windows_server_2025:10.0.26100.4946:*:*:*:*:*:x64:*,All Other Vulnerabilities,No confirmed exploitation or public exploit code identified.,5.5,0.00353,0.2842,False,False,unproven,,,,,,False,False,False,None,Exposure of sensitive information to an unauthorized actor in Windows Push Notifications allows an authorized attacker to disclose information locally.
CVE-2026-59135,cpe:2.3:o:microsoft:windows_server_2025:10.0.26100.4946:*:*:*:*:*:x64:*,All Other Vulnerabilities,No confirmed exploitation or public exploit code identified.,5.5,0.0032,0.24731,False,False,unproven,,,,,,False,False,False,None,Weak authentication in Microsoft Windows Search Component allows an authorized attacker to disclose information locally.
CVE-2026-49180,cpe:2.3:o:microsoft:windows_server_2025:10.0.26100.4946:*:*:*:*:*:x64:*,All Other Vulnerabilities,No confirmed exploitation or public exploit code identified.,5.5,0.00325,0.25295,False,False,unproven,,,,,,False,False,False,None,Improper link resolution before file access ('link following') in Universal Plug and Play (upnp.dll) allows an authorized attacker to disclose information locally.
CVE-2026-45634,cpe:2.3:o:microsoft:windows_server_2025:10.0.26100.4946:*:*:*:*:*:x64:*,All Other Vulnerabilities,No confirmed exploitation or public exploit code identified.,5.5,0.00362,0.29304,False,False,unproven,,,,,,False,False,False,None,Out-of-bounds read in Windows DHCP Server allows an authorized attacker to disclose information locally.
CVE-2026-61928,cpe:2.3:o:microsoft:windows_server_2025:10.0.26100.4946:*:*:*:*:*:x64:*,All Other Vulnerabilities,No confirmed exploitation or public exploit code identified.,5.5,0.0021,0.11565,False,False,unproven,,,,,,False,False,False,None,Cleartext storage of sensitive information in Windows Hello allows an authorized attacker to perform tampering locally.
CVE-2026-61360,cpe:2.3:o:microsoft:windows_server_2025:10.0.26100.4946:*:*:*:*:*:x64:*,All Other Vulnerabilities,No confirmed exploitation or public exploit code identified.,5.5,0.00387,0.3188,False,False,unproven,,,,,,False,False,False,None,Untrusted pointer dereference in Windows GDI allows an authorized attacker to disclose information locally.
CVE-2025-62208,cpe:2.3:o:microsoft:windows_server_2025:10.0.26100.4946:*:*:*:*:*:x64:*,All Other Vulnerabilities,No confirmed exploitation or public exploit code identified.,5.5,0.00515,0.41481,False,False,unproven,,,,,,False,False,False,None,Insertion of sensitive information into log file in Windows License Manager allows an authorized attacker to disclose information locally.
CVE-2026-50303,cpe:2.3:o:microsoft:windows_server_2025:10.0.26100.4946:*:*:*:*:*:x64:*,All Other Vulnerabilities,No confirmed exploitation or public exploit code identified.,5.5,0.00202,0.10469,False,False,unproven,,,,,,False,False,False,None,Use of a cryptographic primitive with a risky implementation in Windows Key Guard allows an authorized attacker to bypass a security feature locally.
CVE-2026-50300,cpe:2.3:o:microsoft:windows_server_2025:10.0.26100.4946:*:*:*:*:*:x64:*,All Other Vulnerabilities,No confirmed exploitation or public exploit code identified.,5.5,0.00298,0.22396,False,False,unproven,,,,,,False,False,False,None,Integer underflow (wrap or wraparound) in Windows Kernel allows an authorized attacker to disclose information locally.
CVE-2026-57084,cpe:2.3:o:microsoft:windows_server_2025:10.0.26100.4946:*:*:*:*:*:x64:*,All Other Vulnerabilities,No confirmed exploitation or public exploit code identified.,5.5,0.00518,0.41647,False,False,unproven,,,,,,False,False,False,None,Use of uninitialized resource in Windows File Explorer allows an unauthorized attacker to disclose information locally.
CVE-2026-20835,cpe:2.3:o:microsoft:windows_server_2025:10.0.26100.4946:*:*:*:*:*:x64:*,All Other Vulnerabilities,No confirmed exploitation or public exploit code identified.,5.5,0.00556,0.43706,False,False,unproven,,,,,,False,False,False,None,Out-of-bounds read in Capability Access Management Service (camsvc) allows an authorized attacker to disclose information locally.
CVE-2026-61936,cpe:2.3:o:microsoft:windows_server_2025:10.0.26100.4946:*:*:*:*:*:x64:*,All Other Vulnerabilities,No confirmed exploitation or public exploit code identified.,5.5,0.00282,0.20648,False,False,unproven,,,,,,False,False,False,None,Missing authorization in Windows Defender Firewall Service allows an authorized attacker to bypass a security feature locally.
CVE-2026-62709,cpe:2.3:o:microsoft:windows_server_2025:10.0.26100.4946:*:*:*:*:*:x64:*,All Other Vulnerabilities,No confirmed exploitation or public exploit code identified.,5.5,0.00387,0.31837,False,False,unproven,,,,,,False,False,False,None,Use of uninitialized resource in Windows GDI+ allows an authorized attacker to disclose information locally.
CVE-2025-59513,cpe:2.3:o:microsoft:windows_server_2025:10.0.26100.4946:*:*:*:*:*:x64:*,All Other Vulnerabilities,No confirmed exploitation or public exploit code identified.,5.5,0.00467,0.38459,False,False,unproven,,,,,,False,False,False,None,Out-of-bounds read in Windows Bluetooth RFCOM Protocol Driver allows an authorized attacker to disclose information locally.
CVE-2026-20833,cpe:2.3:o:microsoft:windows_server_2025:10.0.26100.4946:*:*:*:*:*:x64:*,All Other Vulnerabilities,No confirmed exploitation or public exploit code identified.,5.5,0.00501,0.4057,False,False,unproven,,,,,,False,False,False,None,Use of a broken or risky cryptographic algorithm in Windows Kerberos allows an authorized attacker to disclose information locally.
CVE-2025-59184,cpe:2.3:o:microsoft:windows_server_2025:10.0.26100.4946:*:*:*:*:*:x64:*,All Other Vulnerabilities,No confirmed exploitation or public exploit code identified.,5.5,0.00404,0.33612,False,False,unproven,,,,,,False,False,False,None,Exposure of sensitive information to an unauthorized actor in Windows High Availability Services allows an authorized attacker to disclose information locally.
CVE-2026-50295,cpe:2.3:o:microsoft:windows_server_2025:10.0.26100.4946:*:*:*:*:*:x64:*,All Other Vulnerabilities,No confirmed exploitation or public exploit code identified.,5.5,0.00217,0.12412,False,False,unproven,,,,,,False,False,False,None,Improper privilege management in Microsoft Windows DNS allows an authorized attacker to bypass a security feature locally.
CVE-2026-48566,cpe:2.3:o:microsoft:windows_server_2025:10.0.26100.4946:*:*:*:*:*:x64:*,All Other Vulnerabilities,No confirmed exploitation or public exploit code identified.,5.5,0.00388,0.31911,False,False,unproven,,,,,,False,False,False,None,Out-of-bounds read in Windows DWM Core Library allows an authorized attacker to elevate privileges locally.
CVE-2026-32218,cpe:2.3:o:microsoft:windows_server_2025:10.0.26100.4946:*:*:*:*:*:x64:*,All Other Vulnerabilities,No confirmed exploitation or public exploit code identified.,5.5,0.00436,0.36296,False,False,unproven,,,,,,False,False,False,None,Insertion of sensitive information into log file in Windows Kernel allows an authorized attacker to disclose information locally.
CVE-2026-20824,cpe:2.3:o:microsoft:windows_server_2025:10.0.26100.4946:*:*:*:*:*:x64:*,All Other Vulnerabilities,No confirmed exploitation or public exploit code identified.,5.5,0.00899,0.56658,False,False,unproven,,,,,,False,False,False,None,Protection mechanism failure in Windows Remote Assistance allows an unauthorized attacker to bypass a security feature locally.
CVE-2026-62740,cpe:2.3:o:microsoft:windows_server_2025:10.0.26100.4946:*:*:*:*:*:x64:*,All Other Vulnerabilities,No confirmed exploitation or public exploit code identified.,5.5,0.00387,0.31837,False,False,unproven,,,,,,False,False,False,None,Use of uninitialized resource in Windows Imaging Component allows an authorized attacker to disclose information locally.
CVE-2025-59211,cpe:2.3:o:microsoft:windows_server_2025:10.0.26100.4946:*:*:*:*:*:x64:*,All Other Vulnerabilities,No confirmed exploitation or public exploit code identified.,5.5,0.00571,0.44514,False,False,unproven,,,,,,False,False,False,None,Exposure of sensitive information to an unauthorized actor in Windows Push Notification Core allows an authorized attacker to disclose information locally.
CVE-2026-20939,cpe:2.3:o:microsoft:windows_server_2025:10.0.26100.4946:*:*:*:*:*:x64:*,All Other Vulnerabilities,No confirmed exploitation or public exploit code identified.,5.5,0.00486,0.39678,False,False,unproven,,,,,,False,False,False,None,Exposure of sensitive information to an unauthorized actor in Windows File Explorer allows an authorized attacker to disclose information locally.
CVE-2025-59260,cpe:2.3:o:microsoft:windows_server_2025:10.0.26100.4946:*:*:*:*:*:x64:*,All Other Vulnerabilities,No confirmed exploitation or public exploit code identified.,5.5,0.00376,0.30737,False,False,unproven,,,,,,False,False,False,None,Exposure of sensitive information to an unauthorized actor in Microsoft Failover Cluster Virtual Driver allows an authorized attacker to disclose information locally.
CVE-2026-40422,cpe:2.3:o:microsoft:windows_server_2025:10.0.26100.4946:*:*:*:*:*:x64:*,All Other Vulnerabilities,No confirmed exploitation or public exploit code identified.,5.5,0.00298,0.22396,False,False,unproven,,,,,,False,False,False,None,Use of uninitialized resource in Windows File Explorer allows an authorized attacker to disclose information locally.
CVE-2026-32081,cpe:2.3:o:microsoft:windows_server_2025:10.0.26100.4946:*:*:*:*:*:x64:*,All Other Vulnerabilities,No confirmed exploitation or public exploit code identified.,5.5,0.00422,0.35186,False,False,unproven,,,,,,False,False,False,None,Exposure of sensitive information to an unauthorized actor in Windows File Explorer allows an authorized attacker to disclose information locally.
CVE-2026-32214,cpe:2.3:o:microsoft:windows_server_2025:10.0.26100.4946:*:*:*:*:*:x64:*,All Other Vulnerabilities,No confirmed exploitation or public exploit code identified.,5.5,0.00221,0.12885,False,False,unproven,,,,,,False,False,False,None,Improper access control in Universal Plug and Play (upnp.dll) allows an authorized attacker to disclose information locally.
CVE-2026-62703,cpe:2.3:o:microsoft:windows_server_2025:10.0.26100.4946:*:*:*:*:*:x64:*,All Other Vulnerabilities,No confirmed exploitation or public exploit code identified.,5.5,0.00387,0.3188,False,False,unproven,,,,,,False,False,False,None,Out-of-bounds read in Windows DWM Core Library allows an authorized attacker to disclose information locally.
CVE-2026-57083,cpe:2.3:o:microsoft:windows_server_2025:10.0.26100.4946:*:*:*:*:*:x64:*,All Other Vulnerabilities,No confirmed exploitation or public exploit code identified.,5.5,0.00495,0.40237,False,False,unproven,,,,,,False,False,False,None,Use of uninitialized resource in Microsoft Windows Codecs Library allows an unauthorized attacker to disclose information locally.
CVE-2026-62786,cpe:2.3:o:microsoft:windows_server_2025:10.0.26100.4946:*:*:*:*:*:x64:*,All Other Vulnerabilities,No confirmed exploitation or public exploit code identified.,5.5,0.00312,0.2391,False,False,unproven,,,,,,False,False,False,None,Out-of-bounds read in Windows Win32K allows an authorized attacker to disclose information locally.
CVE-2026-59128,cpe:2.3:o:microsoft:windows_server_2025:10.0.26100.4946:*:*:*:*:*:x64:*,All Other Vulnerabilities,No confirmed exploitation or public exploit code identified.,5.5,0.00387,0.31881,False,False,unproven,,,,,,False,False,False,None,Out-of-bounds read in Windows Encrypting File System (EFS) allows an authorized attacker to disclose information locally.
CVE-2026-20838,cpe:2.3:o:microsoft:windows_server_2025:10.0.26100.4946:*:*:*:*:*:x64:*,All Other Vulnerabilities,No confirmed exploitation or public exploit code identified.,5.5,0.00658,0.48521,False,False,unproven,,,,,,False,False,False,None,Generation of error message containing sensitive information in Windows Kernel allows an authorized attacker to disclose information locally.
CVE-2026-34346,cpe:2.3:o:microsoft:windows_server_2025:10.0.26100.4946:*:*:*:*:*:x64:*,All Other Vulnerabilities,No confirmed exploitation or public exploit code identified.,5.5,0.00202,0.105,False,False,unproven,,,,,,False,False,False,None,Cleartext transmission of sensitive information in Windows Ancillary Function Driver for WinSock allows an authorized attacker to disclose information locally.
CVE-2026-21222,cpe:2.3:o:microsoft:windows_server_2025:10.0.26100.4946:*:*:*:*:*:x64:*,All Other Vulnerabilities,No confirmed exploitation or public exploit code identified.,5.5,0.0057,0.44426,False,False,unproven,,,,,,False,False,False,None,Insertion of sensitive information into log file in Windows Kernel allows an authorized attacker to disclose information locally.
CVE-2026-50381,cpe:2.3:o:microsoft:windows_server_2025:10.0.26100.4946:*:*:*:*:*:x64:*,All Other Vulnerabilities,No confirmed exploitation or public exploit code identified.,5.5,0.00285,0.21,False,False,unproven,,,,,,False,False,False,None,Access of resource using incompatible type ('type confusion') in Composite Image File System Driver allows an authorized attacker to disclose information locally.
CVE-2026-50437,cpe:2.3:o:microsoft:windows_server_2025:10.0.26100.4946:*:*:*:*:*:x64:*,All Other Vulnerabilities,No confirmed exploitation or public exploit code identified.,5.5,0.00298,0.22395,False,False,unproven,,,,,,False,False,False,None,Out-of-bounds read in Windows DWM Core Library allows an authorized attacker to disclose information locally.
CVE-2026-20862,cpe:2.3:o:microsoft:windows_server_2025:10.0.26100.4946:*:*:*:*:*:x64:*,All Other Vulnerabilities,No confirmed exploitation or public exploit code identified.,5.5,0.00638,0.47611,False,False,unproven,,,,,,False,False,False,None,Exposure of sensitive information to an unauthorized actor in Windows Management Services allows an authorized attacker to disclose information locally.
CVE-2026-27930,cpe:2.3:o:microsoft:windows_server_2025:10.0.26100.4946:*:*:*:*:*:x64:*,All Other Vulnerabilities,No confirmed exploitation or public exploit code identified.,5.5,0.00384,0.31491,False,False,unproven,,,,,,False,False,False,None,Out-of-bounds read in Windows GDI allows an unauthorized attacker to disclose information locally.
CVE-2025-59190,cpe:2.3:o:microsoft:windows_server_2025:10.0.26100.4946:*:*:*:*:*:x64:*,All Other Vulnerabilities,No confirmed exploitation or public exploit code identified.,5.5,0.00467,0.3848,False,False,unproven,,,,,,False,False,False,None,Improper input validation in Microsoft Windows Search Component allows an unauthorized attacker to deny service locally.
CVE-2026-44805,cpe:2.3:o:microsoft:windows_server_2025:10.0.26100.4946:*:*:*:*:*:x64:*,All Other Vulnerabilities,No confirmed exploitation or public exploit code identified.,5.5,0.00356,0.2871,False,False,unproven,,,,,,False,False,False,None,Use after free in Windows Network Controller (NC) Host Agent allows an authorized attacker to deny service locally.
CVE-2026-50442,cpe:2.3:o:microsoft:windows_server_2025:10.0.26100.4946:*:*:*:*:*:x64:*,All Other Vulnerabilities,No confirmed exploitation or public exploit code identified.,5.5,0.00353,0.28418,False,False,unproven,,,,,,False,False,False,None,Exposure of sensitive information to an unauthorized actor in Windows File Explorer allows an authorized attacker to disclose information locally.
CVE-2026-34349,cpe:2.3:o:microsoft:windows_server_2025:10.0.26100.4946:*:*:*:*:*:x64:*,All Other Vulnerabilities,No confirmed exploitation or public exploit code identified.,5.5,0.00354,0.28465,False,False,unproven,,,,,,False,False,False,None,Exposure of sensitive information to an unauthorized actor in Windows Media allows an authorized attacker to disclose information locally.
CVE-2026-33842,cpe:2.3:o:microsoft:windows_server_2025:10.0.26100.4946:*:*:*:*:*:x64:*,All Other Vulnerabilities,No confirmed exploitation or public exploit code identified.,5.5,0.00353,0.28418,False,False,unproven,,,,,,False,False,False,None,Exposure of sensitive information to an unauthorized actor in Windows File Explorer allows an authorized attacker to disclose information locally.
CVE-2025-59188,cpe:2.3:o:microsoft:windows_server_2025:10.0.26100.4946:*:*:*:*:*:x64:*,All Other Vulnerabilities,No confirmed exploitation or public exploit code identified.,5.5,0.00404,0.33613,False,False,unproven,,,,,,False,False,False,None,Exposure of sensitive information to an unauthorized actor in Windows Failover Cluster allows an authorized attacker to disclose information locally.
CVE-2026-35419,cpe:2.3:o:microsoft:windows_server_2025:10.0.26100.4946:*:*:*:*:*:x64:*,All Other Vulnerabilities,No confirmed exploitation or public exploit code identified.,5.5,0.00374,0.30526,False,False,unproven,,,,,,False,False,False,None,Out-of-bounds read in Windows DWM Core Library allows an authorized attacker to disclose information locally.
CVE-2026-42970,cpe:2.3:o:microsoft:windows_server_2025:10.0.26100.4946:*:*:*:*:*:x64:*,All Other Vulnerabilities,No confirmed exploitation or public exploit code identified.,5.5,0.00404,0.33594,False,False,unproven,,,,,,False,False,False,None,Exposure of sensitive information to an unauthorized actor in Windows Push Notifications allows an authorized attacker to disclose information locally.
CVE-2026-34328,cpe:2.3:o:microsoft:windows_server_2025:10.0.26100.4946:*:*:*:*:*:x64:*,All Other Vulnerabilities,No confirmed exploitation or public exploit code identified.,5.5,0.00353,0.28417,False,False,unproven,,,,,,False,False,False,None,Exposure of sensitive information to an unauthorized actor in Windows Audio Service allows an authorized attacker to disclose information locally.
CVE-2026-20937,cpe:2.3:o:microsoft:windows_server_2025:10.0.26100.4946:*:*:*:*:*:x64:*,All Other Vulnerabilities,No confirmed exploitation or public exploit code identified.,5.5,0.00484,0.39558,False,False,unproven,,,,,,False,False,False,None,Exposure of sensitive information to an unauthorized actor in Windows File Explorer allows an authorized attacker to disclose information locally.
CVE-2025-47979,cpe:2.3:o:microsoft:windows_server_2025:10.0.26100.4946:*:*:*:*:*:x64:*,All Other Vulnerabilities,No confirmed exploitation or public exploit code identified.,5.5,0.0057,0.44455,False,False,unproven,,,,,,False,False,False,None,Insertion of sensitive information into log file in Windows Failover Cluster allows an authorized attacker to disclose information locally.
CVE-2026-58547,cpe:2.3:o:microsoft:windows_server_2025:10.0.26100.4946:*:*:*:*:*:x64:*,All Other Vulnerabilities,No confirmed exploitation or public exploit code identified.,5.5,0.00353,0.28376,False,False,unproven,,,,,,False,False,False,None,Heap-based buffer overflow in Universal Plug and Play (upnp.dll) allows an authorized attacker to elevate privileges locally.
CVE-2026-62738,cpe:2.3:o:microsoft:windows_server_2025:10.0.26100.4946:*:*:*:*:*:x64:*,All Other Vulnerabilities,No confirmed exploitation or public exploit code identified.,5.5,0.00387,0.31879,False,False,unproven,,,,,,False,False,False,None,Out-of-bounds read in Windows Management Instrumentation allows an authorized attacker to disclose information locally.
CVE-2025-60706,cpe:2.3:o:microsoft:windows_server_2025:10.0.26100.4946:*:*:*:*:*:x64:*,All Other Vulnerabilities,No confirmed exploitation or public exploit code identified.,5.5,0.00467,0.3846,False,False,unproven,,,,,,False,False,False,None,Out-of-bounds read in Windows Hyper-V allows an authorized attacker to disclose information locally.
CVE-2026-50431,cpe:2.3:o:microsoft:windows_server_2025:10.0.26100.4946:*:*:*:*:*:x64:*,All Other Vulnerabilities,No confirmed exploitation or public exploit code identified.,5.5,0.00458,0.37914,False,False,unproven,,,,,,False,False,False,None,Windows Quality of Service (QoS) Packet Scheduler Information Disclosure Vulnerability
CVE-2026-59137,cpe:2.3:o:microsoft:windows_server_2025:10.0.26100.4946:*:*:*:*:*:x64:*,All Other Vulnerabilities,No confirmed exploitation or public exploit code identified.,5.5,0.00387,0.31881,False,False,unproven,,,,,,False,False,False,None,Use of uninitialized resource in Windows Event Logging Service allows an authorized attacker to disclose information locally.
CVE-2026-20932,cpe:2.3:o:microsoft:windows_server_2025:10.0.26100.4946:*:*:*:*:*:x64:*,All Other Vulnerabilities,No confirmed exploitation or public exploit code identified.,5.5,0.0068,0.49379,False,False,unproven,,,,,,False,False,False,None,Exposure of sensitive information to an unauthorized actor in Windows File Explorer allows an authorized attacker to disclose information locally.
CVE-2026-41087,cpe:2.3:o:microsoft:windows_server_2025:10.0.26100.4946:*:*:*:*:*:x64:*,All Other Vulnerabilities,No confirmed exploitation or public exploit code identified.,5.5,0.00353,0.28419,False,False,unproven,,,,,,False,False,False,None,Exposure of sensitive information to an unauthorized actor in Windows File Explorer allows an authorized attacker to disclose information locally.
CVE-2026-50483,cpe:2.3:o:microsoft:windows_server_2025:10.0.26100.4946:*:*:*:*:*:x64:*,All Other Vulnerabilities,No confirmed exploitation or public exploit code identified.,5.5,0.00338,0.26682,False,False,unproven,,,,,,False,False,False,None,Exposure of sensitive information to an unauthorized actor in Microsoft Graphics Component allows an authorized attacker to disclose information locally.
CVE-2026-20806,cpe:2.3:o:microsoft:windows_server_2025:10.0.26100.4946:*:*:*:*:*:x64:*,All Other Vulnerabilities,No confirmed exploitation or public exploit code identified.,5.5,0.00341,0.27076,False,False,unproven,,,,,,False,False,False,None,Access of resource using incompatible type ('type confusion') in Windows COM allows an authorized attacker to disclose information locally.
CVE-2025-55695,cpe:2.3:o:microsoft:windows_server_2025:10.0.26100.4946:*:*:*:*:*:x64:*,All Other Vulnerabilities,No confirmed exploitation or public exploit code identified.,5.5,0.00381,0.31209,False,False,unproven,,,,,,False,False,False,None,Out-of-bounds read in Windows WLAN Auto Config Service allows an authorized attacker to disclose information locally.
CVE-2026-50350,cpe:2.3:o:microsoft:windows_server_2025:10.0.26100.4946:*:*:*:*:*:x64:*,All Other Vulnerabilities,No confirmed exploitation or public exploit code identified.,5.5,0.00353,0.28418,False,False,unproven,,,,,,False,False,False,None,Exposure of sensitive information to an unauthorized actor in Windows Trusted Runtime Interface Driver allows an authorized attacker to disclose information locally.
CVE-2026-42969,cpe:2.3:o:microsoft:windows_server_2025:10.0.26100.4946:*:*:*:*:*:x64:*,All Other Vulnerabilities,No confirmed exploitation or public exploit code identified.,5.5,0.00388,0.31911,False,False,unproven,,,,,,False,False,False,None,Use of uninitialized resource in Windows Push Notifications allows an authorized attacker to disclose information locally.
CVE-2026-57085,cpe:2.3:o:microsoft:windows_server_2025:10.0.26100.4946:*:*:*:*:*:x64:*,All Other Vulnerabilities,No confirmed exploitation or public exploit code identified.,5.5,0.00273,0.19715,False,False,unproven,,,,,,False,False,False,None,Out-of-bounds read in Windows Print Spooler Components allows an authorized attacker to disclose information locally.
CVE-2026-62796,cpe:2.3:o:microsoft:windows_server_2025:10.0.26100.4946:*:*:*:*:*:x64:*,All Other Vulnerabilities,No confirmed exploitation or public exploit code identified.,5.5,0.00312,0.23909,False,False,unproven,,,,,,False,False,False,None,Out-of-bounds read in Windows NTFS allows an authorized attacker to disclose information locally.
CVE-2025-53799,cpe:2.3:o:microsoft:windows_server_2025:10.0.26100.4946:*:*:*:*:*:x64:*,All Other Vulnerabilities,No confirmed exploitation or public exploit code identified.,5.5,0.00782,0.5297,False,False,unproven,,,,,,False,False,False,None,Use of uninitialized resource in Windows Imaging Component allows an unauthorized attacker to disclose information locally.
CVE-2026-45606,cpe:2.3:o:microsoft:windows_server_2025:10.0.26100.4946:*:*:*:*:*:x64:*,All Other Vulnerabilities,No confirmed exploitation or public exploit code identified.,5.5,0.00383,0.31403,False,False,unproven,,,,,,False,False,False,None,Out-of-bounds read in Microsoft UxTheme Library (uxtheme.dll) allows an authorized attacker to deny service locally.
CVE-2026-58614,cpe:2.3:o:microsoft:windows_server_2025:10.0.26100.4946:*:*:*:*:*:x64:*,All Other Vulnerabilities,No confirmed exploitation or public exploit code identified.,5.5,0.00278,0.20241,False,False,unproven,,,,,,False,False,False,None,Out-of-bounds read in Windows Kernel allows an authorized attacker to bypass a security feature locally.
CVE-2026-50681,cpe:2.3:o:microsoft:windows_server_2025:10.0.26100.4946:*:*:*:*:*:x64:*,All Other Vulnerabilities,No confirmed exploitation or public exploit code identified.,5.5,0.00458,0.37915,False,False,unproven,,,,,,False,False,False,None,Exposure of sensitive information to an unauthorized actor in Windows Cryptographic Services allows an authorized attacker to disclose information locally.
CVE-2026-62743,cpe:2.3:o:microsoft:windows_server_2025:10.0.26100.4946:*:*:*:*:*:x64:*,All Other Vulnerabilities,No confirmed exploitation or public exploit code identified.,5.5,0.00387,0.31879,False,False,unproven,,,,,,False,False,False,None,Out-of-bounds read in Windows Win32K allows an authorized attacker to disclose information locally.
CVE-2026-49801,cpe:2.3:o:microsoft:windows_server_2025:10.0.26100.4946:*:*:*:*:*:x64:*,All Other Vulnerabilities,No confirmed exploitation or public exploit code identified.,5.5,0.00298,0.22395,False,False,unproven,,,,,,False,False,False,None,Use of uninitialized resource in Windows SMB allows an authorized attacker to disclose information locally.
CVE-2026-59136,cpe:2.3:o:microsoft:windows_server_2025:10.0.26100.4946:*:*:*:*:*:x64:*,All Other Vulnerabilities,No confirmed exploitation or public exploit code identified.,5.5,0.0037,0.30098,False,False,unproven,,,,,,False,False,False,None,Use of uninitialized resource in Microsoft COM for Windows allows an authorized attacker to disclose information locally.
CVE-2025-59197,cpe:2.3:o:microsoft:windows_server_2025:10.0.26100.4946:*:*:*:*:*:x64:*,All Other Vulnerabilities,No confirmed exploitation or public exploit code identified.,5.5,0.0042,0.35007,False,False,unproven,,,,,,False,False,False,None,Insertion of sensitive information into log file in Windows ETL Channel allows an authorized attacker to disclose information locally.
CVE-2025-59186,cpe:2.3:o:microsoft:windows_server_2025:10.0.26100.4946:*:*:*:*:*:x64:*,All Other Vulnerabilities,No confirmed exploitation or public exploit code identified.,5.5,0.00571,0.44515,False,False,unproven,,,,,,False,False,False,None,Exposure of sensitive information to an unauthorized actor in Windows Kernel allows an authorized attacker to disclose information locally.
CVE-2026-50316,cpe:2.3:o:microsoft:windows_server_2025:10.0.26100.4946:*:*:*:*:*:x64:*,All Other Vulnerabilities,No confirmed exploitation or public exploit code identified.,5.5,0.00353,0.28416,False,False,unproven,,,,,,False,False,False,None,Insertion of sensitive information into log file in Windows Kernel allows an authorized attacker to disclose information locally.
CVE-2026-50339,cpe:2.3:o:microsoft:windows_server_2025:10.0.26100.4946:*:*:*:*:*:x64:*,All Other Vulnerabilities,No confirmed exploitation or public exploit code identified.,5.5,0.00353,0.28418,False,False,unproven,,,,,,False,False,False,None,Exposure of sensitive information to an unauthorized actor in Windows Push Notifications allows an authorized attacker to disclose information locally.
CVE-2026-50456,cpe:2.3:o:microsoft:windows_server_2025:10.0.26100.4946:*:*:*:*:*:x64:*,All Other Vulnerabilities,No confirmed exploitation or public exploit code identified.,5.5,0.00353,0.28419,False,False,unproven,,,,,,False,False,False,None,Exposure of sensitive information to an unauthorized actor in Windows File Explorer allows an authorized attacker to disclose information locally.
CVE-2025-59510,cpe:2.3:o:microsoft:windows_server_2025:10.0.26100.4946:*:*:*:*:*:x64:*,All Other Vulnerabilities,No confirmed exploitation or public exploit code identified.,5.5,0.005,0.40551,False,False,unproven,,,,,,False,False,False,None,Improper link resolution before file access ('link following') in Windows Routing and Remote Access Service (RRAS) allows an authorized attacker to deny service locally.
CVE-2026-42906,cpe:2.3:o:microsoft:windows_server_2025:10.0.26100.4946:*:*:*:*:*:x64:*,All Other Vulnerabilities,No confirmed exploitation or public exploit code identified.,5.5,0.00404,0.33594,False,False,unproven,,,,,,False,False,False,None,Exposure of sensitive information to an unauthorized actor in Windows Shell allows an authorized attacker to disclose information locally.
CVE-2025-59203,cpe:2.3:o:microsoft:windows_server_2025:10.0.26100.4946:*:*:*:*:*:x64:*,All Other Vulnerabilities,No confirmed exploitation or public exploit code identified.,5.5,0.0042,0.35007,False,False,unproven,,,,,,False,False,False,None,Insertion of sensitive information into log file in Windows StateRepository API allows an authorized attacker to disclose information locally.
CVE-2026-62798,cpe:2.3:o:microsoft:windows_server_2025:10.0.26100.4946:*:*:*:*:*:x64:*,All Other Vulnerabilities,No confirmed exploitation or public exploit code identified.,5.5,0.00312,0.2391,False,False,unproven,,,,,,False,False,False,None,Untrusted pointer dereference in Windows Win32K allows an authorized attacker to disclose information locally.
CVE-2025-59209,cpe:2.3:o:microsoft:windows_server_2025:10.0.26100.4946:*:*:*:*:*:x64:*,All Other Vulnerabilities,No confirmed exploitation or public exploit code identified.,5.5,0.00436,0.36306,False,False,unproven,,,,,,False,False,False,None,Exposure of sensitive information to an unauthorized actor in Windows Push Notification Core allows an authorized attacker to disclose information locally.
CVE-2026-25186,cpe:2.3:o:microsoft:windows_server_2025:10.0.26100.4946:*:*:*:*:*:x64:*,All Other Vulnerabilities,No confirmed exploitation or public exploit code identified.,5.5,0.0063,0.47254,False,False,unproven,,,,,,False,False,False,None,Exposure of sensitive information to an unauthorized actor in Windows Accessibility Infrastructure (ATBroker.exe) allows an authorized attacker to disclose information locally.
CVE-2026-50401,cpe:2.3:o:microsoft:windows_server_2025:10.0.26100.4946:*:*:*:*:*:x64:*,All Other Vulnerabilities,No confirmed exploitation or public exploit code identified.,5.5,0.00298,0.22397,False,False,unproven,,,,,,False,False,False,None,Out-of-bounds read in Windows Cloud Files Mini Filter Driver allows an authorized attacker to disclose information locally.
CVE-2026-42973,cpe:2.3:o:microsoft:windows_server_2025:10.0.26100.4946:*:*:*:*:*:x64:*,All Other Vulnerabilities,No confirmed exploitation or public exploit code identified.,5.5,0.00404,0.33594,False,False,unproven,,,,,,False,False,False,None,Exposure of sensitive information to an unauthorized actor in Windows Push Notifications allows an authorized attacker to disclose information locally.
CVE-2026-32085,cpe:2.3:o:microsoft:windows_server_2025:10.0.26100.4946:*:*:*:*:*:x64:*,All Other Vulnerabilities,No confirmed exploitation or public exploit code identified.,5.5,0.00443,0.36827,False,False,unproven,,,,,,False,False,False,None,Exposure of sensitive information to an unauthorized actor in Windows Remote Procedure Call allows an authorized attacker to disclose information locally.
CVE-2026-65662,cpe:2.3:o:microsoft:windows_server_2025:10.0.26100.4946:*:*:*:*:*:x64:*,All Other Vulnerabilities,No confirmed exploitation or public exploit code identified.,5.5,0.00312,0.23909,False,False,unproven,,,,,,False,False,False,None,Out-of-bounds read in Windows GDI allows an authorized attacker to disclose information locally.
CVE-2025-55676,cpe:2.3:o:microsoft:windows_server_2025:10.0.26100.4946:*:*:*:*:*:x64:*,All Other Vulnerabilities,No confirmed exploitation or public exploit code identified.,5.5,0.00618,0.46714,False,False,unproven,,,,,,False,False,False,None,Generation of error message containing sensitive information in Windows USB Video Driver allows an authorized attacker to disclose information locally.
CVE-2025-59204,cpe:2.3:o:microsoft:windows_server_2025:10.0.26100.4946:*:*:*:*:*:x64:*,All Other Vulnerabilities,No confirmed exploitation or public exploit code identified.,5.5,0.00482,0.39466,False,False,unproven,,,,,,False,False,False,None,Use of uninitialized resource in Windows Management Services allows an authorized attacker to disclose information locally.
CVE-2026-25180,cpe:2.3:o:microsoft:windows_server_2025:10.0.26100.4946:*:*:*:*:*:x64:*,All Other Vulnerabilities,No confirmed exploitation or public exploit code identified.,5.5,0.00655,0.48376,False,False,unproven,,,,,,False,False,False,None,Out-of-bounds read in Microsoft Graphics Component allows an unauthorized attacker to disclose information locally.
CVE-2026-42915,cpe:2.3:o:microsoft:windows_server_2025:10.0.26100.4946:*:*:*:*:*:x64:*,All Other Vulnerabilities,No confirmed exploitation or public exploit code identified.,5.5,0.00383,0.31402,False,False,unproven,,,,,,False,False,False,None,Incorrect calculation of buffer size in Windows VMSwitch allows an authorized attacker to deny service locally.
CVE-2026-50473,cpe:2.3:o:microsoft:windows_server_2025:10.0.26100.4946:*:*:*:*:*:x64:*,All Other Vulnerabilities,No confirmed exploitation or public exploit code identified.,5.5,0.00353,0.28419,False,False,unproven,,,,,,False,False,False,None,Exposure of sensitive information to an unauthorized actor in Windows File Explorer allows an authorized attacker to disclose information locally.
CVE-2026-62793,cpe:2.3:o:microsoft:windows_server_2025:10.0.26100.4946:*:*:*:*:*:x64:*,All Other Vulnerabilities,No confirmed exploitation or public exploit code identified.,5.5,0.00312,0.2391,False,False,unproven,,,,,,False,False,False,None,Buffer over-read in Windows NTFS allows an authorized attacker to disclose information locally.
CVE-2026-54997,cpe:2.3:o:microsoft:windows_server_2025:10.0.26100.4946:*:*:*:*:*:x64:*,All Other Vulnerabilities,No confirmed exploitation or public exploit code identified.,5.5,0.00298,0.22397,False,False,unproven,,,,,,False,False,False,None,Use of uninitialized resource in Windows SMB allows an authorized attacker to disclose information locally.
CVE-2026-32212,cpe:2.3:o:microsoft:windows_server_2025:10.0.26100.4946:*:*:*:*:*:x64:*,All Other Vulnerabilities,No confirmed exploitation or public exploit code identified.,5.5,0.00307,0.23281,False,False,unproven,,,,,,False,False,False,None,Improper link resolution before file access ('link following') in Universal Plug and Play (upnp.dll) allows an authorized attacker to disclose information locally.
CVE-2026-20839,cpe:2.3:o:microsoft:windows_server_2025:10.0.26100.4946:*:*:*:*:*:x64:*,All Other Vulnerabilities,No confirmed exploitation or public exploit code identified.,5.5,0.00481,0.39368,False,False,unproven,,,,,,False,False,False,None,Improper access control in Windows Client-Side Caching (CSC) Service allows an authorized attacker to disclose information locally.
CVE-2026-34339,cpe:2.3:o:microsoft:windows_server_2025:10.0.26100.4946:*:*:*:*:*:x64:*,All Other Vulnerabilities,No confirmed exploitation or public exploit code identified.,5.5,0.00292,0.21712,False,False,unproven,,,,,,False,False,False,None,Null pointer dereference in Windows LDAP - Lightweight Directory Access Protocol allows an authorized attacker to deny service locally.
CVE-2026-50334,cpe:2.3:o:microsoft:windows_server_2025:10.0.26100.4946:*:*:*:*:*:x64:*,All Other Vulnerabilities,No confirmed exploitation or public exploit code identified.,5.5,0.00353,0.28417,False,False,unproven,,,,,,False,False,False,None,Exposure of sensitive information to an unauthorized actor in Windows Notification allows an authorized attacker to disclose information locally.
CVE-2026-50394,cpe:2.3:o:microsoft:windows_server_2025:10.0.26100.4946:*:*:*:*:*:x64:*,All Other Vulnerabilities,No confirmed exploitation or public exploit code identified.,5.5,0.00354,0.28466,False,False,unproven,,,,,,False,False,False,None,Exposure of sensitive information to an unauthorized actor in Windows Media allows an authorized attacker to disclose information locally.
CVE-2025-59509,cpe:2.3:o:microsoft:windows_server_2025:10.0.26100.4946:*:*:*:*:*:x64:*,All Other Vulnerabilities,No confirmed exploitation or public exploit code identified.,5.5,0.00553,0.43583,False,False,unproven,,,,,,False,False,False,None,Insertion of sensitive information into sent data in Windows Speech allows an authorized attacker to disclose information locally.
CVE-2026-20823,cpe:2.3:o:microsoft:windows_server_2025:10.0.26100.4946:*:*:*:*:*:x64:*,All Other Vulnerabilities,No confirmed exploitation or public exploit code identified.,5.5,0.0068,0.49379,False,False,unproven,,,,,,False,False,False,None,Exposure of sensitive information to an unauthorized actor in Windows File Explorer allows an authorized attacker to disclose information locally.
CVE-2026-32217,cpe:2.3:o:microsoft:windows_server_2025:10.0.26100.4946:*:*:*:*:*:x64:*,All Other Vulnerabilities,No confirmed exploitation or public exploit code identified.,5.5,0.0042,0.3499,False,False,unproven,,,,,,False,False,False,None,Insertion of sensitive information into log file in Windows Kernel allows an authorized attacker to disclose information locally.
CVE-2026-32084,cpe:2.3:o:microsoft:windows_server_2025:10.0.26100.4946:*:*:*:*:*:x64:*,All Other Vulnerabilities,No confirmed exploitation or public exploit code identified.,5.5,0.00353,0.28324,False,False,unproven,,,,,,False,False,False,None,Exposure of sensitive information to an unauthorized actor in Windows File Explorer allows an authorized attacker to disclose information locally.
CVE-2026-50352,cpe:2.3:o:microsoft:windows_server_2025:10.0.26100.4946:*:*:*:*:*:x64:*,All Other Vulnerabilities,No confirmed exploitation or public exploit code identified.,5.5,0.00458,0.37914,False,False,unproven,,,,,,False,False,False,None,Exposure of sensitive information to an unauthorized actor in Windows Cryptographic Services allows an authorized attacker to disclose information locally.
CVE-2026-61933,cpe:2.3:o:microsoft:windows_server_2025:10.0.26100.4946:*:*:*:*:*:x64:*,All Other Vulnerabilities,No confirmed exploitation or public exploit code identified.,5.5,0.00387,0.31881,False,False,unproven,,,,,,False,False,False,None,Out-of-bounds read in Windows DWM Core Library allows an authorized attacker to disclose information locally.
CVE-2026-27931,cpe:2.3:o:microsoft:windows_server_2025:10.0.26100.4946:*:*:*:*:*:x64:*,All Other Vulnerabilities,No confirmed exploitation or public exploit code identified.,5.5,0.00489,0.39893,False,False,unproven,,,,,,False,False,False,None,Out-of-bounds read in Windows GDI allows an unauthorized attacker to disclose information locally.
CVE-2026-45595,cpe:2.3:o:microsoft:windows_server_2025:10.0.26100.4946:*:*:*:*:*:x64:*,All Other Vulnerabilities,No confirmed exploitation or public exploit code identified.,5.4,0.00423,0.35258,False,False,unproven,,,,,,False,False,False,None,Protection mechanism failure in Windows Mark of the Web (MOTW) allows an unauthorized attacker to bypass a security feature over a network.
CVE-2026-35423,cpe:2.3:o:microsoft:windows_server_2025:10.0.26100.4946:*:*:*:*:*:x64:*,All Other Vulnerabilities,No confirmed exploitation or public exploit code identified.,5.4,0.00747,0.5184,False,False,unproven,,,,,,False,False,False,None,Out-of-bounds read in Telnet Client allows an unauthorized attacker to disclose information over a network.
CVE-2026-62757,cpe:2.3:o:microsoft:windows_server_2025:10.0.26100.4946:*:*:*:*:*:x64:*,All Other Vulnerabilities,No confirmed exploitation or public exploit code identified.,5.3,0.00255,0.17199,False,False,unproven,,,,,,False,False,False,None,Improper verification of cryptographic signature in Windows Schannel allows an unauthorized attacker to bypass a security feature over a network.
CVE-2026-20927,cpe:2.3:o:microsoft:windows_server_2025:10.0.26100.4946:*:*:*:*:*:x64:*,All Other Vulnerabilities,No confirmed exploitation or public exploit code identified.,5.3,0.00927,0.57515,False,False,unproven,,,,,,False,False,False,None,Concurrent execution using shared resource with improper synchronization ('race condition') in Windows SMB Server allows an authorized attacker to deny service over a network.
CVE-2026-50432,cpe:2.3:o:microsoft:windows_server_2025:10.0.26100.4946:*:*:*:*:*:x64:*,All Other Vulnerabilities,No confirmed exploitation or public exploit code identified.,5.3,0.00662,0.48687,False,False,unproven,,,,,,False,False,False,None,Use after free in Windows Virtual Filtering Platform (VFP) allows an authorized attacker to deny service over a network.
CVE-2025-62567,cpe:2.3:o:microsoft:windows_server_2025:10.0.26100.4946:*:*:*:*:*:x64:*,All Other Vulnerabilities,No confirmed exploitation or public exploit code identified.,5.3,0.01008,0.6015,False,False,unproven,,,,,,False,False,False,None,Integer underflow (wrap or wraparound) in Windows Hyper-V allows an authorized attacker to deny service over a network.
CVE-2026-65777,cpe:2.3:o:microsoft:windows_server_2025:10.0.26100.4946:*:*:*:*:*:x64:*,All Other Vulnerabilities,No confirmed exploitation or public exploit code identified.,5.3,0.00288,0.21243,False,False,unproven,,,,,,False,False,False,None,Inadequate encryption strength in Windows Active Directory allows an authorized attacker to bypass a security feature over a network.
CVE-2026-42914,cpe:2.3:o:microsoft:windows_server_2025:10.0.26100.4946:*:*:*:*:*:x64:*,All Other Vulnerabilities,No confirmed exploitation or public exploit code identified.,5.3,0.00794,0.53353,False,False,unproven,,,,,,False,False,False,None,Out-of-bounds read in Windows Kerberos allows an authorized attacker to deny service over a network.
CVE-2026-44806,cpe:2.3:o:microsoft:windows_server_2025:10.0.26100.4946:*:*:*:*:*:x64:*,All Other Vulnerabilities,No confirmed exploitation or public exploit code identified.,5.3,0.00816,0.54082,False,False,unproven,,,,,,False,False,False,None,Missing release of memory after effective lifetime in Windows Cryptographic Services allows an unauthorized attacker to deny service over a network.
CVE-2026-45655,cpe:2.3:o:microsoft:windows_server_2025:10.0.26100.4946:*:*:*:*:*:x64:*,All Other Vulnerabilities,No confirmed exploitation or public exploit code identified.,5.3,0.00413,0.34381,False,False,unproven,,,,,,False,False,False,None,Protection mechanism failure in Windows BitLocker allows an unauthorized attacker to bypass a security feature with a physical attack.
CVE-2026-50415,cpe:2.3:o:microsoft:windows_server_2025:10.0.26100.4946:*:*:*:*:*:x64:*,All Other Vulnerabilities,No confirmed exploitation or public exploit code identified.,5.3,0.00618,0.4671,False,False,unproven,,,,,,False,False,False,None,Exposure of sensitive information to an unauthorized actor in Windows Media allows an unauthorized attacker to disclose information over a network.
CVE-2025-55679,cpe:2.3:o:microsoft:windows_server_2025:10.0.26100.4946:*:*:*:*:*:x64:*,All Other Vulnerabilities,No confirmed exploitation or public exploit code identified.,5.1,0.00429,0.35723,False,False,unproven,,,,,,False,False,False,None,Improper input validation in Windows Kernel allows an unauthorized attacker to disclose information locally.
CVE-2026-50418,cpe:2.3:o:microsoft:windows_server_2025:10.0.26100.4946:*:*:*:*:*:x64:*,All Other Vulnerabilities,No confirmed exploitation or public exploit code identified.,5.1,0.00196,0.09687,False,False,unproven,,,,,,False,False,False,None,Improper access control in Windows System allows an unauthorized attacker to bypass a security feature locally.
CVE-2026-61368,cpe:2.3:o:microsoft:windows_server_2025:10.0.26100.4946:*:*:*:*:*:x64:*,All Other Vulnerabilities,No confirmed exploitation or public exploit code identified.,5.0,0.00372,0.3036,False,False,unproven,,,,,,False,False,False,None,Heap-based buffer overflow in Windows Hyper-V allows an authorized attacker to disclose information locally.
CVE-2025-59198,cpe:2.3:o:microsoft:windows_server_2025:10.0.26100.4946:*:*:*:*:*:x64:*,All Other Vulnerabilities,No confirmed exploitation or public exploit code identified.,5.0,0.00442,0.36764,False,False,unproven,,,,,,False,False,False,None,Improper input validation in Microsoft Windows Search Component allows an authorized attacker to deny service locally.
CVE-2026-0285,cpe:2.3:o:paloaltonetworks:pan-os:11.2.4:h2:*:*:*:*:*:*,All Other Vulnerabilities,No confirmed exploitation or public exploit code identified.,4.9,0.00229,0.13883,False,False,unproven,,,,,,False,False,False,None,"A server-side request forgery (SSRF) vulnerability in Palo Alto Networks PAN-OS software enables an authenticated administrator with network access to the management web interface to make unauthorized requests from the firewall to internal services.



The security risk posed by this issue is minimized when the management interface is restricted to only trusted internal IP addresses according to our recommended  best practice deployment guidelines https://live.paloaltonetworks.com/t5/community-blogs/tips-amp-tricks-how-to-secure-the-management-access-of-your-palo/ba-p/464431 . 

Panorama, Cloud NGFW, and Prisma® Access are not impacted by this vulnerability."
CVE-2026-0256,cpe:2.3:o:paloaltonetworks:pan-os:11.2.4:h2:*:*:*:*:*:*,All Other Vulnerabilities,No confirmed exploitation or public exploit code identified.,4.8,0.00179,0.07702,False,False,unproven,,,,,,False,False,False,None,"A stored cross-site scripting (XSS) vulnerability in Palo Alto Networks PAN-OS® software enables a malicious authenticated administrator to store a JavaScript payload using the web interface.


This issue is applicable to PAN-OS software on PA-Series and VM-Series firewalls and on Panorama (virtual and M-Series).

Cloud NGFW and Prisma® Access are not impacted by this vulnerability."
CVE-2026-0266,cpe:2.3:o:paloaltonetworks:pan-os:11.2.4:h2:*:*:*:*:*:*,All Other Vulnerabilities,No confirmed exploitation or public exploit code identified.,4.8,0.00129,0.02967,False,False,unproven,,,,,,False,False,False,None,"A cross-site scripting (XSS) vulnerability in Palo Alto Networks PAN-OS® software enables a malicious authenticated administrator to store a JavaScript payload using the web interface. 

This issue is applicable to PAN-OS software on PA-Series and VM-Series firewalls and on Panorama (virtual and M-Series).

Cloud NGFW and Prisma® Access are not affected by this vulnerability."
CVE-2026-50684,cpe:2.3:o:microsoft:windows_server_2025:10.0.26100.4946:*:*:*:*:*:x64:*,All Other Vulnerabilities,No confirmed exploitation or public exploit code identified.,4.8,0.00372,0.30342,False,False,unproven,,,,,,False,False,False,None,Improper neutralization of input during web page generation ('cross-site scripting') in Active Directory Federation Services (AD FS) allows an authorized attacker to perform spoofing over a network.
CVE-2025-58719,cpe:2.3:o:microsoft:windows_server_2025:10.0.26100.4946:*:*:*:*:*:x64:*,All Other Vulnerabilities,No confirmed exploitation or public exploit code identified.,4.7,0.00372,0.30321,False,False,unproven,,,,,,False,False,False,None,Use after free in Connected Devices Platform Service (Cdpsvc) allows an authorized attacker to elevate privileges locally.
CVE-2026-49167,cpe:2.3:o:microsoft:windows_server_2025:10.0.26100.4946:*:*:*:*:*:x64:*,All Other Vulnerabilities,No confirmed exploitation or public exploit code identified.,4.7,0.00252,0.16869,False,False,unproven,,,,,,False,False,False,None,Use after free in Windows Kernel allows an authorized attacker to elevate privileges locally.
CVE-2026-50310,cpe:2.3:o:microsoft:windows_server_2025:10.0.26100.4946:*:*:*:*:*:x64:*,All Other Vulnerabilities,No confirmed exploitation or public exploit code identified.,4.7,0.00298,0.22311,False,False,unproven,,,,,,False,False,False,None,Integer overflow or wraparound in Windows Devices Human Interface allows an authorized attacker to disclose information locally.
CVE-2026-50312,cpe:2.3:o:microsoft:windows_server_2025:10.0.26100.4946:*:*:*:*:*:x64:*,All Other Vulnerabilities,No confirmed exploitation or public exploit code identified.,4.7,0.00327,0.25492,False,False,unproven,,,,,,False,False,False,None,Use after free in Windows Ancillary Function Driver for WinSock allows an authorized attacker to elevate privileges locally.
CVE-2026-20928,cpe:2.3:o:microsoft:windows_server_2025:10.0.26100.4946:*:*:*:*:*:x64:*,All Other Vulnerabilities,No confirmed exploitation or public exploit code identified.,4.6,0.0043,0.35816,False,False,unproven,,,,,,False,False,False,None,Improper removal of sensitive information before storage or transfer in Windows Recovery Environment Agent allows an unauthorized attacker to bypass a security feature with a physical attack.
CVE-2026-61350,cpe:2.3:o:microsoft:windows_server_2025:10.0.26100.4946:*:*:*:*:*:x64:*,All Other Vulnerabilities,No confirmed exploitation or public exploit code identified.,4.6,0.00449,0.37288,False,False,unproven,,,,,,False,False,False,None,Buffer over-read in Windows NTFS allows an unauthorized attacker to disclose information with a physical attack.
CVE-2026-49794,cpe:2.3:o:microsoft:windows_server_2025:10.0.26100.4946:*:*:*:*:*:x64:*,All Other Vulnerabilities,No confirmed exploitation or public exploit code identified.,4.6,0.00346,0.27608,False,False,unproven,,,,,,False,False,False,None,Out-of-bounds read in Windows USB Audio Class driver (usbaudio.sys) allows an unauthorized attacker to disclose information with a physical attack.
CVE-2026-20834,cpe:2.3:o:microsoft:windows_server_2025:10.0.26100.4946:*:*:*:*:*:x64:*,All Other Vulnerabilities,No confirmed exploitation or public exploit code identified.,4.6,0.0074,0.51581,False,False,unproven,,,,,,False,False,False,None,Absolute path traversal in Windows Shell allows an unauthorized attacker to perform spoofing with a physical attack.
CVE-2026-20828,cpe:2.3:o:microsoft:windows_server_2025:10.0.26100.4946:*:*:*:*:*:x64:*,All Other Vulnerabilities,No confirmed exploitation or public exploit code identified.,4.6,0.00644,0.47901,False,False,unproven,,,,,,False,False,False,None,Out-of-bounds read in Windows Internet Connection Sharing (ICS) allows an unauthorized attacker to disclose information with a physical attack.
CVE-2026-26175,cpe:2.3:o:microsoft:windows_server_2025:10.0.26100.4946:*:*:*:*:*:x64:*,All Other Vulnerabilities,No confirmed exploitation or public exploit code identified.,4.6,0.00395,0.3269,False,False,unproven,,,,,,False,False,False,None,Use of uninitialized resource in Windows Boot Manager allows an unauthorized attacker to bypass a security feature with a physical attack.
CVE-2026-50485,cpe:2.3:o:microsoft:windows_server_2025:10.0.26100.4946:*:*:*:*:*:x64:*,All Other Vulnerabilities,No confirmed exploitation or public exploit code identified.,4.5,0.00426,0.35499,False,False,unproven,,,,,,False,False,False,None,Buffer over-read in Windows Hyper-V allows an authorized attacker to deny service over an adjacent network.
CVE-2026-32220,cpe:2.3:o:microsoft:windows_server_2025:10.0.26100.4946:*:*:*:*:*:x64:*,All Other Vulnerabilities,No confirmed exploitation or public exploit code identified.,4.4,0.00288,0.21241,False,False,unproven,,,,,,False,False,False,None,Improper access control in Windows Virtualization-Based Security (VBS) Enclave allows an authorized attacker to bypass a security feature locally.
CVE-2026-32209,cpe:2.3:o:microsoft:windows_server_2025:10.0.26100.4946:*:*:*:*:*:x64:*,All Other Vulnerabilities,No confirmed exploitation or public exploit code identified.,4.4,0.00204,0.10688,False,False,unproven,,,,,,False,False,False,None,Improper access control in Windows Filtering Platform (WFP) allows an authorized attacker to bypass a security feature locally.
CVE-2026-20962,cpe:2.3:o:microsoft:windows_server_2025:10.0.26100.4946:*:*:*:*:*:x64:*,All Other Vulnerabilities,No confirmed exploitation or public exploit code identified.,4.4,0.00415,0.34571,False,False,unproven,,,,,,False,False,False,None,Use of uninitialized resource in Dynamic Root of Trust for Measurement (DRTM) allows an authorized attacker to disclose information locally.
CVE-2026-20825,cpe:2.3:o:microsoft:windows_server_2025:10.0.26100.4946:*:*:*:*:*:x64:*,All Other Vulnerabilities,No confirmed exploitation or public exploit code identified.,4.4,0.00533,0.42499,False,False,unproven,,,,,,False,False,False,None,Improper access control in Windows Hyper-V allows an authorized attacker to disclose information locally.
CVE-2025-54917,cpe:2.3:o:microsoft:windows_server_2025:10.0.26100.4946:*:*:*:*:*:x64:*,All Other Vulnerabilities,No confirmed exploitation or public exploit code identified.,4.3,0.00903,0.56773,False,False,unproven,,,,,,False,False,False,None,Protection mechanism failure in Windows MapUrlToZone allows an unauthorized attacker to bypass a security feature over a network.
CVE-2025-54107,cpe:2.3:o:microsoft:windows_server_2025:10.0.26100.4946:*:*:*:*:*:x64:*,All Other Vulnerabilities,No confirmed exploitation or public exploit code identified.,4.3,0.00916,0.57213,False,False,unproven,,,,,,False,False,False,None,Improper resolution of path equivalence in Windows MapUrlToZone allows an unauthorized attacker to bypass a security feature over a network.
CVE-2026-20936,cpe:2.3:o:microsoft:windows_server_2025:10.0.26100.4946:*:*:*:*:*:x64:*,All Other Vulnerabilities,No confirmed exploitation or public exploit code identified.,4.3,0.00459,0.37965,False,False,unproven,,,,,,False,False,False,None,Out-of-bounds read in Windows NDIS allows an authorized attacker to disclose information with a physical attack.
CVE-2026-50302,cpe:2.3:o:microsoft:windows_server_2025:10.0.26100.4946:*:*:*:*:*:x64:*,All Other Vulnerabilities,No confirmed exploitation or public exploit code identified.,4.2,0.00236,0.14833,False,False,unproven,,,,,,False,False,False,None,Improper certificate validation in Windows Cryptographic Services allows an unauthorized attacker to bypass a security feature over a network.
CVE-2026-45642,cpe:2.3:o:microsoft:windows_server_2025:10.0.26100.4946:*:*:*:*:*:x64:*,All Other Vulnerabilities,No confirmed exploitation or public exploit code identified.,3.9,0.00319,0.24689,False,False,unproven,,,,,,False,False,False,None,Improper input validation in Microsoft Azure Attestation service and Device Health Attestation Service allows an authorized attacker to perform spoofing with a physical attack.
CVE-2026-21249,cpe:2.3:o:microsoft:windows_server_2025:10.0.26100.4946:*:*:*:*:*:x64:*,All Other Vulnerabilities,No confirmed exploitation or public exploit code identified.,3.3,0.10738,0.95437,False,False,unproven,,,,,,False,False,False,None,External control of file name or path in Windows NTLM allows an unauthorized attacker to perform spoofing locally.
CVE-2026-50419,cpe:2.3:o:microsoft:windows_server_2025:10.0.26100.4946:*:*:*:*:*:x64:*,All Other Vulnerabilities,No confirmed exploitation or public exploit code identified.,3.3,0.00338,0.26708,False,False,unproven,,,,,,False,False,False,None,Exposure of sensitive information to an unauthorized actor in Windows Kernel allows an authorized attacker to disclose information locally.
CVE-2025-59280,cpe:2.3:o:microsoft:windows_server_2025:10.0.26100.4946:*:*:*:*:*:x64:*,All Other Vulnerabilities,No confirmed exploitation or public exploit code identified.,3.1,0.00427,0.35603,False,False,unproven,,,,,,False,False,False,None,Improper authentication in Windows SMB Client allows an unauthorized attacker to perform tampering over a network.
CVE-2020-2035,cpe:2.3:o:paloaltonetworks:pan-os:11.2.4:h2:*:*:*:*:*:*,All Other Vulnerabilities,No confirmed exploitation or public exploit code identified.,3.0,0.0078,0.52908,False,False,unproven,,,,,,False,False,False,None,"When SSL/TLS Forward Proxy Decryption mode has been configured to decrypt the web transactions, the PAN-OS URL filtering feature inspects the HTTP Host and URL path headers for policy enforcement on the decrypted HTTPS web transactions but does not consider Server Name Indication (SNI) field within the TLS Client Hello handshake. This allows a compromised host in a protected network to evade any security policy that uses URL filtering on a firewall configured with SSL Decryption in the Forward Proxy mode. A malicious actor can then use this technique to evade detection of communication on the TLS handshake phase between a compromised host and a remote malicious server. This technique does not increase the risk of a host being compromised in the network. It does not impact the confidentiality or availability of a firewall. This is considered to have a low impact on the integrity of the firewall because the firewall fails to enforce a policy on certain traffic that should have been blocked. This issue does not impact the URL filtering policy enforcement on clear text or encrypted web transactions. This technique can be used only after a malicious actor has compromised a host in the protected network and the TLS/SSL Decryption feature is enabled for the traffic that the attacker controls. Palo Alto Networks is not aware of any malware that uses this technique to exfiltrate data. This issue is applicable to all current versions of PAN-OS. This issue does not impact Panorama or WF-500 appliances."
CVE-2025-4614,cpe:2.3:o:paloaltonetworks:pan-os:11.2.4:h2:*:*:*:*:*:*,All Other Vulnerabilities,No confirmed exploitation or public exploit code identified.,2.7,0.00225,0.13335,False,False,unproven,,,,,,False,False,False,None,"An information disclosure vulnerability in Palo Alto Networks PAN-OS® software enables an authenticated administrator to view session tokens of users authenticated to the firewall web UI. This may allow impersonation of users whose session tokens are leaked.  

The security risk posed by this issue is significantly minimized when CLI access is restricted to a limited group of administrators.

Cloud NGFW and Prisma® Access are not affected by this vulnerability."
CVE-2025-59294,cpe:2.3:o:microsoft:windows_server_2025:10.0.26100.4946:*:*:*:*:*:x64:*,All Other Vulnerabilities,No confirmed exploitation or public exploit code identified.,2.1,0.00591,0.45465,False,False,unproven,,,,,,False,False,False,None,Exposure of sensitive information to an unauthorized actor in Windows Taskbar Live allows an unauthorized attacker to disclose information with a physical attack.
CVE-2025-0125,cpe:2.3:o:paloaltonetworks:pan-os:11.2.4:h2:*:*:*:*:*:*,All Other Vulnerabilities,No confirmed exploitation or public exploit code identified.,,0.00398,0.32993,False,False,unproven,,,,,,False,False,False,None,"An improper input neutralization vulnerability in the management web interface of the Palo Alto Networks PAN-OS® software enables a malicious authenticated read-write administrator to impersonate another legitimate authenticated PAN-OS administrator.


The attacker must have network access to the management web interface to exploit this issue. You greatly reduce the risk of this issue by restricting access to the management web interface to only trusted internal IP addresses according to our recommended  critical deployment guidelines https://live.paloaltonetworks.com/t5/community-blogs/tips-amp-tricks-how-to-secure-the-management-access-of-your-palo/ba-p/464431 .

This issue does not affect Cloud NGFW and all Prisma® Access instances."
CVE-2025-0123,cpe:2.3:o:paloaltonetworks:pan-os:11.2.4:h2:*:*:*:*:*:*,All Other Vulnerabilities,No confirmed exploitation or public exploit code identified.,,0.00115,0.01775,False,False,unproven,,,,,,False,False,False,None,"A vulnerability in the Palo Alto Networks PAN-OS® software enables unlicensed administrators to view clear-text data captured using the  packet capture feature https://docs.paloaltonetworks.com/pan-os/11-0/pan-os-admin/monitoring/take-packet-captures/take-a-custom-packet-capture  in decrypted HTTP/2 data streams traversing network interfaces on the firewall. HTTP/1.1 data streams are not impacted.

In normal conditions, decrypted packet captures are available to firewall administrators after they obtain and install a free Decryption Port Mirror license. The license requirement ensures that this feature can only be used after approved personnel purposefully activate the license. For more information, review how to  configure decryption port mirroring https://docs.paloaltonetworks.com/network-security/decryption/administration/monitoring-decryption/configure-decryption-port-mirroring .

The administrator must obtain network access to the management interface (web, SSH, console, or telnet) and successfully authenticate to exploit this issue. Risk of this issue can be greatly reduced by restricting access to the management interface to only trusted administrators and from only internal IP addresses according to our recommended  critical deployment guidelines https://live.paloaltonetworks.com/t5/community-blogs/tips-amp-tricks-how-to-secure-the-management-access-of-your-palo/ba-p/464431 .

Customer firewall administrators do not have access to the packet capture feature in Cloud NGFW. This feature is available only to authorized Palo Alto Networks personnel permitted to perform troubleshooting.

Prisma® Access is not impacted by this vulnerability."
CVE-2025-0109,cpe:2.3:o:paloaltonetworks:pan-os:11.2.4:h2:*:*:*:*:*:*,All Other Vulnerabilities,No confirmed exploitation or public exploit code identified.,,0.00618,0.46708,False,False,unproven,,,,,,False,False,False,None,"An unauthenticated file deletion vulnerability in the Palo Alto Networks PAN-OS management web interface enables an unauthenticated attacker with network access to the management web interface to delete certain files as the “nobody” user; this includes limited logs and configuration files but does not include system files.


You can greatly reduce the risk of this issue by restricting access to the management web interface to only trusted internal IP addresses according to our recommended  best practices deployment guidelines https://live.paloaltonetworks.com/t5/community-blogs/tips-amp-tricks-how-to-secure-the-management-access-of-your-palo/ba-p/464431 .

This issue does not affect Cloud NGFW or Prisma Access software."
CVE-2025-0137,cpe:2.3:o:paloaltonetworks:pan-os:11.2.4:h2:*:*:*:*:*:*,All Other Vulnerabilities,No confirmed exploitation or public exploit code identified.,,0.00403,0.33578,False,False,unproven,,,,,,False,False,False,None,"An improper input neutralization vulnerability in the management web interface of the Palo Alto Networks PAN-OS® software enables a malicious authenticated read-write administrator to impersonate another legitimate authenticated PAN-OS administrator.


The attacker must have network access to the management web interface to exploit this issue. You greatly reduce the risk of this issue by restricting access to the management web interface to only trusted internal IP addresses according to our recommended  critical deployment guidelines https://live.paloaltonetworks.com/t5/community-blogs/tips-amp-tricks-how-to-secure-the-management-access-of-your-palo/ba-p/464431 ."
CVE-2025-0116,cpe:2.3:o:paloaltonetworks:pan-os:11.2.4:h2:*:*:*:*:*:*,All Other Vulnerabilities,No confirmed exploitation or public exploit code identified.,,0.00231,0.1413,False,False,unproven,,,,,,False,False,False,None,"A Denial of Service (DoS) vulnerability in Palo Alto Networks PAN-OS software causes the firewall to unexpectedly reboot when processing a specially crafted LLDP frame sent by an unauthenticated adjacent attacker. Repeated attempts to initiate this condition causes the firewall to enter maintenance mode.

This issue does not apply to Cloud NGFWs or Prisma Access software."
